Armscode,Mcode,Description
280033660000,9036215,ESS CAP JR -NO.1
280033660001,4.0595E+12,ESS CAP JR -NO.1 - BLACK - YOUTH
280033660003,9.03622E+11,ESS CAP JR -NO.1 - BLACK - YOUTH
280020730000,9058718,ESS CAP
280020730001,4.06453E+12,ESS CAP - BLKGD - N/A
280168780000,9066816,ASICS TRAIL SCOUT 2
280168780001,4.55033E+12,TRAIL SCOUT 2 - BLKWH - 8
280168780002,4.55033E+12,TRAIL SCOUT 2 - BLKWH - 8.5
280168780003,4.55033E+12,TRAIL SCOUT 2 - BLKWH - 9
280168780004,4.55033E+12,TRAIL SCOUT 2 - BLKWH - 9.5
280168780005,4.55033E+12,TRAIL SCOUT 2 - BLKWH - 10
280168780006,4.55033E+12,TRAIL SCOUT 2 - BLKWH - 11
280168780007,4.55033E+12,TRAIL SCOUT 2 - BLKWH - 12
280168780008,4.55033E+12,TRAIL SCOUT 2 - BLKWH - 13
280168780009,4.55033E+12,TRAIL SCOUT 2 - BLKWH - 14
280168780010,4.55033E+12,TRAIL SCOUT 2 - BLKWH - 15
280168790000,9072010,ASICS TRAIL SCOUT 2
280168790001,4.55033E+12,TRAIL SCOUT 2 - BLKGY - 15
280168790002,4.55033E+12,TRAIL SCOUT 2 - BLKGY - 14
280168790003,4.55033E+12,TRAIL SCOUT 2 - BLKGY - 13
280168790004,4.55033E+12,TRAIL SCOUT 2 - BLKGY - 12
280168790005,4.55033E+12,TRAIL SCOUT 2 - BLKGY - 11
280168790006,4.55033E+12,TRAIL SCOUT 2 - BLKGY - 10.5
280168790007,4.55033E+12,TRAIL SCOUT 2 - BLKGY - 10
280168790008,4.55033E+12,TRAIL SCOUT 2 - BLKGY - 9.5
280168790009,4.55033E+12,TRAIL SCOUT 2 - BLKGY - 9
280168790010,4.55033E+12,TRAIL SCOUT 2 - BLKGY - 8.5
280168790011,4.55033E+12,TRAIL SCOUT 2 - BLKGY - 8
280168790012,4.55033E+12,TRAIL SCOUT 2 - BLKGY - 7.5
280168790013,4.55033E+12,TRAIL SCOUT 2 - BLKGY - 7
280168790014,4.55033E+12,TRAIL SCOUT 2 - BLKGY - 6.5
280168790015,4.55033E+12,TRAIL SCOUT 2 - BLKGY - 6
280168800000,9060558,ASICS TRAIL SCOUT 2
280168800001,4.55033E+12,TRAIL SCOUT 2 - BLKGR - 8
280168800002,4.55033E+12,TRAIL SCOUT 2 - BLKGR - 8.5
280168800003,4.55033E+12,TRAIL SCOUT 2 - BLKGR - 9
280168800004,4.55033E+12,TRAIL SCOUT 2 - BLKGR - 9.5
280168800005,4.55033E+12,TRAIL SCOUT 2 - BLKGR - 10
280168800006,4.55033E+12,TRAIL SCOUT 2 - BLKGR - 11
280168800007,4.55033E+12,TRAIL SCOUT 2 - BLKGR - 12
280168800008,4.55033E+12,TRAIL SCOUT 2 - BLKGR - 13
280168800009,4.55033E+12,TRAIL SCOUT 2 - BLKGR - 14
280168800010,4.55033E+12,TRAIL SCOUT 2 - BLKGR - 15
280168800011,4.55033E+12,TRAIL SCOUT 2 - BLKGR - 7
280168800012,4.55033E+12,TRAIL SCOUT 2 - BLKGR - 7.5
280168810000,9067054,ASICS TRAIL SCOUT 2
280168810001,4.55046E+12,TRAIL SCOUT 2 - BLKOR - 6
280168810002,4.55046E+12,TRAIL SCOUT 2 - BLKOR - 6.5
280168810003,4.55046E+12,TRAIL SCOUT 2 - BLKOR - 7
280168810004,4.55046E+12,TRAIL SCOUT 2 - BLKOR - 7.5
280168810005,4.55046E+12,TRAIL SCOUT 2 - BLKOR - 8
280168810006,4.55046E+12,TRAIL SCOUT 2 - BLKOR - 8.5
280168810007,4.55046E+12,TRAIL SCOUT 2 - BLKOR - 9
280168810008,4.55046E+12,TRAIL SCOUT 2 - BLKOR - 9.5
280168810009,4.55046E+12,TRAIL SCOUT 2 - BLKOR - 10
280168810010,4.55046E+12,TRAIL SCOUT 2 - BLKOR - 11
280168810011,4.55046E+12,TRAIL SCOUT 2 - BLKOR - 12
280168810012,4.55046E+12,TRAIL SCOUT 2 - BLKOR - 13
280168810013,4.55046E+12,TRAIL SCOUT 2 - BLKOR - 14
280168810014,4.55046E+12,TRAIL SCOUT 2 - BLKOR - 15
280168820000,9068526,ASICS TRAIL SCOUT 2
280168820001,4.55046E+12,TRAIL SCOUT 2 - BLKYL - 15
280168820002,4.55046E+12,TRAIL SCOUT 2 - BLKYL - 14
280168820003,4.55046E+12,TRAIL SCOUT 2 - BLKYL - 13
280168820004,4.55046E+12,TRAIL SCOUT 2 - BLKYL - 12
280168820005,4.55046E+12,TRAIL SCOUT 2 - BLKYL - 11
280168820006,4.55046E+12,TRAIL SCOUT 2 - BLKYL - 10
280168820007,4.55046E+12,TRAIL SCOUT 2 - BLKYL - 9.5
280168820008,4.55046E+12,TRAIL SCOUT 2 - BLKYL - 9
280168820009,4.55046E+12,TRAIL SCOUT 2 - BLKYL - 8.5
280168820010,4.55046E+12,TRAIL SCOUT 2 - BLKYL - 8
280168820011,4.55046E+12,TRAIL SCOUT 2 - BLKYL - 7.5
280168830000,9074067,ASICS TRAIL SCOUT 2
280168830001,4.55046E+12,ASICS TRAIL SCOUT 2 - GRYRD - 6
280168830002,4.55046E+12,ASICS TRAIL SCOUT 2 - GRYRD - 6.5
280168830003,4.55046E+12,ASICS TRAIL SCOUT 2 - GRYRD - 7
280168830004,4.55046E+12,ASICS TRAIL SCOUT 2 - GRYRD - 7.5
280168830005,4.55046E+12,ASICS TRAIL SCOUT 2 - GRYRD - 8
280168830006,4.55046E+12,ASICS TRAIL SCOUT 2 - GRYRD - 8.5
280168830007,4.55046E+12,ASICS TRAIL SCOUT 2 - GRYRD - 9
280168830008,4.55046E+12,ASICS TRAIL SCOUT 2 - GRYRD - 9.5
280168830009,4.55046E+12,ASICS TRAIL SCOUT 2 - GRYRD - 10
280168830010,4.55046E+12,ASICS TRAIL SCOUT 2 - GRYRD - 10.5
280168830011,4.55046E+12,ASICS TRAIL SCOUT 2 - GRYRD - 11
280168830012,4.55046E+12,ASICS TRAIL SCOUT 2 - GRYRD - 12
280168830013,4.55046E+12,ASICS TRAIL SCOUT 2 - GRYRD - 13
280168830014,4.55046E+12,ASICS TRAIL SCOUT 2 - GRYRD - 14
280168830015,4.55046E+12,ASICS TRAIL SCOUT 2 - GRYRD - 15
280168850000,9062027,ASICS TRAIL SCOUT 2
280168850001,4.55046E+12,TRAIL SCOUT 2 - BLUGR - 8
280168850002,4.55046E+12,TRAIL SCOUT 2 - BLUGR - 8.5
280168850003,4.55046E+12,TRAIL SCOUT 2 - BLUGR - 9
280168850004,4.55046E+12,TRAIL SCOUT 2 - BLUGR - 9.5
280168850005,4.55046E+12,TRAIL SCOUT 2 - BLUGR - 10
280168850006,4.55046E+12,TRAIL SCOUT 2 - BLUGR - 11
280168850007,4.55046E+12,TRAIL SCOUT 2 - BLUGR - 12
280168850008,4.55046E+12,TRAIL SCOUT 2 - BLUGR - 13
280168850009,4.55046E+12,TRAIL SCOUT 2 - BLUGR - 14
280168850010,4.55046E+12,TRAIL SCOUT 2 - BLUGR - 15
280168860000,9071067,ASICS TRAIL SCOUT 2
280168860001,4.55046E+12,TRAIL SCOUT 2 - BLUPH - 6
280168860002,4.55046E+12,TRAIL SCOUT 2 - BLUPH - 6.5
280168860003,4.55046E+12,TRAIL SCOUT 2 - BLUPH - 7
280168860004,4.55046E+12,TRAIL SCOUT 2 - BLUPH - 7.5
280168860005,4.55046E+12,TRAIL SCOUT 2 - BLUPH - 8
280168860006,4.55046E+12,TRAIL SCOUT 2 - BLUPH - 8.5
280168860007,4.55046E+12,TRAIL SCOUT 2 - BLUPH - 9
280168860008,4.55046E+12,TRAIL SCOUT 2 - BLUPH - 9.5
280168860009,4.55046E+12,TRAIL SCOUT 2 - BLUPH - 10
280168860010,4.55046E+12,TRAIL SCOUT 2 - BLUPH - 11
280168860011,4.55046E+12,TRAIL SCOUT 2 - BLUPH - 12
280168860012,4.55046E+12,TRAIL SCOUT 2 - BLUPH - 13
280168860013,4.55046E+12,TRAIL SCOUT 2 - BLUPH - 14
280168860014,4.55046E+12,TRAIL SCOUT 2 - BLUPH - 15
280168870000,9074542,ASICS TRAIL SCOUT 2
280168870001,9.07454E+11,ASICS TRAIL SCOUT 2 - BLUPH - 13
280168870002,4.55046E+12,ASICS TRAIL SCOUT 2 - BLUPH - 6
280168870003,4.55046E+12,ASICS TRAIL SCOUT 2 - BLUPH - 6.5
280168870004,4.55046E+12,ASICS TRAIL SCOUT 2 - BLUPH - 7
280168870005,4.55046E+12,ASICS TRAIL SCOUT 2 - BLUPH - 7.5
280168870006,4.55046E+12,ASICS TRAIL SCOUT 2 - BLUPH - 8
280168870007,4.55046E+12,ASICS TRAIL SCOUT 2 - BLUPH - 8.5
280168870008,4.55046E+12,ASICS TRAIL SCOUT 2 - BLUPH - 9
280168870009,4.55046E+12,ASICS TRAIL SCOUT 2 - BLUPH - 9.5
280168870010,4.55046E+12,ASICS TRAIL SCOUT 2 - BLUPH - 10
280168870011,4.55046E+12,ASICS TRAIL SCOUT 2 - BLUPH - 10.5
280168870012,4.55046E+12,ASICS TRAIL SCOUT 2 - BLUPH - 11
280168870013,4.55046E+12,ASICS TRAIL SCOUT 2 - BLUPH - 12
280168870014,4.55046E+12,ASICS TRAIL SCOUT 2 - BLUPH - 14
280168870015,4.55046E+12,ASICS TRAIL SCOUT 2 - BLUPH - 14
280168870016,4.55046E+12,ASICS TRAIL SCOUT 2 - BLUPH - 15
280168880000,9059897,ASICS TRAIL SCOUT 2
280168880001,4.55033E+12,TRAIL SCOUT 2 - PUROR - 15
280168880002,4.55033E+12,TRAIL SCOUT 2 - PUROR - 14
280168880003,4.55033E+12,TRAIL SCOUT 2 - PUROR - 13
280168880004,4.55033E+12,TRAIL SCOUT 2 - PUROR - 12
280168880005,4.55033E+12,TRAIL SCOUT 2 - PUROR - 11
280168880006,4.55033E+12,TRAIL SCOUT 2 - PUROR - 10
280168880007,4.55033E+12,TRAIL SCOUT 2 - PUROR - 9.5
280168880008,4.55033E+12,TRAIL SCOUT 2 - PUROR - 9
280168880009,4.55033E+12,TRAIL SCOUT 2 - PUROR - 8.5
280168880010,4.55033E+12,TRAIL SCOUT 2 - PUROR - 8
280168880011,4.55033E+12,TRAIL SCOUT 2 - PUROR - 10.5
280168880012,4.55033E+12,TRAIL SCOUT 2 - PUROR - 7.5
280168880013,4.55033E+12,TRAIL SCOUT 2 - PUROR - 7
280170790000,9066815,ASICS TRAIL SCOUT 2
280170790001,4.55033E+12,TRAIL SCOUT 2 - BLKPK - 6.5
280170790002,4.55033E+12,TRAIL SCOUT 2 - BLKPK - 7
280170790003,4.55033E+12,TRAIL SCOUT 2 - BLKPK - 7.5
280170790004,4.55033E+12,TRAIL SCOUT 2 - BLKPK - 8
280170790005,4.55033E+12,TRAIL SCOUT 2 - BLKPK - 8.5
280170790006,4.55033E+12,TRAIL SCOUT 2 - BLKPK - 9
280170800000,9060559,ASICS TRAIL SCOUT 2
280170800001,4.55033E+12,TRAIL SCOUT 2 - BLKRD - 6.5
280170800002,4.55033E+12,TRAIL SCOUT 2 - BLKRD - 7
280170800003,4.55033E+12,TRAIL SCOUT 2 - BLKRD - 7.5
280170800004,4.55033E+12,TRAIL SCOUT 2 - BLKRD - 8
280170800005,4.55033E+12,TRAIL SCOUT 2 - BLKRD - 8.5
280170800006,4.55033E+12,TRAIL SCOUT 2 - BLKRD - 9
280170810000,9060004,ASICS TRAIL SCOUT 2
280170810001,4.55033E+12,TRAIL SCOUT 2 - BLKGR - 6.5
280170810002,4.55033E+12,TRAIL SCOUT 2 - BLKGR - 7
280170810003,4.55033E+12,TRAIL SCOUT 2 - BLKGR - 7.5
280170810004,4.55033E+12,TRAIL SCOUT 2 - BLKGR - 8
280170810005,4.55033E+12,TRAIL SCOUT 2 - BLKGR - 8.5
280170810006,4.55033E+12,TRAIL SCOUT 2 - BLKGR - 9
280170820000,9062028,ASICS TRAIL SCOUT 2
280170820001,4.55046E+12,TRAIL SCOUT 2 - BLKBL - 6.5
280170820002,4.55046E+12,TRAIL SCOUT 2 - BLKBL - 7
280170820003,4.55046E+12,TRAIL SCOUT 2 - BLKBL - 7.5
280170820004,4.55046E+12,TRAIL SCOUT 2 - BLKBL - 8
280170820005,4.55046E+12,TRAIL SCOUT 2 - BLKBL - 8.5
280170820006,4.55046E+12,TRAIL SCOUT 2 - BLKBL - 9
280170820007,4.55046E+12,TRAIL SCOUT 2 - BLKBL - 9.5
280170820008,4.55046E+12,TRAIL SCOUT 2 - BLKBL - 10
280170820009,4.55046E+12,TRAIL SCOUT 2 - BLKBL - 10.5
280170820010,4.55046E+12,TRAIL SCOUT 2 - BLKBL - 11
280170820011,4.55046E+12,TRAIL SCOUT 2 - BLKBL - 11.5
280170820012,4.55046E+12,TRAIL SCOUT 2 - BLKBL - 12
280170830000,9068310,ASICS TRAIL SCOUT 2
280170830001,4.55046E+12,TRAIL SCOUT 2 - BLKPU - 6
280170830002,4.55046E+12,TRAIL SCOUT 2 - BLKPU - 6.5
280170830003,4.55046E+12,TRAIL SCOUT 2 - BLKPU - 7
280170830004,4.55046E+12,TRAIL SCOUT 2 - BLKPU - 7.5
280170830005,4.55046E+12,TRAIL SCOUT 2 - BLKPU - 8
280170830006,4.55046E+12,TRAIL SCOUT 2 - BLKPU - 8.5
280170830007,4.55046E+12,TRAIL SCOUT 2 - BLKPU - 9
280170830008,4.55046E+12,TRAIL SCOUT 2 - BLKPU - 9.5
280170830009,4.55046E+12,TRAIL SCOUT 2 - BLKPU - 10
280170840000,9067044,ASICS  TRAIL SCOUT 2
280170840001,4.55046E+12,TRAIL SCOUT 2 - BLUBK - 7.5
280170840002,4.55046E+12,TRAIL SCOUT 2 - BLUBK - 8
280170840003,4.55046E+12,TRAIL SCOUT 2 - BLUBK - 8.5
280170840004,4.55046E+12,TRAIL SCOUT 2 - BLUBK - 9
280170860000,9071068,ASICS TRAIL SCOUT 2
280170860001,4.55046E+12,TRAIL SCOUT 2 - BLUPK - 6
280170860002,4.55046E+12,TRAIL SCOUT 2 - BLUPK - 6.5
280170860003,4.55046E+12,TRAIL SCOUT 2 - BLUPK - 7
280170860004,4.55046E+12,TRAIL SCOUT 2 - BLUPK - 7.5
280170860005,4.55046E+12,TRAIL SCOUT 2 - BLUPK - 8
280170860006,4.55046E+12,TRAIL SCOUT 2 - BLUPK - 8.5
280170860007,4.55046E+12,TRAIL SCOUT 2 - BLUPK - 9
280170860008,4.55046E+12,TRAIL SCOUT 2 - BLUPK - 9.5
280170860009,4.55046E+12,TRAIL SCOUT 2 - BLUPK - 10
280170860010,4.55046E+12,TRAIL SCOUT 2 - BLUPK - 10.5
280170860011,4.55046E+12,TRAIL SCOUT 2 - BLUPK - 11
280173140000,9065331,ASICS UPCOURT 5
280173140001,4.55046E+12,UPCOURT 5 - BLKWH - 7.5
280173140002,4.55046E+12,UPCOURT 5 - BLKWH - 8
280173140003,4.55046E+12,UPCOURT 5 - BLKWH - 8.5
280173140004,4.55046E+12,UPCOURT 5 - BLKWH - 9
280173140005,4.55046E+12,UPCOURT 5 - BLKWH - 9.5
280173140006,4.55046E+12,UPCOURT 5 - BLKWH - 10
280173140007,4.55046E+12,UPCOURT 5 - BLKWH - 10.5
280173140008,4.55046E+12,UPCOURT 5 - BLKWH - 11
280173150000,9074346,ASICS UPCOURT 5
280173150001,4.55046E+12,ASICS UPCOURT 5 - BLKRD - 11
280173150002,4.55046E+12,ASICS UPCOURT 5 - BLKRD - 10.5
280173150003,4.55046E+12,ASICS UPCOURT 5 - BLKRD - 10
280173150004,4.55046E+12,ASICS UPCOURT 5 - BLKRD - 9.5
280173150005,4.55046E+12,ASICS UPCOURT 5 - BLKRD - 9
280173150006,4.55046E+12,ASICS UPCOURT 5 - BLKRD - 8.5
280173150007,4.55046E+12,ASICS UPCOURT 5 - BLKRD - 8
280173150008,4.55046E+12,ASICS UPCOURT 5 - BLKRD - 7.5
280173170000,9070082,ASICS UPCOURT 5
280173170001,4.55046E+12,UPCOURT 5 - WHTBL - 7.5
280173170002,4.55046E+12,UPCOURT 5 - WHTBL - 8
280173170003,4.55046E+12,UPCOURT 5 - WHTBL - 8.5
280173170004,4.55046E+12,UPCOURT 5 - WHTBL - 9
280173170005,4.55046E+12,UPCOURT 5 - WHTBL - 9.5
280173170006,4.55046E+12,UPCOURT 5 - WHTBL - 10
280173180000,9073763,ASICS UPCOURT 5
280173180001,4.55046E+12,ASICS UPCOURT 5 - WHTYE - 9.5
280173180002,4.55046E+12,ASICS UPCOURT 5 - WHTYE - 9
280173180003,4.55046E+12,ASICS UPCOURT 5 - WHTYE - 8.5
280173180004,4.55046E+12,ASICS UPCOURT 5 - WHTYE - 8
280173180005,4.55046E+12,ASICS UPCOURT 5 - WHTYE - 7.5
280173200000,9068031,ASICS UPCOURT 5
280173200001,4.55046E+12,UPCOURT 5 - BLKLM - 7.5
280173200002,4.55046E+12,UPCOURT 5 - BLKLM - 8
280173200003,4.55046E+12,UPCOURT 5 - BLKLM - 8.5
280173200004,4.55046E+12,UPCOURT 5 - BLKLM - 9
280173200005,4.55046E+12,UPCOURT 5 - BLKLM - 9.5
280173200006,4.55046E+12,UPCOURT 5 - BLKLM - 10
280173200007,4.55046E+12,UPCOURT 5 - BLKLM - 10.5
280173200008,4.55046E+12,UPCOURT 5 - BLKLM - 11
280173210000,9070129,ASICS UPCOURT 5
280173210001,4.55046E+12,UPCOURT 5 - BLUWH - 11
280173210002,4.55046E+12,UPCOURT 5 - BLUWH - 10.5
280173210003,4.55046E+12,UPCOURT 5 - BLUWH - 10
280173210004,4.55046E+12,UPCOURT 5 - BLUWH - 9.5
280173210005,4.55046E+12,UPCOURT 5 - BLUWH - 9
280173210006,4.55046E+12,UPCOURT 5 - BLUWH - 8.5
280173210007,4.55046E+12,UPCOURT 5 - BLUWH - 8
280173220000,9073362,ASICS UPCOURT 5
280173220001,4.55046E+12,ASICS UPCOURT 5 - BLUWH - 7.5
280173220002,4.55046E+12,ASICS UPCOURT 5 - BLUWH - 8
280173220003,4.55046E+12,ASICS UPCOURT 5 - BLUWH - 8.5
280173220004,4.55046E+12,ASICS UPCOURT 5 - BLUWH - 9
280173220005,4.55046E+12,ASICS UPCOURT 5 - BLUWH - 9.5
280173220006,4.55046E+12,ASICS UPCOURT 5 - BLUWH - 10
280173220007,4.55046E+12,ASICS UPCOURT 5 - BLUWH - 10.5
280173220008,4.55046E+12,ASICS UPCOURT 5 - BLUWH - 11
280173230000,9074402,ASICS UPCOURT 5
280173230001,4.55046E+12,ASICS UPCOURT 5 - TEAWH - 10.5
280173230002,4.55046E+12,ASICS UPCOURT 5 - TEAWH - 10
280173230003,4.55046E+12,ASICS UPCOURT 5 - TEAWH - 9.5
280173230004,4.55046E+12,ASICS UPCOURT 5 - TEAWH - 9
280173230005,4.55046E+12,ASICS UPCOURT 5 - TEAWH - 8.5
280173230006,4.55046E+12,ASICS UPCOURT 5 - TEAWH - 8
280173230007,4.55046E+12,ASICS UPCOURT 5 - TEAWH - 7.5
280173240000,9074732,ASICS UPCOURT 5
280173240001,4.55046E+12,ASICS UPCOURT 5 - PEAOR - 7.5
280173240002,4.55046E+12,ASICS UPCOURT 5 - PEAOR - 8
280173240003,4.55046E+12,ASICS UPCOURT 5 - PEAOR - 8.5
280173240004,4.55046E+12,ASICS UPCOURT 5 - PEAOR - 9
280173240005,4.55046E+12,ASICS UPCOURT 5 - PEAOR - 9.5
280173240006,4.55046E+12,ASICS UPCOURT 5 - PEAOR - 10
280173240007,4.55046E+12,ASICS UPCOURT 5 - PEAOR - 10.5
280173240008,4.55046E+12,ASICS UPCOURT 5 - PEAOR - 11
280173250000,9073359,ASICS UPCOURT 5
280173250001,4.55046E+12,ASICS UPCOURT 5 - REDWH - 7.5
280173250002,4.55046E+12,ASICS UPCOURT 5 - REDWH - 8
280173250003,4.55046E+12,ASICS UPCOURT 5 - REDWH - 8.5
280173250004,4.55046E+12,ASICS UPCOURT 5 - REDWH - 9
280173250005,4.55046E+12,ASICS UPCOURT 5 - REDWH - 9.5
280173490000,9074403,ASICS UPCOURT 5
280173490001,4.55046E+12,ASICS UPCOURT 5 - BLKMT - 11
280173490002,4.55046E+12,ASICS UPCOURT 5 - BLKMT - 10.5
280173490003,4.55046E+12,ASICS UPCOURT 5 - BLKMT - 10
280173490004,4.55046E+12,ASICS UPCOURT 5 - BLKMT - 9.5
280173490005,4.55046E+12,ASICS UPCOURT 5 - BLKMT - 9
280173490006,4.55046E+12,ASICS UPCOURT 5 - BLKMT - 8.5
280173490007,4.55046E+12,ASICS UPCOURT 5 - BLKMT - 8
280173490008,4.55046E+12,ASICS UPCOURT 5 - BLKMT - 7.5
280173490009,4.55046E+12,ASICS UPCOURT 5 - BLKMT - 7
280173500000,9074069,ASICS UPCOURT 5
280173500001,4.55046E+12,ASICS UPCOURT 5 - WHTPE - 9.5
280173500002,4.55046E+12,ASICS UPCOURT 5 - WHTPE - 10
280173500003,4.55046E+12,ASICS UPCOURT 5 - WHTPE - 10.5
280034940000,9011783,PUMA FLYER RUNNER
280034940001,9.01178E+11,FLYER RUNNER - N/A - 9.5
280034940002,9.01178E+11,FLYER RUNNER - N/A - 9
280034940003,9.01178E+11,FLYER RUNNER - N/A - 8.5
280034940004,9.01178E+11,FLYER RUNNER - N/A - 8
280034940005,9.01178E+11,FLYER RUNNER - N/A - 7.5
280034940006,9.01178E+11,FLYER RUNNER - N/A - 7
280034940007,9.01178E+11,FLYER RUNNER - N/A - 6
280034940008,9.01178E+11,FLYER RUNNER - N/A - 5.5
280034940009,9.01178E+11,FLYER RUNNER - N/A - 5
280034940010,9.01178E+11,FLYER RUNNER - N/A - 4.5
280034940011,9.01178E+11,FLYER RUNNER - N/A - 4
280034940012,9.01178E+11,FLYER RUNNER - N/A - 13
280034940013,9.01178E+11,FLYER RUNNER - N/A - 12
280034940014,9.01178E+11,FLYER RUNNER - N/A - 11
280034940015,9.01178E+11,FLYER RUNNER - N/A - 10
280034940016,4.06098E+12,FLYER RUNNER - NVYWH - 9.5
280034940017,4.06098E+12,FLYER RUNNER - NVYWH - 9
280034940018,4.06098E+12,FLYER RUNNER - NVYWH - 8.5
280034940019,4.06098E+12,FLYER RUNNER - NVYWH - 8
280034940020,4.06098E+12,FLYER RUNNER - NVYWH - 7.5
280034940021,4.06098E+12,FLYER RUNNER - NVYWH - 7
280034940022,4.06098E+12,FLYER RUNNER - NVYWH - 6
280034940023,4.06098E+12,FLYER RUNNER - NVYWH - 5.5
280034940024,4.06098E+12,FLYER RUNNER - NVYWH - 5
280034940025,4.06098E+12,FLYER RUNNER - NVYWH - 4.5
280034940026,4.06098E+12,FLYER RUNNER - NVYWH - 4
280034940027,4.06098E+12,FLYER RUNNER - NVYWH - 13
280034940028,4.06098E+12,FLYER RUNNER - NVYWH - 12
280034940029,4.06098E+12,FLYER RUNNER - NVYWH - 10
280034940030,4.06098E+12,FLYER RUNNER - NVYWH - 11
280034950000,9000155,PUMA FLYER RUNNER
280034950001,4.06098E+12,FLYER RUNNER - BLACK - 10.5
280034950002,9.00016E+11,FLYER RUNNER - N/A - 10.5
280034950003,4.06098E+12,FLYER RUNNER - N/A - 13
280034950004,4.06098E+12,FLYER RUNNER - N/A - 4
280034950005,4.06098E+12,FLYER RUNNER - N/A - 4.5
280034950006,9.00016E+11,FLYER RUNNER - N/A - 9.5
280034950007,9.00016E+11,FLYER RUNNER - N/A - 9
280034950008,9.00016E+11,FLYER RUNNER - N/A - 8.5
280034950009,9.00016E+11,FLYER RUNNER - N/A - 8
280034950010,9.00016E+11,FLYER RUNNER - N/A - 7.5
280034950011,9.00016E+11,FLYER RUNNER - N/A - 7
280034950012,9.00016E+11,FLYER RUNNER - N/A - 6.5
280034950013,9.00016E+11,FLYER RUNNER - N/A - 6
280034950014,9.00016E+11,FLYER RUNNER - N/A - 5.5
280034950015,9.00016E+11,FLYER RUNNER - N/A - 5
280034950016,9.00016E+11,FLYER RUNNER - N/A - 12
280034950017,9.00016E+11,FLYER RUNNER - N/A - 11
280034950018,9.00016E+11,FLYER RUNNER - N/A - 10
280034950019,9.00016E+11,FLYER RUNNER - BLACK - 4.5
280034950020,9.00016E+11,FLYER RUNNER - BLACK - 13
280034950021,9.00016E+11,FLYER RUNNER - BLACK - 4
280034950022,4.06098E+12,FLYER RUNNER - BLACK - 9.5
280034950023,4.06098E+12,FLYER RUNNER - BLACK - 8.5
280034950024,4.06098E+12,FLYER RUNNER - BLACK - 8
280034950025,4.06098E+12,FLYER RUNNER - BLACK - 7.5
280034950026,4.06098E+12,FLYER RUNNER - BLACK - 7
280034950027,4.06098E+12,FLYER RUNNER - BLACK - 6.5
280034950028,4.06098E+12,FLYER RUNNER - BLACK - 6
280034950029,4.06098E+12,FLYER RUNNER - BLACK - 5.5
280034950030,4.06098E+12,FLYER RUNNER - BLACK - 5
280034950031,4.06098E+12,FLYER RUNNER - BLACK - 12
280034950032,4.06098E+12,FLYER RUNNER - BLACK - 10
280034950033,4.06098E+12,FLYER RUNNER - BLACK - 11
280034950034,4.06098E+12,FLYER RUNNER - BLACK - 9
280034960000,9070977,PUMA FLYER RUNNER
280034960001,4.06098E+12,FLYER RUNNER - GREY - 9
280034960002,4.06098E+12,FLYER RUNNER - GREY - 8.5
280034960003,4.06098E+12,FLYER RUNNER - GREY - 8
280034960004,4.06098E+12,FLYER RUNNER - GREY - 7.5
280034960005,4.06098E+12,FLYER RUNNER - GREY - 13
280034960006,4.06098E+12,FLYER RUNNER - GREY - 12
280034960007,4.06098E+12,FLYER RUNNER - GREY - 11
280034960008,4.06098E+12,FLYER RUNNER - GREY - 10
280034960009,4.06098E+12,FLYER RUNNER - GREY - 9.5
280034960010,4.06098E+12,PUMA FLYER RUNNER - GREY - 7
280002130000,9001343,FLYER RUNNER
280002130001,4.06098E+12,FLYER RUNNER - N/A - 4
280002130002,4.06098E+12,FLYER RUNNER - BLKWH - 5.5
280002130003,4.06098E+12,FLYER RUNNER - BLKWH - 5
280002130004,4.06098E+12,FLYER RUNNER - BLKWH - 4.5
280002130005,4.06098E+12,FLYER RUNNER - BLKWH - 10
280002130006,9.00134E+11,FLYER RUNNER - N/A - 9
280002130007,9.00134E+11,FLYER RUNNER - N/A - 8
280002130008,9.00134E+11,FLYER RUNNER - N/A - 7
280002130010,9.00134E+11,FLYER RUNNER - N/A - 6
280002130011,9.00134E+11,FLYER RUNNER - N/A - 5.5
280002130012,9.00134E+11,FLYER RUNNER - N/A - 5
280002130013,9.00134E+11,FLYER RUNNER - N/A - 4.5
280002130014,9.00134E+11,FLYER RUNNER - BLKWH - 4
280002130015,9.00134E+11,FLYER RUNNER - N/A - 10
280002130016,4.06098E+12,FLYER RUNNER - BLKWH - 9
280002130017,4.06098E+12,FLYER RUNNER - BLKWH - 8
280002130018,4.06098E+12,FLYER RUNNER - BLKWH - 7
280002130019,4.06098E+12,FLYER RUNNER - BLKWH - 6.5
280002130020,4.06098E+12,FLYER RUNNER - BLKWH - 6
280002140000,9000154,FLYER RUNNER GRAY VIOLET-PUMA WHITE-BRIG
280002140001,9.00015E+11,FLYER RUNNER GRAY VIOLET-PUMA WHITE-BRIG
280002140002,9.00015E+11,FLYER RUNNER GRAY VIOLET-PUMA WHITE-BRIG
280002140003,9.00015E+11,FLYER RUNNER GRAY VIOLET-PUMA WHITE-BRIG
280002140004,9.00015E+11,FLYER RUNNER GRAY VIOLET-PUMA WHITE-BRIG
280002140005,9.00015E+11,FLYER RUNNER GRAY VIOLET-PUMA WHITE-BRIG
280002140006,9.00015E+11,FLYER RUNNER GRAY VIOLET-PUMA WHITE-BRIG
280002140007,9.00015E+11,FLYER RUNNER GRAY VIOLET-PUMA WHITE-BRIG
280002140008,9.00015E+11,FLYER RUNNER GRAY VIOLET-PUMA WHITE-BRIG
280002140009,4.06098E+12,FLYER RUNNER GRAY VIOLET-PUMA WHITE-BRIG
280002140010,4.06098E+12,FLYER RUNNER GRAY VIOLET-PUMA WHITE-BRIG
280002140011,4.06098E+12,FLYER RUNNER GRAY VIOLET-PUMA WHITE-BRIG
280002140012,4.06098E+12,FLYER RUNNER GRAY VIOLET-PUMA WHITE-BRIG
280002140013,4.06098E+12,FLYER RUNNER GRAY VIOLET-PUMA WHITE-BRIG
280002140014,4.06098E+12,FLYER RUNNER GRAY VIOLET-PUMA WHITE-BRIG
280002140015,4.06098E+12,FLYER RUNNER GRAY VIOLET-PUMA WHITE-BRIG
280002140016,4.06098E+12,FLYER RUNNER GRAY VIOLET-PUMA WHITE-BRIG
280034970000,9057338,PUMA FLYER RUNNER
280034970001,4.06098E+12,FLYER RUNNER - BLKWH - 7
280034970002,4.06098E+12,FLYER RUNNER - BLKWH - 7.5
280034970003,4.06098E+12,FLYER RUNNER - BLKWH - 8
280034970004,4.06098E+12,FLYER RUNNER - BLKWH - 8.5
280034970005,4.06098E+12,FLYER RUNNER - BLKWH - 9
280034970006,4.06098E+12,FLYER RUNNER - BLKWH - 9.5
280034970007,4.06098E+12,FLYER RUNNER - BLKWH - 10.5
280034970008,4.06098E+12,FLYER RUNNER - BLKWH - 11
280034970009,4.06098E+12,FLYER RUNNER - BLKWH - 12
280034970010,4.06098E+12,FLYER RUNNER - BLKWH - 10
280034970011,4.06098E+12,FLYER RUNNER - BLKWH - 13
280034980000,9070978,PUMA FLYER RUNNER
280034980001,4.06098E+12,FLYER RUNNER - REDWH - 9.5
280034980002,4.06098E+12,FLYER RUNNER - REDWH - 9
280034980003,4.06098E+12,FLYER RUNNER - REDWH - 8.5
280034980004,4.06098E+12,FLYER RUNNER - REDWH - 8
280034980005,4.06098E+12,FLYER RUNNER - REDWH - 7.5
280034980006,4.06098E+12,FLYER RUNNER - REDWH - 7
280034980007,4.06098E+12,FLYER RUNNER - REDWH - 6.5
280034980008,4.06098E+12,FLYER RUNNER - REDWH - 13
280034980009,4.06098E+12,FLYER RUNNER - REDWH - 12
280034980010,4.06098E+12,FLYER RUNNER - REDWH - 11
280034980011,4.06098E+12,FLYER RUNNER - REDWH - 10
280034990000,9042061,PUMA FLYER RUNNER
280034990001,4.06098E+12,FLYER RUNNER - N/A - 10
280034990002,4.06098E+12,FLYER RUNNER - N/A - 11
280034990003,4.06098E+12,FLYER RUNNER - N/A - 7
280034990004,4.06098E+12,FLYER RUNNER - N/A - 7.5
280034990005,4.06098E+12,FLYER RUNNER - N/A - 8
280034990006,4.06098E+12,FLYER RUNNER - N/A - 8.5
280034990007,4.06098E+12,FLYER RUNNER - N/A - 9
280034990008,4.06098E+12,FLYER RUNNER - N/A - 9.5
280034990009,4.06098E+12,FLYER RUNNER - N/A - 13
280034990010,4.06098E+12,FLYER RUNNER - N/A - 12
280036860000,9036201,FLYER RUNNER
280036860001,9.0362E+11,FLYER RUNNER - BLKWH - 7.5
280036860002,4.06098E+12,FLYER RUNNER - BLKWH - 7.5
280036860003,4.06098E+12,FLYER RUNNER - BLKWH - 10
280036860004,4.06098E+12,FLYER RUNNER - BLKWH - 11
280036860005,4.06098E+12,FLYER RUNNER - BLKWH - 5
280036860006,4.06098E+12,FLYER RUNNER - BLKWH - 6
280036860007,4.06098E+12,FLYER RUNNER - BLKWH - 7
280036860008,4.06098E+12,FLYER RUNNER - BLKWH - 8
280036860009,4.06098E+12,FLYER RUNNER - BLKWH - 8.5
280036860010,4.06098E+12,FLYER RUNNER - BLKWH - 9
280036860011,9.0362E+11,FLYER RUNNER - N/A - 10
280036860012,9.0362E+11,FLYER RUNNER - N/A - 11
280036860013,9.0362E+11,FLYER RUNNER - N/A - 5
280036860014,9.0362E+11,FLYER RUNNER - N/A - 6
280036860015,9.0362E+11,FLYER RUNNER - N/A - 7
280036860016,9.0362E+11,FLYER RUNNER - N/A - 7.5
280036860017,9.0362E+11,FLYER RUNNER - N/A - 8
280036860018,9.0362E+11,FLYER RUNNER - N/A - 8.5
280036860019,9.0362E+11,FLYER RUNNER - N/A - 9
280283260000,,PUMA FLYER RUNNER
280283260001,4.06098E+12,PUMA FLYER RUNNER - GRYBL - 7
280283260002,4.06098E+12,PUMA FLYER RUNNER - GRYBL - 7.5
280283260003,4.06098E+12,PUMA FLYER RUNNER - GRYBL - 8
280283260004,4.06098E+12,PUMA FLYER RUNNER - GRYBL - 8.5
280283260005,4.06098E+12,PUMA FLYER RUNNER - GRYBL - 9
280283260006,4.06098E+12,PUMA FLYER RUNNER - GRYBL - 9.5
280283260007,4.06098E+12,PUMA FLYER RUNNER - GRYBL - 10
280283260008,4.06098E+12,PUMA FLYER RUNNER - GRYBL - 6.5
280283260014,4.06098E+12,PUMA FLYER RUNNER - GRYBL - 11
280035000000,9071304,PUMA FLYER RUNNER
280035000001,4.06245E+12,FLYER RUNNER - BLUWH - 7
280035000002,4.06245E+12,FLYER RUNNER - BLUWH - 7.5
280035000003,4.06245E+12,FLYER RUNNER - BLUWH - 8
280035000004,4.06245E+12,FLYER RUNNER - BLUWH - 8.5
280035000005,4.06245E+12,FLYER RUNNER - BLUWH - 9
280035000006,4.06245E+12,FLYER RUNNER - BLUWH - 9.5
280035000007,4.06245E+12,FLYER RUNNER - BLUWH - 10
280035000008,4.06245E+12,FLYER RUNNER - BLUWH - 11
280035000009,4.06245E+12,FLYER RUNNER - BLUWH - 12
280035000010,4.06245E+12,FLYER RUNNER - BLUWH - 13
280037410000,9058756,FLYER RUNNER
280037410001,4.06245E+12,FLYER RUNNER - BLKRD - 7
280037410002,4.06245E+12,FLYER RUNNER - BLKRD - 7.5
280037410003,4.06245E+12,FLYER RUNNER - BLKRD - 8
280037410004,4.06245E+12,FLYER RUNNER - BLKRD - 8.5
280037410005,4.06245E+12,FLYER RUNNER - BLKRD - 9
280037410006,4.06245E+12,FLYER RUNNER - BLKRD - 9.5
280037410007,4.06245E+12,FLYER RUNNER - BLKRD - 10
280037410008,4.06245E+12,FLYER RUNNER - BLKRD - 11
280037410009,4.06245E+12,FLYER RUNNER - BLKRD - 12
280037410010,4.06245E+12,FLYER RUNNER - BLKRD - 13
280035010000,9070895,PUMA FLYER RUNNER
280035010001,4.06245E+12,FLYER RUNNER - BLKSV - 7
280035010002,4.06245E+12,FLYER RUNNER - BLKSV - 9.5
280035010003,4.06245E+12,FLYER RUNNER - BLKSV - 9
280035010004,4.06245E+12,FLYER RUNNER - BLKSV - 8.5
280035010005,4.06245E+12,FLYER RUNNER - BLKSV - 8
280035010006,4.06245E+12,FLYER RUNNER - BLKSV - 7.5
280035010007,4.06245E+12,FLYER RUNNER - BLKSV - 13
280035010008,4.06245E+12,FLYER RUNNER - BLKSV - 12
280035010009,4.06245E+12,FLYER RUNNER - BLKSV - 11
280035010010,4.06245E+12,FLYER RUNNER - BLKSV - 10
280035020000,9058879,PUMA FLYER RUNNER
280035020001,4.06245E+12,FLYER RUNNER - BLKYL - 6.5
280035020002,4.06245E+12,FLYER RUNNER - BLKYL - 7
280035020003,4.06245E+12,FLYER RUNNER - BLKYL - 7.5
280035020004,4.06245E+12,FLYER RUNNER - BLKYL - 8
280035020005,4.06245E+12,FLYER RUNNER - BLKYL - 8.5
280035020006,4.06245E+12,FLYER RUNNER - BLKYL - 9
280035020007,4.06245E+12,FLYER RUNNER - BLKYL - 9.5
280035020008,4.06245E+12,FLYER RUNNER - BLKYL - 10
280035020009,4.06245E+12,FLYER RUNNER - BLKYL - 11
280035020010,4.06245E+12,FLYER RUNNER - BLKYL - 12
280035020011,4.06245E+12,FLYER RUNNER - BLKYL - 13
280309600000,,PUMA FLYER RUNNER
280309600001,4.06245E+12,PUMA FLYER RUNNER - GRYBK - 7
280309600002,4.06245E+12,PUMA FLYER RUNNER - GRYBK - 7.5
280309600003,4.06245E+12,PUMA FLYER RUNNER - GRYBK - 8
280309600004,4.06245E+12,PUMA FLYER RUNNER - GRYBK - 8.5
280309600005,4.06245E+12,PUMA FLYER RUNNER - GRYBK - 9
280309600006,4.06245E+12,PUMA FLYER RUNNER - GRYBK - 9.5
280309600007,4.06245E+12,PUMA FLYER RUNNER - GRYBK - 10
280309600008,4.06245E+12,PUMA FLYER RUNNER - GRYBK - 11
280309600009,4.06245E+12,PUMA FLYER RUNNER - GRYBK - 12
280309600010,4.06245E+12,PUMA FLYER RUNNER - GRYBK - 13
280270590000,,PUMA FLYER RUNNER
280270590001,4.06245E+12,PUMA FLYER RUNNER - OLVBK - 7
280270590002,4.06245E+12,PUMA FLYER RUNNER - OLVBK - 7.5
280270590003,4.06245E+12,PUMA FLYER RUNNER - OLVBK - 8
280270590004,4.06245E+12,PUMA FLYER RUNNER - OLVBK - 8.5
280270590005,4.06245E+12,PUMA FLYER RUNNER - OLVBK - 9
280270590006,4.06245E+12,PUMA FLYER RUNNER - OLVBK - 9.5
280270590007,4.06245E+12,PUMA FLYER RUNNER - OLVBK - 10
280270590008,4.06245E+12,PUMA FLYER RUNNER - OLBLK - 11
280270590016,4.06245E+12,PUMA FLYER RUNNER - OLVBK - 12
280270590017,4.06245E+12,PUMA FLYER RUNNER - OLVBK - 13
280035030000,9071521,PUMA FLYER RUNNER
280035030001,4.06245E+12,FLYER RUNNER - BLUWH - 7
280035030002,4.06245E+12,FLYER RUNNER - BLUWH - 7.5
280035030003,4.06245E+12,FLYER RUNNER - BLUWH - 8
280035030004,4.06245E+12,FLYER RUNNER - BLUWH - 8.5
280035030005,4.06245E+12,FLYER RUNNER - BLUWH - 9
280035030006,4.06245E+12,FLYER RUNNER - BLUWH - 9.5
280035030007,4.06245E+12,FLYER RUNNER - BLUWH - 10
280035030008,4.06245E+12,FLYER RUNNER - BLUWH - 11
280035030009,4.06245E+12,FLYER RUNNER - BLUWH - 12
280035030010,4.06245E+12,FLYER RUNNER - BLUWH - 13
280035040000,9056250,FLYER RUNNER
280035040001,4.06245E+12,FLYER RUNNER - GRYWH - 8
280035040002,4.06245E+12,FLYER RUNNER - GRYWH - 9
280035040003,4.06245E+12,FLYER RUNNER - GRYWH - 10
280035040004,4.06245E+12,FLYER RUNNER - GRYWH - 11
280035040005,4.06245E+12,FLYER RUNNER - GRYWH - 12
280035040006,4.06245E+12,FLYER RUNNER - GRYWH - 13
280035040007,4.06245E+12,FLYER RUNNER - GRYWH - 7
280035040008,4.06245E+12,FLYER RUNNER - GRYWH - 7.5
280035040009,4.06245E+12,FLYER RUNNER - GRYWH - 8.5
280035040010,4.06245E+12,FLYER RUNNER - GRYWH - 9.5
280035050000,9071322,PUMA FLYER RUNNER
280035050001,4.06245E+12,FLYER RUNNER - BLACK - 7
280035050002,4.06245E+12,FLYER RUNNER - BLACK - 7.5
280035050003,4.06245E+12,FLYER RUNNER - BLACK - 8
280035050004,4.06245E+12,FLYER RUNNER - BLACK - 8.5
280035050005,4.06245E+12,FLYER RUNNER - BLACK - 9
280035050006,4.06245E+12,FLYER RUNNER - BLACK - 9.5
280035050007,4.06245E+12,FLYER RUNNER - BLACK - 10
280035050008,4.06245E+12,FLYER RUNNER - BLACK - 11
280035050009,4.06245E+12,FLYER RUNNER - BLACK - 12
280035050010,4.06245E+12,FLYER RUNNER - BLACK - 13
280270700000,,PUMA FLYER RUNNER
280270700001,4.06245E+12,PUMA FLYER RUNNER - WHITE - 7
280270700002,4.06245E+12,PUMA FLYER RUNNER - WHITE - 7.5
280270700003,4.06245E+12,PUMA FLYER RUNNER - WHITE - 8
280270700004,4.06245E+12,PUMA FLYER RUNNER - WHITE - 8.5
280270700005,4.06245E+12,PUMA FLYER RUNNER - WHITE - 9
280270700006,4.06245E+12,PUMA FLYER RUNNER - WHITE - 9.5
280270700007,4.06245E+12,PUMA FLYER RUNNER - WHITE - 10
280270700015,4.06245E+12,PUMA FLYER RUNNER - BLACK - 6.5
280270700016,4.06245E+12,PUMA FLYER RUNNER - BLACK - 11
280301680000,4.0637E+12,PUMA FLYER RUNNER - ORANGE - 7.5
280301680001,4.0637E+12,PUMA FLYER RUNNER - ORANGE - 8
280301680002,4.0637E+12,PUMA FLYER RUNNER - ORANGE - 8.5
280301680003,4.0637E+12,PUMA FLYER RUNNER - ORANGE - 9
280301680004,4.0637E+12,PUMA FLYER RUNNER - ORANGE - 9.5
280301680005,4.0637E+12,PUMA FLYER RUNNER - ORANGE - 10
280301680006,4.0637E+12,PUMA FLYER RUNNER - BLKOR - 11
280301680007,,PUMA FLYER RUNNER
280301680008,4.0637E+12,PUMA FLYER RUNNER - ORANGE - 7
280301680009,4.0637E+12,PUMA FLYER RUNNER - ORANGE - 12
280301680010,4.0637E+12,PUMA FLYER RUNNER - ORANGE - 13
280296620000,,PUMA FLYER RUNNER
280296620001,4.09969E+12,PUMA FLYER RUNNER - BLKLM - 7
280296620002,4.09969E+12,PUMA FLYER RUNNER - BLKLM - 7.5
280296620003,4.09969E+12,PUMA FLYER RUNNER - BLKLM - 8
280296620004,4.09969E+12,PUMA FLYER RUNNER - BLKLM - 8.5
280296620005,4.09969E+12,PUMA FLYER RUNNER - BLKLM - 9
280296620006,4.09969E+12,PUMA FLYER RUNNER - BLKLM - 9.5
280296620007,4.09969E+12,PUMA FLYER RUNNER - BLKLM - 10
280296620008,4.09969E+12,PUMA FLYER RUNNER - BLKLM - 11
280296620009,4.09969E+12,PUMA FLYER RUNNER - BLKLM - 12
280296620010,4.09969E+12,PUMA FLYER RUNNER - BLKLM - 13
280307450000,,PUMA FLYER RUNNER
280307450001,4.09969E+12,PUMA FLYER RUNNER - GREY - 7
280307450002,4.09969E+12,PUMA FLYER RUNNER - GREY - 7.5
280307450003,4.09969E+12,PUMA FLYER RUNNER - GREY - 8
280307450004,4.09969E+12,PUMA FLYER RUNNER - GREY - 8.5
280307450005,4.09969E+12,PUMA FLYER RUNNER - GREY - 9
280307450006,4.09969E+12,PUMA FLYER RUNNER - GREY - 9.5
280307450007,4.09969E+12,PUMA FLYER RUNNER - GREY - 10
280307450008,4.09969E+12,PUMA FLYER RUNNER - GREY - 11
280307450009,4.09969E+12,PUMA FLYER RUNNER - GREY - 12
280307450010,4.09969E+12,PUMA FLYER RUNNER - GREY - 13
280307450011,4.09969E+12,PUMA FLYER RUNNER - GREY - 6.5
280035060000,9063125,PUMA FLYER RUNNER
280035060001,4.06453E+12,FLYER RUNNER - GRYWH - 7.5
280035060002,4.06453E+12,FLYER RUNNER - GRYWH - 9
280035060003,4.06453E+12,FLYER RUNNER - GRYWH - 9.5
280035060004,4.06453E+12,FLYER RUNNER - GRYWH - 7
280035060005,4.06453E+12,FLYER RUNNER - GRYWH - 8
280035060006,4.06453E+12,FLYER RUNNER - GRYWH - 8.5
280035060007,4.06453E+12,FLYER RUNNER - GRYWH - 10
280035060008,4.06453E+12,FLYER RUNNER - GRYWH - 11
280035060009,4.06453E+12,FLYER RUNNER - GRYWH - 12
280035060010,4.06453E+12,FLYER RUNNER - GRYWH - 13
280035070000,9061166,PUMA FLYER RUNNER
280035070001,9.06117E+11,FLYER RUNNER - BLACK - 7
280035070002,4.06453E+12,FLYER RUNNER - BLACK - 10.5
280035070003,4.06453E+12,FLYER RUNNER - BLACK - 11
280035070004,4.06453E+12,FLYER RUNNER - BLACK - 7
280035070005,4.06453E+12,FLYER RUNNER - BLACK - 7.5
280035070006,4.06453E+12,FLYER RUNNER - BLACK - 8
280035070007,4.06453E+12,FLYER RUNNER - BLACK - 8.5
280035070008,4.06453E+12,FLYER RUNNER - BLACK - 9
280035070009,4.06453E+12,FLYER RUNNER - BLACK - 9.5
280035070010,4.06453E+12,FLYER RUNNER - BLACK - 10
280035070011,4.06453E+12,FLYER RUNNER - BLACK - 12
280035070012,4.06453E+12,FLYER RUNNER - BLACK - 13
280309610000,,PUMA FLYER RUNNER
280309610001,4.06798E+12,PUMA FLYER RUNNER - GRY - 7
280309610002,4.06798E+12,PUMA FLYER RUNNER - GRY - 7.5
280309610003,4.06798E+12,PUMA FLYER RUNNER - GRY - 8
280309610004,4.06798E+12,PUMA FLYER RUNNER - GRY - 8.5
280309610005,4.06798E+12,PUMA FLYER RUNNER - GRY - 9
280309610006,4.06798E+12,PUMA FLYER RUNNER - GRY - 9.5
280309610007,4.06798E+12,PUMA FLYER RUNNER - GRY - 10
280309610008,4.06798E+12,PUMA FLYER RUNNER - GRY - 11
280309610009,4.06798E+12,PUMA FLYER RUNNER - GRY - 12
280309610010,4.06798E+12,PUMA FLYER RUNNER - GRY - 13
280310770000,,PUMA FLYER RUNNER
280310770001,4.06798E+12,PUMA FLYER RUNNER - DOLIV - 7
280310770002,4.06798E+12,PUMA FLYER RUNNER - DOLIV - 7.5
280310770003,4.06798E+12,PUMA FLYER RUNNER - DOLIV - 8
280310770004,4.06798E+12,PUMA FLYER RUNNER - DOLIV - 8.5
280310770005,4.06798E+12,PUMA FLYER RUNNER - DOLIV - 9
280310770006,4.06798E+12,PUMA FLYER RUNNER - DOLIV - 9.5
280310770007,4.06798E+12,PUMA FLYER RUNNER - DOLIV - 10
280310770008,4.06798E+12,PUMA FLYER RUNNER - DOLIV - 11
280310770009,4.06798E+12,PUMA FLYER RUNNER - DOLIV - 12
280310770010,4.06798E+12,PUMA FLYER RUNNER - DOLIV - 13
280035080000,9054307,PUMA INTERFLEX RUNNER
280035080001,4.06098E+12,INTERFLEX RUNNER PUMA - BLKWH - 7
280035080002,4.06098E+12,INTERFLEX RUNNER PUMA - BLKWH - 7.5
280035080003,4.06098E+12,INTERFLEX RUNNER PUMA - BLKWH - 8
280035080004,4.06098E+12,INTERFLEX RUNNER PUMA - BLKWH - 8.5
280035080005,4.06098E+12,INTERFLEX RUNNER PUMA - BLKWH - 9
280035080006,4.06098E+12,INTERFLEX RUNNER PUMA - BLKWH - 9.5
280035080007,4.06098E+12,INTERFLEX RUNNER PUMA - BLKWH - 10
280035080008,4.06098E+12,INTERFLEX RUNNER PUMA - BLKWH - 11
280035080009,4.06098E+12,INTERFLEX RUNNER PUMA - BLKWH - 12
280035080010,4.06098E+12,INTERFLEX RUNNER PUMA - BLKWH - 13
280035080011,4.06098E+12,INTERFLEX RUNNER PUMA - BLKWH - 4
280035080012,4.06098E+12,INTERFLEX RUNNER PUMA - BLKWH - 4.5
280035080013,4.06098E+12,INTERFLEX RUNNER PUMA - BLKWH - 5
280035080014,4.06098E+12,INTERFLEX RUNNER PUMA - BLKWH - 5.5
280035080015,4.06098E+12,INTERFLEX RUNNER PUMA - BLKWH - 6
280035080016,4.06098E+12,INTERFLEX RUNNER PUMA - BLKWH - 10.5
280035080017,4.06098E+12,INTERFLEX RUNNER PUMA - BLKWH - 6.5
280035090000,9059596,PUMA INTERFLEX RUNNER
280035090001,4.06098E+12,INTERFLEX RUNNER - PEWHT - 7
280035090002,4.06098E+12,INTERFLEX RUNNER - PEWHT - 7.5
280035090003,4.06098E+12,INTERFLEX RUNNER - PEWHT - 8
280035090004,4.06098E+12,INTERFLEX RUNNER - PEWHT - 8.5
280035090005,4.06098E+12,INTERFLEX RUNNER - PEWHT - 9
280035090006,4.06098E+12,INTERFLEX RUNNER - PEWHT - 9.5
280035090007,4.06098E+12,INTERFLEX RUNNER - PEWHT - 10.5
280035090008,4.06098E+12,INTERFLEX RUNNER - PEWHT - 11
280035090009,4.06098E+12,INTERFLEX RUNNER - PEWHT - 12
280035090010,4.06098E+12,INTERFLEX RUNNER - PEWHT - 13
280035090011,4.06098E+12,INTERFLEX RUNNER - PEWHT - 10
280035100000,9053197,PUMA INTERFLEX RUNNER
280035100001,4.06245E+12,INTERFLEX RUNNER - NAVY - 7
280035100002,4.06245E+12,INTERFLEX RUNNER - NAVY - 7.5
280035100003,4.06245E+12,INTERFLEX RUNNER - NAVY - 8
280035100004,4.06245E+12,INTERFLEX RUNNER - NAVY - 8.5
280035100005,4.06245E+12,INTERFLEX RUNNER - NAVY - 9
280035100006,4.06245E+12,INTERFLEX RUNNER - NAVY - 9.5
280035100007,4.06245E+12,INTERFLEX RUNNER - NAVY - 10
280035100008,4.06245E+12,INTERFLEX RUNNER - NAVY - 11
280035100009,4.06245E+12,INTERFLEX RUNNER - NAVY - 12
280035100010,4.06245E+12,INTERFLEX RUNNER - NAVY - 13
280035110000,9053199,PUMA INTERFLEX RUNNER
280035110001,4.06245E+12,INTERFLEX RUNNER - BLACK - 7
280035110002,4.06245E+12,INTERFLEX RUNNER - BLACK - 7.5
280035110003,4.06245E+12,INTERFLEX RUNNER - BLACK - 8
280035110004,4.06245E+12,INTERFLEX RUNNER - BLACK - 8.5
280035110005,4.06245E+12,INTERFLEX RUNNER - BLACK - 9
280035110006,4.06245E+12,INTERFLEX RUNNER - BLACK - 9.5
280035110007,4.06245E+12,INTERFLEX RUNNER - BLACK - 10
280035110008,4.06245E+12,INTERFLEX RUNNER - BLACK - 11
280035110009,4.06245E+12,INTERFLEX RUNNER - BLACK - 12
280035110010,4.06245E+12,INTERFLEX RUNNER - BLACK - 13
280035110011,4.06245E+12,INTERFLEX RUNNER - BLACK - 6.5
280035120000,9054872,PUMA INTERFLEX RUNNER
280035120001,4.06245E+12,INTERFLEX RUNNER - GRYWH - 11
280035120002,4.06245E+12,INTERFLEX RUNNER - GRYWH - 7
280035120003,4.06245E+12,INTERFLEX RUNNER - GRYWH - 7.5
280035120004,4.06245E+12,INTERFLEX RUNNER - GRYWH - 8
280035120005,4.06245E+12,INTERFLEX RUNNER - GRYWH - 8.5
280035120006,4.06245E+12,INTERFLEX RUNNER - GRYWH - 9
280035120007,4.06245E+12,INTERFLEX RUNNER - GRYWH - 9.5
280035120008,4.06245E+12,INTERFLEX RUNNER - GRYWH - 10
280035130000,9068066,PUMA INTERFLEX RUNNER
280035130001,4.06245E+12,INTERFLEX RUNNER - SVRWH - 7
280035130002,4.06245E+12,INTERFLEX RUNNER - SVRWH - 7.5
280035130003,4.06245E+12,INTERFLEX RUNNER - SVRWH - 8
280035130004,4.06245E+12,INTERFLEX RUNNER - SVRWH - 8.5
280035130005,4.06245E+12,INTERFLEX RUNNER - SVRWH - 9
280035130006,4.06245E+12,INTERFLEX RUNNER - SVRWH - 9.5
280035130007,4.06245E+12,INTERFLEX RUNNER - SVRWH - 10
280035130008,4.06245E+12,INTERFLEX RUNNER - SVRWH - 11
280035130009,4.06245E+12,INTERFLEX RUNNER - SVRWH - 12
280035130010,4.06245E+12,INTERFLEX RUNNER - SVRWH - 13
280035140000,9059294,PUMA INTERFLEX RUNNER
280035140001,4.06245E+12,INTERFLEX RUNNER - BLKRD - 5.5
280035140002,4.06245E+12,INTERFLEX RUNNER - BLKRD - 7
280035140003,4.06245E+12,INTERFLEX RUNNER - BLKRD - 7.5
280035140004,4.06245E+12,INTERFLEX RUNNER - BLKRD - 8
280035140005,4.06245E+12,INTERFLEX RUNNER - BLKRD - 8.5
280035140006,4.06245E+12,INTERFLEX RUNNER - BLKRD - 9
280035140007,4.06245E+12,INTERFLEX RUNNER - BLKRD - 9.5
280035140008,4.06245E+12,INTERFLEX RUNNER - BLKRD - 10.5
280035140009,4.06245E+12,INTERFLEX RUNNER - BLKRD - 11
280035140010,4.06245E+12,INTERFLEX RUNNER - BLKRD - 12
280035140011,4.06245E+12,INTERFLEX RUNNER - BLKRD - 13
280035140012,4.06245E+12,INTERFLEX RUNNER - BLKRD - 6.5
280035140013,4.06245E+12,INTERFLEX RUNNER - BLKRD - 10
280035150000,9068067,PUMA INTERFLEX RUNNER
280035150001,4.06245E+12,INTERFLEX RUNNER - BLKSV - 7
280035150002,4.06245E+12,INTERFLEX RUNNER - BLKSV - 7.5
280035150003,4.06245E+12,INTERFLEX RUNNER - BLKSV - 8
280035150004,4.06245E+12,INTERFLEX RUNNER - BLKSV - 8.5
280035150005,4.06245E+12,INTERFLEX RUNNER - BLKSV - 9
280035150006,4.06245E+12,INTERFLEX RUNNER - BLKSV - 9.5
280035150007,4.06245E+12,INTERFLEX RUNNER - BLKSV - 10
280035150008,4.06245E+12,INTERFLEX RUNNER - BLKSV - 11
280035150009,4.06245E+12,INTERFLEX RUNNER - BLKSV - 12
280035150010,4.06245E+12,INTERFLEX RUNNER - BLKSV - 13
280035160000,9059525,PUMA INTERFLEX RUNNER
280035160001,4.0637E+12,INTERFLEX RUNNER - BLACK - 10
280035160002,4.0637E+12,INTERFLEX RUNNER - BLACK - 7
280035160003,4.0637E+12,INTERFLEX RUNNER - BLACK - 7.5
280035160004,4.0637E+12,INTERFLEX RUNNER - BLACK - 8
280035160005,4.0637E+12,INTERFLEX RUNNER - BLACK - 8.5
280035160006,4.0637E+12,INTERFLEX RUNNER - BLACK - 9
280035160007,4.0637E+12,INTERFLEX RUNNER - BLACK - 9.5
280035160008,4.0637E+12,INTERFLEX RUNNER - BLACK - 10.5
280035160009,4.0637E+12,INTERFLEX RUNNER - BLACK - 11
280035160010,4.0637E+12,INTERFLEX RUNNER - BLACK - 12
280035160011,4.0637E+12,INTERFLEX RUNNER - BLACK - 13
280035170000,9059942,PUMA INTERFLEX RUNNER
280035170001,4.0637E+12,INTERFLEX RUNNER - BLKGD - 5
280035170002,4.0637E+12,INTERFLEX RUNNER - BLKGD - 5.5
280035170003,4.0637E+12,INTERFLEX RUNNER - BLKGD - 6
280035170004,4.0637E+12,INTERFLEX RUNNER - BLKGD - 6.5
280035170005,4.0637E+12,INTERFLEX RUNNER - BLKGD - 7
280035170006,4.0637E+12,INTERFLEX RUNNER - BLKGD - 7.5
280035170007,4.0637E+12,INTERFLEX RUNNER - BLKGD - 8
280035170008,4.0637E+12,INTERFLEX RUNNER - BLKGD - 8.5
280035170009,4.0637E+12,INTERFLEX RUNNER - BLKGD - 9
280035170010,4.0637E+12,INTERFLEX RUNNER - BLKGD - 9.5
280035170011,4.0637E+12,INTERFLEX RUNNER - BLKGD - 10
280035170012,4.0637E+12,INTERFLEX RUNNER - BLKGD - 10.5
280035170013,4.0637E+12,INTERFLEX RUNNER - BLKGD - 11
280035170014,4.0637E+12,INTERFLEX RUNNER - BLKGD - 12
280035170015,4.0637E+12,INTERFLEX RUNNER - BLKGD - 13
280035180000,9072424,PUMA INTERFLEX RUNNER
280035180001,4.0637E+12,INTERFLEX RUNNER - REDWH - 7
280035180002,4.0637E+12,INTERFLEX RUNNER - REDWH - 7.5
280035180003,4.0637E+12,INTERFLEX RUNNER - REDWH - 8
280035180004,4.0637E+12,INTERFLEX RUNNER - REDWH - 8.5
280035180005,4.0637E+12,INTERFLEX RUNNER - REDWH - 9
280035180006,4.0637E+12,INTERFLEX RUNNER - REDWH - 9.5
280035180007,4.0637E+12,INTERFLEX RUNNER - REDWH - 10
280035180008,4.0637E+12,INTERFLEX RUNNER - REDWH - 11
280035180009,4.0637E+12,INTERFLEX RUNNER - REDWH - 12
280035180010,4.0637E+12,INTERFLEX RUNNER - REDWH - 13
280002330000,9000945,INTERFLEX MODERN
280002330001,9.00095E+11,INTERFLEX MODERN - N/A - 10.5
280002330002,9.00095E+11,INTERFLEX MODERN - BLKWH - 10.5
280002330003,4.06098E+12,INTERFLEX MODERN - BLKWH - 10.5
280002330004,4.06098E+12,INTERFLEX MODERN - BLKWH - 6
280002330005,4.06098E+12,INTERFLEX MODERN - BLKWH - 5.5
280002330006,4.06098E+12,INTERFLEX MODERN - BLKWH - 5
280002330007,4.06098E+12,INTERFLEX MODERN - BLKWH - 4.5
280002330008,4.06098E+12,INTERFLEX MODERN - BLKWH - 4
280002330009,4.06098E+12,INTERFLEX MODERN - BLKWH - 3.5
280002330010,9.00095E+11,INTERFLEX MODERN - N/A - 9.5
280002330011,9.00095E+11,INTERFLEX MODERN - N/A - 9
280002330012,9.00095E+11,INTERFLEX MODERN - N/A - 8.5
280002330013,9.00095E+11,INTERFLEX MODERN - N/A - 8
280002330014,9.00095E+11,INTERFLEX MODERN - N/A - 7.5
280002330015,9.00095E+11,INTERFLEX MODERN - N/A - 7
280002330016,9.00095E+11,INTERFLEX MODERN - N/A - 6.5
280002330017,9.00095E+11,INTERFLEX MODERN - N/A - 13
280002330018,9.00095E+11,INTERFLEX MODERN - N/A - 12
280002330019,9.00095E+11,INTERFLEX MODERN - N/A - 10
280002330020,9.00095E+11,INTERFLEX MODERN - N/A - 11
280002330021,4.06098E+12,INTERFLEX MODERN - BLKWH - 7.5
280002330022,4.06098E+12,INTERFLEX MODERN - BLKWH - 7
280002330023,4.06098E+12,INTERFLEX MODERN - BLKWH - 6.5
280002330024,4.06098E+12,INTERFLEX MODERN - BLKWH - 13
280002330025,4.06098E+12,INTERFLEX MODERN - BLKWH - 12
280002330026,4.06098E+12,INTERFLEX MODERN - BLKWH - 11
280002330027,4.06098E+12,INTERFLEX MODERN - BLKWH - 10
280002330028,4.06098E+12,INTERFLEX MODERN - BLKWH - 9.5
280002330029,4.06098E+12,INTERFLEX MODERN - BLKWH - 9
280002330030,4.06098E+12,INTERFLEX MODERN - BLKWH - 8.5
280002330031,4.06098E+12,INTERFLEX MODERN - BLKWH - 8
280002340000,9061072,INTERFLEX MODERN CASTLEROCK
280002340001,4.06098E+12,INTERFLEX MODERN CASTLEROCK - BLKGY - 7.
280002340002,4.06098E+12,INTERFLEX MODERN CASTLEROCK - BLKGY - 8
280002340003,4.06098E+12,INTERFLEX MODERN CASTLEROCK - BLKGY - 8.
280002340004,4.06098E+12,INTERFLEX MODERN CASTLEROCK - BLKGY - 9
280002340005,4.06098E+12,INTERFLEX MODERN CASTLEROCK - BLKGY - 9.
280002340006,4.06098E+12,INTERFLEX MODERN CASTLEROCK - BLKGY - 10
280002340007,4.06098E+12,INTERFLEX MODERN CASTLEROCK - BLKGY - 11
280002340008,4.06098E+12,INTERFLEX MODERN CASTLEROCK - BLKGY - 12
280002340009,4.06098E+12,INTERFLEX MODERN CASTLEROCK - BLKGY - 6.
280002340010,4.06098E+12,INTERFLEX MODERN CASTLEROCK - BLKGY - 7
280002340011,4.06098E+12,INTERFLEX MODERN CASTLEROCK - BLKGY - 6
280002340012,4.06098E+12,INTERFLEX MODERN CASTLEROCK - BLKGY - 3
280002340013,4.06098E+12,INTERFLEX MODERN CASTLEROCK - BLKGY - 5
280002340014,4.06098E+12,INTERFLEX MODERN CASTLEROCK - BLKGY - 5.
280002350000,9000253,INTERFLEX MODERN
280002350001,4.06098E+12,INTERFLEX MODERN - WHITE - 6
280002350002,4.06098E+12,INTERFLEX MODERN - WHITE - 6.5
280002350003,4.06098E+12,INTERFLEX MODERN - WHITE - 4
280002350004,4.06098E+12,INTERFLEX MODERN - WHITE - 11
280002350005,4.06098E+12,INTERFLEX MODERN - WHITE - 12
280002350006,4.06098E+12,INTERFLEX MODERN - WHITE - 10.5
280002350007,4.06098E+12,INTERFLEX MODERN - WHITE - 9.5
280002350008,9.00025E+11,INTERFLEX MODERN - N/A - 9.5
280002350009,9.00025E+11,INTERFLEX MODERN - N/A - 9
280002350010,9.00025E+11,INTERFLEX MODERN - N/A - 8.5
280002350011,9.00025E+11,INTERFLEX MODERN - N/A - 8
280002350012,9.00025E+11,INTERFLEX MODERN - N/A - 7.5
280002350013,9.00025E+11,INTERFLEX MODERN - N/A - 7
280002350014,9.00025E+11,INTERFLEX MODERN - N/A - 12
280002350015,9.00025E+11,INTERFLEX MODERN - N/A - 11
280002350016,9.00025E+11,INTERFLEX MODERN - N/A - 10.5
280002350017,9.00025E+11,INTERFLEX MODERN - N/A - 10
280002350018,4.06098E+12,INTERFLEX MODERN - WHITE - 8
280002350019,4.06098E+12,INTERFLEX MODERN - WHITE - 8.5
280002350020,4.06098E+12,INTERFLEX MODERN - WHITE - 9
280002350021,4.06098E+12,INTERFLEX MODERN - WHITE - 7.5
280002350022,4.06098E+12,INTERFLEX MODERN - WHITE - 7
280002350023,4.06098E+12,INTERFLEX MODERN - WHITE - 10
280002360000,9036172,INTERFLEX MODERN
280002360001,4.06098E+12,INTERFLEX MODERN - BLKPK - 4
280002360002,4.06098E+12,INTERFLEX MODERN - BLKPK - 4.5
280002360003,4.06098E+12,INTERFLEX MODERN - BLKPK - 5
280002360004,4.06098E+12,INTERFLEX MODERN - BLKPK - 5.5
280002360005,4.06098E+12,INTERFLEX MODERN - BLKPK - 6
280002360006,4.06098E+12,INTERFLEX MODERN - BLKPK - 6.5
280002360007,4.06098E+12,INTERFLEX MODERN - BLKPK - 7
280002360008,4.06098E+12,INTERFLEX MODERN - BLKPK - 7.5
280002360009,4.06098E+12,INTERFLEX MODERN - BLKPK - 8
280002370000,9000930,INTERFLEX MODERN
280002370001,4.06245E+12,INTERFLEX MODERN - BLKYL - 7.5
280002370002,4.06245E+12,INTERFLEX MODERN - BLKYL - 7
280002370003,4.06245E+12,INTERFLEX MODERN - BLKYL - 13
280002370004,4.06245E+12,INTERFLEX MODERN - BLKYL - 8.5
280002370005,4.06245E+12,INTERFLEX MODERN - BLKYL - 8
280002370006,4.06245E+12,INTERFLEX MODERN - BLKYL - 10
280002370007,4.06245E+12,INTERFLEX MODERN - BLKYL - 9.5
280002370008,4.06245E+12,INTERFLEX MODERN - BLKYL - 12
280002370009,4.06245E+12,INTERFLEX MODERN - BLKYL - 11
280002370010,4.06245E+12,INTERFLEX MODERN - BLKYL - 9
280002380000,9036200,INTERFLEX MODERN
280002380001,4.06245E+12,INTERFLEX MODERN - BLUE - 10
280002380002,4.06245E+12,INTERFLEX MODERN - BLUE - 11
280002380003,4.06245E+12,INTERFLEX MODERN - BLUE - 12
280002380004,4.06245E+12,INTERFLEX MODERN - BLUE - 13
280002380005,4.06245E+12,INTERFLEX MODERN - BLUE - 7
280002380006,4.06245E+12,INTERFLEX MODERN - BLUE - 7.5
280002380007,4.06245E+12,INTERFLEX MODERN - BLUE - 8
280002380008,4.06245E+12,INTERFLEX MODERN - BLUE - 8.5
280002380009,4.06245E+12,INTERFLEX MODERN - BLUE - 9
280002380010,4.06245E+12,INTERFLEX MODERN - BLUE - 9.5
280002390000,9033664,INTERFLEX MODERN HIGH RISE
280002390001,4.06245E+12,INTERFLEX MODERN HIGH RISE - GREY - 10
280002390002,4.06245E+12,INTERFLEX MODERN HIGH RISE - GREY - 11
280002390003,4.06245E+12,INTERFLEX MODERN HIGH RISE - GREY - 4
280002390004,4.06245E+12,INTERFLEX MODERN HIGH RISE - GREY - 4.5
280002390005,4.06245E+12,INTERFLEX MODERN HIGH RISE - GREY - 5
280002390006,4.06245E+12,INTERFLEX MODERN HIGH RISE - GREY - 5.5
280002390007,4.06245E+12,INTERFLEX MODERN HIGH RISE - GREY - 6
280002390008,4.06245E+12,INTERFLEX MODERN HIGH RISE - GREY - 6.5
280002390009,4.06245E+12,INTERFLEX MODERN HIGH RISE - GREY - 7
280002390010,4.06245E+12,INTERFLEX MODERN HIGH RISE - GREY - 7.5
280002390011,4.06245E+12,INTERFLEX MODERN HIGH RISE - GREY - 8
280002390012,4.06245E+12,INTERFLEX MODERN HIGH RISE - GREY - 8.5
280002390013,4.06245E+12,INTERFLEX MODERN HIGH RISE - GREY - 9
280002390014,4.06245E+12,INTERFLEX MODERN HIGH RISE - GREY - 9.5
280002400000,9056252,INTERFLEX MODERN
280002400001,4.06245E+12,INTERFLEX MODERN - PEACO - 8
280002400002,4.06245E+12,INTERFLEX MODERN - PEACO - 9
280002400003,4.06245E+12,INTERFLEX MODERN - PEACO - 10
280002400004,4.06245E+12,INTERFLEX MODERN - PEACO - 11
280002400005,4.06245E+12,INTERFLEX MODERN - PEACO - 12
280002400006,4.06245E+12,INTERFLEX MODERN - PEACO - 13
280002410000,9061067,INTERFLEX MODERN
280002410001,4.0637E+12,INTERFLEX MODERN - BLKWH - 7.5
280002410002,4.0637E+12,INTERFLEX MODERN - BLKWH - 8
280002410003,4.0637E+12,INTERFLEX MODERN - BLKWH - 8.5
280002410004,4.0637E+12,INTERFLEX MODERN - BLKWH - 9
280002410005,4.0637E+12,INTERFLEX MODERN - BLKWH - 9.5
280002410006,4.0637E+12,INTERFLEX MODERN - BLKWH - 4
280002410007,4.0637E+12,INTERFLEX MODERN - BLKWH - 4.5
280002410008,4.0637E+12,INTERFLEX MODERN - BLKWH - 5
280002410009,4.0637E+12,INTERFLEX MODERN - BLKWH - 5.5
280002410010,4.0637E+12,INTERFLEX MODERN - BLKWH - 6
280002410011,4.0637E+12,INTERFLEX MODERN - BLKWH - 6.5
280002410012,4.0637E+12,INTERFLEX MODERN - BLKWH - 7
280002410013,4.0637E+12,INTERFLEX MODERN - BLKWH - 10
280002410014,4.0637E+12,INTERFLEX MODERN - BLKWH - 11
280002410015,4.0637E+12,INTERFLEX MODERN - BLKWH - 12
280002420000,9062164,INTERFLEX MODERN PUMA BLACK-PUMA TEAM GO
280002420001,4.06454E+12,INTERFLEX MODERN PUMA BLACK-PUMA TEAM GO
280002420002,4.06454E+12,INTERFLEX MODERN PUMA BLACK-PUMA TEAM GO
280002420003,4.06454E+12,INTERFLEX MODERN PUMA BLACK-PUMA TEAM GO
280002420004,4.06454E+12,INTERFLEX MODERN PUMA BLACK-PUMA TEAM GO
280002420005,4.06454E+12,INTERFLEX MODERN PUMA BLACK-PUMA TEAM GO
280002420006,4.06454E+12,INTERFLEX MODERN PUMA BLACK-PUMA TEAM GO
280002420007,4.06454E+12,INTERFLEX MODERN PUMA BLACK-PUMA TEAM GO
280002420008,4.06454E+12,INTERFLEX MODERN PUMA BLACK-PUMA TEAM GO
280002420009,4.06454E+12,INTERFLEX MODERN PUMA BLACK-PUMA TEAM GO
280002420010,4.06454E+12,INTERFLEX MODERN PUMA BLACK-PUMA TEAM GO
280002420011,4.06454E+12,INTERFLEX MODERN PUMA BLACK-PUMA TEAM GO
280036880000,9064240,FLYER RUNNER JR
280036880001,4.06098E+12,FLYER RUNNER JR - BLACK - 4
280036880002,4.06098E+12,FLYER RUNNER JR - BLACK - 4.5
280036880003,4.06098E+12,FLYER RUNNER JR - BLACK - 5
280036880004,4.06098E+12,FLYER RUNNER JR - BLACK - 5.5
280036880005,4.06098E+12,FLYER RUNNER JR - BLACK - 6
280035220000,9070557,PUMA FLYER RUNNER JR
280035220001,4.06098E+12,PUMA FLYER RUNNER JR - GRYWH - 4
280035220002,4.06098E+12,PUMA FLYER RUNNER JR - GRYWH - 4.5
280035220003,4.06098E+12,PUMA FLYER RUNNER JR - GRYWH - 5
280035220004,4.06098E+12,PUMA FLYER RUNNER JR - GRYWH - 5.5
280035220005,4.06098E+12,PUMA FLYER RUNNER JR - GRYWH - 6
280035220006,4.06098E+12,PUMA FLYER RUNNER JR - GRYWH - 3.5
280035230000,9063129,PUMA FLYER RUNNER JR
280035230001,4.06245E+12,FLYER RUNNER JR - BLUWH - 4
280035230002,4.06245E+12,FLYER RUNNER JR - BLUWH - 4.5
280035230003,4.06245E+12,FLYER RUNNER JR - BLUWH - 5
280035230004,4.06245E+12,FLYER RUNNER JR - BLUWH - 5.5
280035230005,4.06245E+12,FLYER RUNNER JR - BLUWH - 6
280035240000,9053378,PUMA FLYER RUNNER JR
280035240001,4.06245E+12,FLYER RUNNER JR - BLKWH - 4
280035240002,4.06245E+12,FLYER RUNNER JR - BLKWH - 4.5
280035240003,4.06245E+12,FLYER RUNNER JR - BLKWH - 5
280035240004,4.06245E+12,FLYER RUNNER JR - BLKWH - 5.5
280035240005,4.06245E+12,FLYER RUNNER JR - BLKWH - 6
280035240006,4.06245E+12,FLYER RUNNER JR - BLKWH - 3.5
280035250000,9060510,PUMA FLYER RUNNER JR
280035250001,4.06245E+12,FLYER RUNNER JR - GRYWH - 3.5
280035250002,4.06245E+12,FLYER RUNNER JR - GRYWH - 4
280035250003,4.06245E+12,FLYER RUNNER JR - GRYWH - 4.5
280035250004,4.06245E+12,FLYER RUNNER JR - GRYWH - 5
280035250005,4.06245E+12,FLYER RUNNER JR - GRYWH - 5.5
280035250006,4.06245E+12,FLYER RUNNER JR - GRYWH - 6
280030290000,9072512,PUMA FLYER RUNNER JR
280030290001,4.06245E+12,FLYER RUNNER JR - WHTBL - 3.5
280030290002,4.06245E+12,FLYER RUNNER JR - WHTBL - 4
280030290003,4.06245E+12,FLYER RUNNER JR - WHTBL - 4.5
280030290004,4.06245E+12,FLYER RUNNER JR - WHTBL - 5
280030290005,4.06245E+12,FLYER RUNNER JR - WHTBL - 5.5
280030290006,4.06245E+12,FLYER RUNNER JR - WHTBL - 6
280035260000,9070558,PUMA FLYER RUNNER JR
280035260001,4.06245E+12,PUMA FLYER RUNNER JR - ROSWH - 3.5
280035260002,4.06245E+12,PUMA FLYER RUNNER JR - ROSWH - 4
280035260003,4.06245E+12,PUMA FLYER RUNNER JR - ROSWH - 4.5
280035260004,4.06245E+12,PUMA FLYER RUNNER JR - ROSWH - 5
280035260005,4.06245E+12,PUMA FLYER RUNNER JR - ROSWH - 5.5
280035260006,4.06245E+12,PUMA FLYER RUNNER JR - ROSWH - 6
280035270000,9070133,PUMA FLYER RUNNER JR
280035270001,4.06245E+12,FLYER RUNNER JR - WHTRD - 3.5
280035270002,4.06245E+12,FLYER RUNNER JR - WHTRD - 4
280035270003,4.06245E+12,FLYER RUNNER JR - WHTRD - 4.5
280035270004,4.06245E+12,FLYER RUNNER JR - WHTRD - 5
280035270005,4.06245E+12,FLYER RUNNER JR - WHTRD - 5.5
280035270006,4.06245E+12,FLYER RUNNER JR - WHTRD - 6
280035280000,9058525,FLYER RUNNER JR
280035280001,4.06245E+12,FLYER RUNNER JR - BLKGY - 5
280035280002,4.06245E+12,FLYER RUNNER JR - BLKGY - 3
280035280003,4.06245E+12,FLYER RUNNER JR - BLKGY - 6
280035280004,4.06245E+12,FLYER RUNNER JR - BLKGY - 3.5
280035280005,4.06245E+12,FLYER RUNNER JR - BLKGY - 4
280035280006,4.06245E+12,FLYER RUNNER JR - BLKGY - 4.5
280035280007,4.06245E+12,FLYER RUNNER JR - BLKGY - 5.5
280035290000,9059004,PUMA FLYER RUNNER JR
280035290001,4.06245E+12,PUMA FLYER RUNNER JR - PKBLK - 3.5
280035290002,4.06245E+12,PUMA FLYER RUNNER JR - PKBLK - 4
280035290003,4.06245E+12,PUMA FLYER RUNNER JR - PKBLK - 4.5
280035290004,4.06245E+12,PUMA FLYER RUNNER JR - PKBLK - 5
280035290005,4.06245E+12,PUMA FLYER RUNNER JR - PKBLK - 5.5
280035290006,4.06245E+12,PUMA FLYER RUNNER JR - PKBLK - 6
280035300000,9060511,PUMA FLYER RUNNER JR
280035300001,4.06245E+12,FLYER RUNNER JR - MRNWH - 4
280035300002,4.06245E+12,FLYER RUNNER JR - MRNWH - 4.5
280035300003,4.06245E+12,FLYER RUNNER JR - MRNWH - 5
280035300004,4.06245E+12,FLYER RUNNER JR - MRNWH - 5.5
280035300005,4.06245E+12,FLYER RUNNER JR - MRNWH - 6
280035310000,9058522,PUMA FLYER RUNNER JR
280035310001,4.0637E+12,PUMA FLYER RUNNER JR - BLKGY - 3
280035310002,4.0637E+12,PUMA FLYER RUNNER JR - BLKGY - 6
280035310003,4.0637E+12,PUMA FLYER RUNNER JR - BLKGY - 3.5
280035310004,4.0637E+12,PUMA FLYER RUNNER JR - BLKGY - 4
280035310005,4.0637E+12,PUMA FLYER RUNNER JR - BLKGY - 4.5
280035310006,4.0637E+12,PUMA FLYER RUNNER JR - BLKGY - 5
280035310007,4.0637E+12,PUMA FLYER RUNNER JR - BLKGY - 5.5
280035320000,9058533,PUMA FLYER RUNNER JR
280035320001,4.0637E+12,FLYER RUNNER JR - BLUE - 3
280035320002,4.0637E+12,FLYER RUNNER JR - BLUE - 3.5
280035320003,4.0637E+12,FLYER RUNNER JR - BLUE - 4
280035320004,4.0637E+12,FLYER RUNNER JR - BLUE - 4.5
280035320005,4.0637E+12,FLYER RUNNER JR - BLUE - 5
280035320006,4.0637E+12,FLYER RUNNER JR - BLUE - 5.5
280035320007,4.0637E+12,FLYER RUNNER JR - BLUE - 6
280248200000,9061301,PUMA FLYER RUNNER JR
280248200001,4.0637E+12,PUMA FLYER RUNNER JR - BLUWH - 3.5
280248200002,9.0613E+11,PUMA FLYER RUNNER JR - BLUWH - 3.5
280248200003,4.0637E+12,PUMA FLYER RUNNER JR - BLUWH - 4.5
280248200004,4.0637E+12,PUMA FLYER RUNNER JR - BLUWH - 4
280248200005,4.0637E+12,PUMA FLYER RUNNER JR - BLUWH - 3
280248200006,4.0637E+12,PUMA FLYER RUNNER JR - BLUWH - 6
280248200007,4.0637E+12,PUMA FLYER RUNNER JR - BLUWH - 5.5
280248200008,4.0637E+12,PUMA FLYER RUNNER JR - BLUWH - 5
280035330000,9063385,PUMA FLYER RUNNER JR
280035330001,4.0637E+12,FLYER RUNNER JR - WHTPK - 4
280035330002,4.0637E+12,FLYER RUNNER JR - WHTPK - 4.5
280035330003,4.0637E+12,FLYER RUNNER JR - WHTPK - 5
280035330004,4.0637E+12,FLYER RUNNER JR - WHTPK - 5.5
280035330005,4.0637E+12,FLYER RUNNER JR - WHTPK - 6
280035330006,4.0637E+12,FLYER RUNNER JR - WHTPK - 3.5
280035330007,4.0637E+11,FLYER RUNNER JR - WHTPK - 3.5
280030300000,9072513,PUMA FLYER RUNNER JR
280030300001,4.06454E+12,PUMA FLYER RUNNER JR - BLKWH - 3.5
280030300002,4.06454E+12,PUMA FLYER RUNNER JR - BLKWH - 4
280030300003,4.06454E+12,PUMA FLYER RUNNER JR - BLKWH - 4.5
280030300004,4.06454E+12,PUMA FLYER RUNNER JR - BLKWH - 5
280030300005,4.06454E+12,PUMA FLYER RUNNER JR - BLKWH - 5.5
280030300006,4.06454E+12,PUMA FLYER RUNNER JR - BLKWH - 6
280035340000,9070134,PUMA FLYER RUNNER JR
280035340001,4.06454E+12,FLYER RUNNER JR - REDWH - 4
280035340002,4.06454E+12,FLYER RUNNER JR - REDWH - 4.5
280035340003,4.06454E+12,FLYER RUNNER JR - REDWH - 5
280035340004,4.06454E+12,FLYER RUNNER JR - REDWH - 5.5
280035340005,4.06454E+12,FLYER RUNNER JR - REDWH - 6
280035350000,9070135,PUMA FLYER RUNNER JR
280035350001,4.06545E+12,FLYER RUNNER JR - BLKWH - 4
280035350002,4.06545E+12,FLYER RUNNER JR - BLKWH - 4.5
280035350003,4.06545E+12,FLYER RUNNER JR - BLKWH - 5
280035350004,4.06545E+12,FLYER RUNNER JR - BLKWH - 5.5
280035350005,4.06545E+12,FLYER RUNNER JR - BLKWH - 6
280036890000,9066135,PUMA FLYER RUNNER JR
280036890001,4.06545E+12,FLYER RUNNER JR - BLUWH - 4
280036890002,4.06545E+12,FLYER RUNNER JR - BLUWH - 4.5
280036890003,4.06545E+12,FLYER RUNNER JR - BLUWH - 5
280036890004,4.06545E+12,FLYER RUNNER JR - BLUWH - 5.5
280036890005,4.06545E+12,FLYER RUNNER JR - BLUWH - 6
280035360000,9066136,PUMA FLYER RUNNER JR
280035360001,4.06545E+12,PUMA FLYER RUNNER JR - BLUE - 4
280035360002,4.06545E+12,PUMA FLYER RUNNER JR - BLUE - 4.5
280035360003,4.06545E+12,PUMA FLYER RUNNER JR - BLUE - 5
280035360004,4.06545E+12,PUMA FLYER RUNNER JR - BLUE - 5.5
280035360005,4.06545E+12,PUMA FLYER RUNNER JR - BLUE - 6
280035360006,4.06545E+11,PUMA FLYER RUNNER JR - BLUE - 3.5
280035360007,4.06545E+11,PUMA FLYER RUNNER JR - BLUE - 4
280035360008,4.06545E+11,PUMA FLYER RUNNER JR - BLUE - 4.5
280035360009,4.06545E+11,PUMA FLYER RUNNER JR - BLUE - 5
280035360010,4.06545E+11,PUMA FLYER RUNNER JR - BLUE - 5.5
280035360011,4.06545E+11,PUMA FLYER RUNNER JR - BLUE - 6
280035360012,4.06545E+12,PUMA FLYER RUNNER JR - BLUE - 3.5
280029510000,9074908,PUMA FLYER RUNNER JR
280029510001,4.06545E+12,PUMA FLYER RUNNER JR - GRYWH - 4
280029510002,4.06545E+12,PUMA FLYER RUNNER JR - GRYWH - 4.5
280029510003,4.06545E+12,PUMA FLYER RUNNER JR - GRYWH - 5
280029510004,4.06545E+12,PUMA FLYER RUNNER JR - GRYWH - 5.5
280029510005,4.06545E+12,PUMA FLYER RUNNER JR - GRYWH - 6
280029510006,4.06545E+12,PUMA FLYER RUNNER JR - GRYWH - 3.5
280036900000,9067093,PUMA FLYER RUNNER JR
280036900001,4.06545E+12,FLYER RUNNER JR - PKWHT - 5
280036900002,4.06545E+12,FLYER RUNNER JR - PKWHT - 5.5
280036900003,4.06545E+12,FLYER RUNNER JR - PKWHT - 6
280036900004,4.06545E+12,FLYER RUNNER JR - PKWHT - 4.5
280030310000,9074831,PUMA FLYER RUNNER JR
280030310001,4.06545E+12,FLYER RUNNER JR - WHITE - 3.5
280030310002,4.06545E+12,FLYER RUNNER JR - WHITE - 4
280030310003,4.06545E+12,FLYER RUNNER JR - WHITE - 4.5
280030310004,4.06545E+12,FLYER RUNNER JR - WHITE - 5
280030310005,4.06545E+12,FLYER RUNNER JR - WHITE - 5.5
280030310006,4.06545E+12,FLYER RUNNER JR - WHITE - 6
280030310007,4.06545E+11,FLYER RUNNER JR - WHITE - 3.5
280030310008,4.06545E+11,FLYER RUNNER JR - WHITE - 4
280030310009,4.06545E+11,FLYER RUNNER JR - WHITE - 4.5
280030310010,4.06545E+11,FLYER RUNNER JR - WHITE - 5
280030310011,4.06545E+11,FLYER RUNNER JR - WHITE - 5.5
280030310012,4.06545E+11,FLYER RUNNER JR - WHITE - 6
280242130000,9076144,PUMA FLYER RUNNER JR
280242130001,4.06798E+12,PUMA FLYER RUNNER JR - BLUOR - 3.5
280242130002,4.06798E+12,PUMA FLYER RUNNER JR - BLUOR - 4
280242130003,4.06798E+12,PUMA FLYER RUNNER JR - BLUOR - 4.5
280242130004,4.06798E+12,PUMA FLYER RUNNER JR - BLUOR - 5
280242130005,4.06798E+12,PUMA FLYER RUNNER JR - BLUOR - 5.5
280242130006,4.06798E+12,PUMA FLYER RUNNER JR - BLUOR - 6
280029520000,9075467,PUMA FLYER RUNNER JR CLUB
280029520001,4.06798E+12,PUMA FLYER RUNNER JR CLUB - NAVY - 3.5
280029520002,4.06798E+12,PUMA FLYER RUNNER JR CLUB - NAVY - 4
280029520003,4.06798E+12,PUMA FLYER RUNNER JR CLUB - NAVY - 4.5
280029520004,4.06798E+12,PUMA FLYER RUNNER JR CLUB - NAVY - 5
280029520005,4.06798E+12,PUMA FLYER RUNNER JR CLUB - NAVY - 5.5
280029520006,4.06798E+12,PUMA FLYER RUNNER JR CLUB - NAVY - 6
280270600000,,PUMA FLYER RUNNER JR
280270600001,4.06798E+12,PUMA FLYER RUNNER JR - LVWHT - 3.5
280270600002,4.06798E+12,PUMA FLYER RUNNER JR - LVWHT - 4
280270600003,4.06798E+12,PUMA FLYER RUNNER JR - LVWHT - 4.5
280270600004,4.06798E+12,PUMA FLYER RUNNER JR - LVWHT - 5
280270600005,4.06798E+12,PUMA FLYER RUNNER JR - LVWHT - 5.5
280270600006,4.06798E+12,PUMA FLYER RUNNER JR - LVWHT - 6
280028480000,9061302,FLYER RUNNER V PS
280028480001,4.06098E+12,FLYER RUNNER V PS - BLKWH - 12
280028480002,4.06098E+12,FLYER RUNNER V PS - BLKWH - 1
280028480003,4.06098E+12,FLYER RUNNER V PS - BLKWH - 2
280028480004,4.06098E+12,FLYER RUNNER V PS - BLKWH - 10
280028480005,4.06098E+12,FLYER RUNNER V PS - BLKWH - 11
280028480006,4.06098E+12,FLYER RUNNER V PS - BLKWH - 13
280030320000,9074832,FLYER RUNNER V PS
280030320001,4.06098E+12,FLYER RUNNER V PS - GRYWH - 10.5
280030320002,4.06098E+12,FLYER RUNNER V PS - GRYWH - 11
280030320003,4.06098E+12,FLYER RUNNER V PS - GRYWH - 12
280030320004,4.06098E+12,FLYER RUNNER V PS - GRYWH - 13
280030320005,4.06098E+12,FLYER RUNNER V PS - GRYWH - 13.5
280030320006,4.06098E+12,FLYER RUNNER V PS - GRYWH - 1
280030320007,4.06098E+12,FLYER RUNNER V PS - GRYWH - 1.5
280030320008,4.06098E+12,FLYER RUNNER V PS - GRYWH - 2
280030320009,4.06098E+12,FLYER RUNNER V PS - GRYWH - 2.5
280030320010,4.06098E+11,FLYER RUNNER V PS - GRYWH - 10.5
280030320011,4.06098E+11,FLYER RUNNER V PS - GRYWH - 11
280030320012,4.06098E+11,FLYER RUNNER V PS - GRYWH - 12
280030320013,4.06098E+11,FLYER RUNNER V PS - GRYWH - 13
280030320014,4.06098E+11,FLYER RUNNER V PS - GRYWH - 13.5
280030320015,4.06098E+11,FLYER RUNNER V PS - GRYWH - 1
280030320016,4.06098E+11,FLYER RUNNER V PS - GRYWH - 1.5
280030320017,4.06098E+11,FLYER RUNNER V PS - GRYWH - 2
280030320018,4.06098E+11,FLYER RUNNER V PS - GRYWH - 2.5
280030330000,9058519,FLYER RUNNER V PS
280030330001,4.06245E+12,FLYER RUNNER V PS - BLKWH - 2
280030330002,4.06245E+12,FLYER RUNNER V PS - BLKWH - 10.5
280030330003,4.06245E+12,FLYER RUNNER V PS - BLKWH - 11
280030330004,4.06245E+12,FLYER RUNNER V PS - BLKWH - 12
280030330005,4.06245E+12,FLYER RUNNER V PS - BLKWH - 13
280030330006,4.06245E+12,FLYER RUNNER V PS - BLKWH - 13.5
280030330007,4.06245E+12,FLYER RUNNER V PS - BLKWH - 1
280030330008,4.06245E+12,FLYER RUNNER V PS - BLKWH - 1.5
280030330009,4.06245E+12,FLYER RUNNER V PS - BLKWH - 2.5
280030330010,4.06245E+11,FLYER RUNNER V PS - BLKWH - 10.5
280030330011,4.06245E+11,FLYER RUNNER V PS - BLKWH - 11
280030330012,4.06245E+11,FLYER RUNNER V PS - BLKWH - 12
280030330013,4.06245E+11,FLYER RUNNER V PS - BLKWH - 13
280030330014,4.06245E+11,FLYER RUNNER V PS - BLKWH - 13.5
280030330015,4.06245E+11,FLYER RUNNER V PS - BLKWH - 1
280030330016,4.06245E+11,FLYER RUNNER V PS - BLKWH - 1.5
280030330017,4.06245E+11,FLYER RUNNER V PS - BLKWH - 2
280030330018,4.06245E+11,FLYER RUNNER V PS - BLKWH - 2.5
280028490000,9074709,FLYER RUNNER V PS HIGH RISE-PUMA WHITE-F
280028490001,4.06245E+12,FLYER RUNNER V PS HIGH RISE-PUMA WHITE-F
280028490002,4.06245E+12,FLYER RUNNER V PS HIGH RISE-PUMA WHITE-F
280028490003,4.06245E+12,FLYER RUNNER V PS HIGH RISE-PUMA WHITE-F
280028490004,4.06245E+12,FLYER RUNNER V PS HIGH RISE-PUMA WHITE-F
280028490005,4.06245E+12,FLYER RUNNER V PS HIGH RISE-PUMA WHITE-F
280028490006,4.06245E+12,FLYER RUNNER V PS HIGH RISE-PUMA WHITE-F
280028490007,4.06245E+12,FLYER RUNNER V PS HIGH RISE-PUMA WHITE-F
280028490008,4.06245E+12,FLYER RUNNER V PS HIGH RISE-PUMA WHITE-F
280028490009,4.06245E+12,FLYER RUNNER V PS HIGH RISE-PUMA WHITE-F
280002430000,9061265,FLYER RUNNER V PS
280002430001,4.0637E+12,FLYER RUNNER V PS - PKWHT - 12
280002430002,4.0637E+12,FLYER RUNNER V PS - PKWHT - 13
280002430003,4.0637E+12,FLYER RUNNER V PS - PKWHT - 1
280002430004,4.0637E+12,FLYER RUNNER V PS - PKWHT - 2
280002430005,4.0637E+12,FLYER RUNNER V PS - PKWHT - 10
280002430006,4.0637E+12,FLYER RUNNER V PS - PKWHT - 11
280028500000,9074710,FLYER RUNNER V PS DUSTY AQUA-LIGHT AQUA-
280028500001,4.06545E+12,FLYER RUNNER V PS DUSTY AQUA-LIGHT AQUA-
280028500002,4.06545E+12,FLYER RUNNER V PS DUSTY AQUA-LIGHT AQUA-
280028500003,4.06545E+12,FLYER RUNNER V PS DUSTY AQUA-LIGHT AQUA-
280028500004,4.06545E+12,FLYER RUNNER V PS DUSTY AQUA-LIGHT AQUA-
280028500005,4.06545E+12,FLYER RUNNER V PS DUSTY AQUA-LIGHT AQUA-
280028500006,4.06545E+12,FLYER RUNNER V PS DUSTY AQUA-LIGHT AQUA-
280028500007,4.06545E+12,FLYER RUNNER V PS DUSTY AQUA-LIGHT AQUA-
280028500008,4.06545E+12,FLYER RUNNER V PS DUSTY AQUA-LIGHT AQUA-
280028500009,4.06545E+12,FLYER RUNNER V PS DUSTY AQUA-LIGHT AQUA-
280243710000,9076177,FLYER RUNNER V PS COOL
280243710001,4.06545E+12,FLYER RUNNER V PS COOL - GREY - 1
280243710002,4.06545E+12,FLYER RUNNER V PS COOL - GREY - 1.5
280243710003,4.06545E+12,FLYER RUNNER V PS COOL - GREY - 2
280243710004,4.06545E+12,FLYER RUNNER V PS COOL - GREY - 2.5
280243710005,4.06545E+12,FLYER RUNNER V PS COOL - GREY - 10.5
280243710006,4.06545E+12,FLYER RUNNER V PS COOL - GREY - 11
280243710007,4.06545E+12,FLYER RUNNER V PS COOL - GREY - 12
280243710008,4.06545E+12,FLYER RUNNER V PS COOL - GREY - 13
280243710009,4.06545E+12,FLYER RUNNER V PS COOL - GREY - 13.5
280028510000,9074711,FLYER RUNNER V PS FUTURE PINK-FROSTY PIN
280028510001,4.09968E+12,FLYER RUNNER V PS FUTURE PINK-FROSTY PIN
280028510002,4.09968E+12,FLYER RUNNER V PS FUTURE PINK-FROSTY PIN
280028510003,4.09968E+12,FLYER RUNNER V PS FUTURE PINK-FROSTY PIN
280028510004,4.09968E+12,FLYER RUNNER V PS FUTURE PINK-FROSTY PIN
280028510005,4.09968E+12,FLYER RUNNER V PS FUTURE PINK-FROSTY PIN
280028510006,4.09968E+12,FLYER RUNNER V PS FUTURE PINK-FROSTY PIN
280028510007,4.09968E+12,FLYER RUNNER V PS FUTURE PINK-FROSTY PIN
280028510008,4.09968E+12,FLYER RUNNER V PS FUTURE PINK-FROSTY PIN
280028510009,4.09968E+12,FLYER RUNNER V PS FUTURE PINK-FROSTY PIN
280028520000,9074712,FLYER RUNNER V PS BLUE HORIZON-FROSTED D
280028520001,4.06798E+12,FLYER RUNNER V PS BLUE HORIZON-FROSTED D
280028520002,4.06798E+12,FLYER RUNNER V PS BLUE HORIZON-FROSTED D
280028520003,4.06798E+12,FLYER RUNNER V PS BLUE HORIZON-FROSTED D
280028520004,4.06798E+12,FLYER RUNNER V PS BLUE HORIZON-FROSTED D
280028520005,4.06798E+12,FLYER RUNNER V PS BLUE HORIZON-FROSTED D
280028520006,4.06798E+12,FLYER RUNNER V PS BLUE HORIZON-FROSTED D
280028520007,4.06798E+12,FLYER RUNNER V PS BLUE HORIZON-FROSTED D
280028520008,4.06798E+12,FLYER RUNNER V PS BLUE HORIZON-FROSTED D
280028520009,4.06798E+12,FLYER RUNNER V PS BLUE HORIZON-FROSTED D
280029530000,9075468,PUMA FLYER RUNNER V PS CLUB
280029530001,4.06798E+12,PUMA FLYER RUNNER V PS CLUB - NAVY - 10.
280029530002,4.06798E+12,PUMA FLYER RUNNER V PS CLUB - NAVY - 11
280029530003,4.06798E+12,PUMA FLYER RUNNER V PS CLUB - NAVY - 12
280029530004,4.06798E+12,PUMA FLYER RUNNER V PS CLUB - NAVY - 13
280029530005,4.06798E+12,PUMA FLYER RUNNER V PS CLUB - NAVY - 13.
280029530006,4.06798E+12,PUMA FLYER RUNNER V PS CLUB - NAVY - 1
280029530007,4.06798E+12,PUMA FLYER RUNNER V PS CLUB - NAVY - 1.5
280029530008,4.06798E+12,PUMA FLYER RUNNER V PS CLUB - NAVY - 2
280029530009,4.06798E+12,PUMA FLYER RUNNER V PS CLUB - NAVY - 2.5
280002440000,9062133,FLYER RUNNER V INF PUMA BLACK-PUMA WHITE
280002440001,4.01527E+12,FLYER RUNNER V INF PUMA BLACK-PUMA WHITE
280002440002,4.01527E+12,FLYER RUNNER V INF PUMA BLACK-PUMA WHITE
280002440003,4.01527E+12,FLYER RUNNER V INF PUMA BLACK-PUMA WHITE
280248210000,9076315,FLYER RUNNER V INF PUMA
280248210001,4.01527E+12,FLYER RUNNER V INF PUMA - BLKWH - 5
280248210002,4.01527E+12,FLYER RUNNER V INF PUMA - BLKWH - 9
280248210003,4.01527E+12,FLYER RUNNER V INF PUMA - BLKWH - 8.5
280248210004,4.01527E+12,FLYER RUNNER V INF PUMA - BLKWH - 8
280248210005,4.01527E+12,FLYER RUNNER V INF PUMA - BLKWH - 7
280248210006,4.01527E+12,FLYER RUNNER V INF PUMA - BLKWH - 6
280002450000,9054013,FLYER RUNNER V INF
280002450001,4.06245E+12,FLYER RUNNER V INF - WHITE - 4
280002450002,4.06245E+12,FLYER RUNNER V INF - WHITE - 5
280002450003,4.06245E+12,FLYER RUNNER V INF - WHITE - 6
280002450004,4.06245E+12,FLYER RUNNER V INF - WHITE - 7
280002450005,4.06245E+12,FLYER RUNNER V INF - WHITE - 8
280002450006,4.06245E+12,FLYER RUNNER V INF - WHITE - 9
280002460000,9056095,FLYER RUNNER V INF
280002460001,4.06245E+12,FLYER RUNNER V INF - BLUE - 6
280002460002,4.06245E+12,FLYER RUNNER V INF - BLUE - 7
280002460003,4.06245E+12,FLYER RUNNER V INF - BLUE - 8
280002460004,4.06245E+12,FLYER RUNNER V INF - BLUE - 9
280028530000,9074713,FLYER RUNNER V INF DUSTY AQUA-LIGHT AQUA
280028530001,4.06545E+12,FLYER RUNNER V INF DUSTY AQUA-LIGHT AQUA
280028530002,4.06545E+12,FLYER RUNNER V INF DUSTY AQUA-LIGHT AQUA
280028530003,4.06545E+12,FLYER RUNNER V INF DUSTY AQUA-LIGHT AQUA
280028530004,4.06545E+12,FLYER RUNNER V INF DUSTY AQUA-LIGHT AQUA
280028530005,4.06545E+12,FLYER RUNNER V INF DUSTY AQUA-LIGHT AQUA
280028530006,4.06545E+12,FLYER RUNNER V INF DUSTY AQUA-LIGHT AQUA
280028540000,9074714,FLYER RUNNER V INF COOL MID GRAY-PUMA WH
280028540001,4.06545E+12,FLYER RUNNER V INF COOL MID GRAY-PUMA WH
280028540002,4.06545E+12,FLYER RUNNER V INF COOL MID GRAY-PUMA WH
280028540003,4.06545E+12,FLYER RUNNER V INF COOL MID GRAY-PUMA WH
280028540004,4.06545E+12,FLYER RUNNER V INF COOL MID GRAY-PUMA WH
280028540005,4.06545E+12,FLYER RUNNER V INF COOL MID GRAY-PUMA WH
280028540006,4.06545E+12,FLYER RUNNER V INF COOL MID GRAY-PUMA WH
280028550000,9074715,FLYER RUNNER V INF FUTURE PINK-FROSTY PI
280028550001,4.06545E+12,FLYER RUNNER V INF FUTURE PINK-FROSTY PI
280028550002,4.06545E+12,FLYER RUNNER V INF FUTURE PINK-FROSTY PI
280028550003,4.06545E+12,FLYER RUNNER V INF FUTURE PINK-FROSTY PI
280028550004,4.06545E+12,FLYER RUNNER V INF FUTURE PINK-FROSTY PI
280028550005,4.06545E+12,FLYER RUNNER V INF FUTURE PINK-FROSTY PI
280028550006,4.06545E+12,FLYER RUNNER V INF FUTURE PINK-FROSTY PI
280029540000,9074909,PUMA FLYER RUNNER V INF
280029540001,4.06798E+12,PUMA FLYER RUNNER V INF - BLUWH - 5
280029540002,4.06798E+12,PUMA FLYER RUNNER V INF - BLUWH - 6
280029540003,4.06798E+12,PUMA FLYER RUNNER V INF - BLUWH - 7
280029540004,4.06798E+12,PUMA FLYER RUNNER V INF - BLUWH - 8
280029540005,4.06798E+12,PUMA FLYER RUNNER V INF - BLUWH - 8.5
280029540006,4.06798E+12,PUMA FLYER RUNNER V INF - BLUWH - 9
280028560000,9074716,FLYER RUNNER V INF CLUB NAVY-GRAY SKIES-
280028560001,4.06798E+12,FLYER RUNNER V INF CLUB NAVY-GRAY SKIES-
280028560002,4.06798E+12,FLYER RUNNER V INF CLUB NAVY-GRAY SKIES-
280028560003,4.06798E+12,FLYER RUNNER V INF CLUB NAVY-GRAY SKIES-
280028560004,4.06798E+12,FLYER RUNNER V INF CLUB NAVY-GRAY SKIES-
280028560005,4.06798E+12,FLYER RUNNER V INF CLUB NAVY-GRAY SKIES-
280028560006,4.06798E+12,FLYER RUNNER V INF CLUB NAVY-GRAY SKIES-
280002540000,9057111,FLYER RUNNER COLOR TWIST JR
280002540001,4.06245E+12,FLYER RUNNER COLOR TWIST JR - WHITE - 4
280002540002,4.06245E+12,FLYER RUNNER COLOR TWIST JR - WHITE - 4.
280002540003,4.06245E+12,FLYER RUNNER COLOR TWIST JR - WHITE - 5
280002540004,4.06245E+12,FLYER RUNNER COLOR TWIST JR - WHITE - 5.
280002540005,4.06245E+12,FLYER RUNNER COLOR TWIST JR - WHITE - 6
280035380000,9055335,FLYER RUNNER SPORT CASTLEROCK
280035380001,4.06245E+12,FLYER RUNNER SPORT CASTLEROCK - BLKWH -
280035380002,4.06245E+12,FLYER RUNNER SPORT CASTLEROCK - BLKWH -
280035380003,4.06245E+12,FLYER RUNNER SPORT CASTLEROCK - BLKWH -
280035380004,4.06245E+12,FLYER RUNNER SPORT CASTLEROCK - BLKWH -
280035380005,4.06245E+12,FLYER RUNNER SPORT CASTLEROCK - BLKWH -
280035380006,4.06245E+12,FLYER RUNNER SPORT CASTLEROCK - BLKWH -
280035380007,4.06245E+12,FLYER RUNNER SPORT CASTLEROCK - BLKWH -
280035380008,4.06245E+12,FLYER RUNNER SPORT CASTLEROCK - BLKWH -
280002700000,9061321,FLYER FLEX PUMA
280002700001,4.0637E+12,FLYER FLEX PUMA - BLKWH - 8
280002700002,4.0637E+12,FLYER FLEX PUMA - BLKWH - 8.5
280002700003,4.0637E+12,FLYER FLEX PUMA - BLKWH - 9.5
280002700004,4.0637E+12,FLYER FLEX PUMA - BLKWH - 7
280002700005,4.0637E+12,FLYER FLEX PUMA - BLKWH - 9
280002700006,4.0637E+12,FLYER FLEX PUMA - BLKWH - 10
280002700007,4.0637E+12,FLYER FLEX PUMA - BLKWH - 11
280002710000,9061326,FLYER FLEX
280002710001,9.06133E+11,FLYER FLEX - BLACK - 10
280002710002,9.06133E+11,FLYER FLEX - BLACK - 7
280002710003,9.06133E+11,FLYER FLEX - BLACK - 8
280002710004,9.06133E+11,FLYER FLEX - BLACK - 9
280002710005,9.06133E+11,FLYER FLEX - BLACK - 9.5
280002710006,4.06454E+12,FLYER FLEX - BLKGR - 8
280002710007,4.06454E+12,FLYER FLEX - BLKGR - 9
280002710008,9.06133E+11,FLYER FLEX - BLKGR - 10
280002710009,9.06133E+11,FLYER FLEX - BLKGR - 8
280002710010,9.06133E+11,FLYER FLEX - BLKGR - 9
280002710011,4.06454E+12,FLYER FLEX - BLKGR - 10
280002710012,4.06454E+12,FLYER FLEX - BLKGR - 7
280002710013,4.06454E+12,FLYER FLEX - BLKGR - 9.5
280002710014,4.06454E+12,FLYER FLEX - BLKGR - 11
280035470000,9061380,PUMA FLYER RUNNER MESH
280035470001,4.0637E+12,FLYER RUNNER MESH - BLKWH - 7
280035470002,4.0637E+12,FLYER RUNNER MESH - BLKWH - 8
280035470003,4.0637E+12,FLYER RUNNER MESH - BLKWH - 9
280035470004,4.0637E+12,FLYER RUNNER MESH - BLKWH - 10
280035470005,4.0637E+12,FLYER RUNNER MESH - BLKWH - 11
280035470006,4.0637E+12,FLYER RUNNER MESH - BLKWH - 12
280035470007,4.0637E+12,FLYER RUNNER MESH - BLKWH - 6.5
280035470008,4.0637E+12,FLYER RUNNER MESH - BLKWH - 7.5
280035470009,4.0637E+12,FLYER RUNNER MESH - BLKWH - 8.5
280035470010,4.0637E+12,FLYER RUNNER MESH - BLKWH - 9.5
280035470011,4.06454E+12,FLYER RUNNER MESH - BLKWH - 13
280035480000,9060990,PUMA FLYER RUNNER MESH
280035480001,4.0637E+12,FLYER RUNNER MESH - BLACK - 8
280035480002,4.0637E+12,FLYER RUNNER MESH - BLACK - 7.5
280035480003,4.0637E+12,FLYER RUNNER MESH - BLACK - 8.5
280035480004,4.0637E+12,FLYER RUNNER MESH - BLACK - 9
280035480005,4.0637E+12,FLYER RUNNER MESH - BLACK - 9.5
280035480006,4.0637E+12,FLYER RUNNER MESH - BLACK - 10
280035480007,4.0637E+12,FLYER RUNNER MESH - BLACK - 11
280035480008,4.0637E+12,FLYER RUNNER MESH - BLACK - 7
280035480009,4.0637E+12,FLYER RUNNER MESH - BLACK - 12
280035480010,4.06454E+12,FLYER RUNNER MESH - BLACK - 13
280035490000,9063180,PUMA FLYER RUNNER MESH
280035490001,4.0637E+12,FLYER RUNNER MESH - BLKRD - 6
280035490002,4.0637E+12,FLYER RUNNER MESH - BLKRD - 7
280035490003,4.0637E+12,FLYER RUNNER MESH - BLKRD - 8
280035490004,4.0637E+12,FLYER RUNNER MESH - BLKRD - 9
280035490005,4.0637E+12,FLYER RUNNER MESH - BLKRD - 6.5
280035490006,4.0637E+12,FLYER RUNNER MESH - BLKRD - 7.5
280035490007,4.0637E+12,FLYER RUNNER MESH - BLKRD - 8.5
280035490008,4.0637E+12,FLYER RUNNER MESH - BLKRD - 9.5
280035490009,4.0637E+12,FLYER RUNNER MESH - BLKRD - 10
280035490010,4.0637E+12,FLYER RUNNER MESH - BLKRD - 11
280035490011,4.0637E+12,FLYER RUNNER MESH - BLKRD - 12
280035500000,9059161,FLYER RUNNER MESH
280035500001,4.0637E+12,FLYER RUNNER MESH - REDWH - 7.5
280035500002,4.0637E+12,FLYER RUNNER MESH - REDWH - 8
280035500003,4.0637E+12,FLYER RUNNER MESH - REDWH - 8.5
280035500004,4.0637E+12,FLYER RUNNER MESH - REDWH - 9
280035500005,4.0637E+12,FLYER RUNNER MESH - REDWH - 9.5
280035510000,9059943,PUMA FLYER RUNNER MESH
280035510001,4.06454E+12,FLYER RUNNER MESH - GRYBK - 7.5
280035510002,4.06454E+12,FLYER RUNNER MESH - GRYBK - 8
280035510003,4.06454E+12,FLYER RUNNER MESH - GRYBK - 8.5
280035510004,4.06454E+12,FLYER RUNNER MESH - GRYBK - 9
280035510005,4.06454E+12,FLYER RUNNER MESH - GRYBK - 9.5
280035510006,4.06454E+12,FLYER RUNNER MESH - GRYBK - 10
280035510007,4.06454E+12,FLYER RUNNER MESH - GRYBK - 11
280035510008,4.06454E+12,FLYER RUNNER MESH - GRYBK - 5
280035510009,4.06454E+12,FLYER RUNNER MESH - GRYBK - 6
280035510010,4.06454E+12,FLYER RUNNER MESH - GRYBK - 7
280035520000,9059968,FLYER RUNNER MESH
280035520001,9.05997E+11,FLYER RUNNER MESH - S - 7.5
280035520002,9.05997E+11,FLYER RUNNER MESH - S - 8
280035520003,9.05997E+11,FLYER RUNNER MESH - S - 8.5
280035520004,9.05997E+11,FLYER RUNNER MESH - S - 9
280035520005,9.05997E+11,FLYER RUNNER MESH - S - 9.5
280035520006,9.05997E+11,FLYER RUNNER MESH - REDBK - UNIT
280035520007,4.06454E+12,FLYER RUNNER MESH - REDBK - 3
280035520008,4.06454E+12,FLYER RUNNER MESH - REDBK - 4
280035520009,4.06454E+12,FLYER RUNNER MESH - REDBK - 5
280035520010,9.05997E+11,FLYER RUNNER MESH - S - UNIT
280035520011,4.06454E+12,FLYER RUNNER MESH - REDBK - 7.5
280035520012,4.06454E+12,FLYER RUNNER MESH - REDBK - 8
280035520013,4.06454E+12,FLYER RUNNER MESH - REDBK - 8.5
280035520014,4.06454E+12,FLYER RUNNER MESH - REDBK - 9
280035520015,4.06454E+12,FLYER RUNNER MESH - REDBK - 9.5
280035520016,4.06454E+12,FLYER RUNNER MESH - REDBK - 7
280035520017,4.06454E+12,FLYER RUNNER MESH - REDBK - 10
280035520018,4.06454E+12,FLYER RUNNER MESH - REDBK - 11
280035520019,4.06454E+12,FLYER RUNNER MESH - REDBK - 12
280038090000,9061381,PUMA FLYER RUNNER
280038090001,4.06454E+12,FLYER RUNNER - PEBLK - 3
280038090002,4.06454E+12,FLYER RUNNER - PEBLK - 4
280038090003,4.06454E+12,FLYER RUNNER - PEBLK - 7
280038090004,4.06454E+12,FLYER RUNNER - PEBLK - 8
280038090005,4.06454E+12,FLYER RUNNER - PEBLK - 9
280038090006,4.06454E+12,FLYER RUNNER - PEBLK - 10
280038090007,4.06454E+12,FLYER RUNNER - PEBLK - 11
280038090008,4.06454E+12,FLYER RUNNER - PEBLK - 12
280035530000,9062519,FLYEER RUNNER MESH
280035530001,4.06545E+12,FLYEER RUNNER MESH - PEACO - 7.5
280035530002,4.06545E+12,FLYEER RUNNER MESH - PEACO - 8
280035530003,4.06545E+12,FLYEER RUNNER MESH - PEACO - 8.5
280035530004,4.06545E+12,FLYEER RUNNER MESH - PEACO - 9
280035530005,4.06545E+12,FLYEER RUNNER MESH - PEACO - 9.5
280035530006,4.06545E+12,FLYEER RUNNER MESH - PEACO - 10
280035530007,4.06545E+12,FLYEER RUNNER MESH - PEACO - 11
280035530008,4.06545E+12,FLYEER RUNNER MESH - PEACO - 12
280035530009,4.06545E+12,FLYEER RUNNER MESH - PEACO - 13
280035540000,9071175,PUMA FLYER RUNNER
280035540001,4.06545E+12,FLYER RUNNER - BLKLM - 7.5
280035540002,4.06545E+12,FLYER RUNNER - BLKLM - 8
280035540003,4.06545E+12,FLYER RUNNER - BLKLM - 8.5
280035540004,4.06545E+12,FLYER RUNNER - BLKLM - 9
280035540005,4.06545E+12,FLYER RUNNER - BLKLM - 9.5
280035540006,4.06545E+12,FLYER RUNNER - BLKLM - 10
280035540007,4.06545E+12,FLYER RUNNER - BLKLM - 11
280035540008,4.06545E+12,FLYER RUNNER - BLKLM - 12
280035540009,4.06545E+12,FLYER RUNNER - BLKLM - 13
280035550000,9072352,PUMA FLYER RUNNER MESH
280035550001,4.06545E+12,FLYER RUNNER MESH - BURBK - 5
280035550002,4.06545E+12,FLYER RUNNER MESH - BURBK - 5.5
280035550003,4.06545E+12,FLYER RUNNER MESH - BURBK - 6
280035550004,4.06545E+12,FLYER RUNNER MESH - BURBK - 6.5
280035550005,4.06545E+12,FLYER RUNNER MESH - BURBK - 7
280035550006,4.06545E+12,FLYER RUNNER MESH - BURBK - 7.5
280035550007,4.06545E+12,FLYER RUNNER MESH - BURBK - 8
280035550008,4.06545E+12,FLYER RUNNER MESH - BURBK - 8.5
280035550009,4.06545E+12,FLYER RUNNER MESH - BURBK - 9
280035550010,4.06545E+12,FLYER RUNNER MESH - BURBK - 9.5
280035550011,4.06545E+12,FLYER RUNNER MESH - BURBK - 10
280035550012,4.06545E+12,FLYER RUNNER MESH - BURBK - 11
280035550013,4.06545E+12,FLYER RUNNER MESH - BURBK - 12
280035550014,4.06545E+12,FLYER RUNNER MESH - BURBK - 13
280035560000,9070023,PUMA FLYER RUNNER MESH
280035560001,4.06545E+12,FLYER RUNNER MESH - BLUBK - 7.5
280035560002,4.06545E+12,FLYER RUNNER MESH - BLUBK - 8
280035560003,4.06545E+12,FLYER RUNNER MESH - BLUBK - 8.5
280035560004,4.06545E+12,FLYER RUNNER MESH - BLUBK - 9
280035560005,4.06545E+12,FLYER RUNNER MESH - BLUBK - 9.5
280035560006,4.06545E+12,FLYER RUNNER MESH - BLUBK - 10
280035560007,4.06545E+12,FLYER RUNNER MESH - BLUBK - 11
280035560008,4.06545E+12,FLYER RUNNER MESH - BLUBK - 12
280035560009,4.06545E+12,FLYER RUNNER MESH - BLUBK - 13
280035570000,9070024,PUMA FLYER RUNNER MESH
280035570001,4.06545E+12,FLYER RUNNER MESH - RYLWH - 7.5
280035570002,4.06545E+12,FLYER RUNNER MESH - RYLWH - 8
280035570003,4.06545E+12,FLYER RUNNER MESH - RYLWH - 8.5
280035570004,4.06545E+12,FLYER RUNNER MESH - RYLWH - 9
280035570005,4.06545E+12,FLYER RUNNER MESH - RYLWH - 9.5
280035570006,4.06545E+12,FLYER RUNNER MESH - RYLWH - 10
280035570007,4.06545E+12,FLYER RUNNER MESH - RYLWH - 11
280035570008,4.06545E+12,FLYER RUNNER MESH - RYLWH - 12
280035570009,4.06545E+12,FLYER RUNNER MESH - RYLWH - 13
280035580000,9070025,PUMA FLYER RUNNER MESH
280035580001,4.06545E+12,FLYER RUNNER MESH - GRYWH - 4.5
280035580002,4.06545E+12,FLYER RUNNER MESH - GRYWH - 5
280035580003,4.06545E+12,FLYER RUNNER MESH - GRYWH - 5.5
280035580004,4.06545E+12,FLYER RUNNER MESH - GRYWH - 6
280035580005,4.06545E+12,FLYER RUNNER MESH - GRYWH - 6.5
280035580006,4.06545E+12,FLYER RUNNER MESH - GRYWH - 7
280035580007,4.06545E+12,FLYER RUNNER MESH - GRYWH - 7.5
280035580008,4.06545E+12,FLYER RUNNER MESH - GRYWH - 8
280035590000,9070026,FLYER RUNNER MESH
280035590001,4.06545E+12,FLYER RUNNER MESH - REDWH - 5
280035590002,4.06545E+12,FLYER RUNNER MESH - REDWH - 5.5
280035590003,4.06545E+12,FLYER RUNNER MESH - REDWH - 6
280035590004,4.06545E+12,FLYER RUNNER MESH - REDWH - 6.5
280035590005,4.06545E+12,FLYER RUNNER MESH - REDWH - 7
280035590006,4.06545E+12,FLYER RUNNER MESH - REDWH - 7.5
280035590007,4.06545E+12,FLYER RUNNER MESH - REDWH - 8
280035600000,9067094,INTERFLEX XT
280035600001,4.06453E+12,INTERFLEX XT - BLKWH - 7
280035600002,4.06453E+12,INTERFLEX XT - BLKWH - 7.5
280035600003,4.06453E+12,INTERFLEX XT - BLKWH - 8
280035600004,4.06453E+12,INTERFLEX XT - BLKWH - 8.5
280035600005,4.06453E+12,INTERFLEX XT - BLKWH - 9
280035600006,4.06453E+12,INTERFLEX XT - BLKWH - 9.5
280035600007,4.06453E+12,INTERFLEX XT - BLKWH - 10
280035600008,4.06453E+12,INTERFLEX XT - BLKWH - 11
280035600009,4.06453E+12,INTERFLEX XT - BLKWH - 12
280035600010,4.06453E+12,INTERFLEX XT - BLKWH - 13
280035610000,9068219,INTERFLEX XT
280035610001,4.06453E+12,INTERFLEX XT - CRMOR - 4.5
280035610002,4.06453E+12,INTERFLEX XT - CRMOR - 5
280035610003,4.06453E+12,INTERFLEX XT - CRMOR - 5.5
280035610004,4.06453E+12,INTERFLEX XT - CRMOR - 6
280035610005,4.06453E+12,INTERFLEX XT - CRMOR - 6.5
280035610006,4.06453E+12,INTERFLEX XT - CRMOR - 7
280035610007,4.06453E+12,INTERFLEX XT - CRMOR - 7.5
280035610008,4.06453E+12,INTERFLEX XT - CRMOR - 8
280035620000,9068220,INTERFLEX XT
280035620001,4.06453E+12,INTERFLEX XT - PURWH - 4.5
280035620002,4.06453E+12,INTERFLEX XT - PURWH - 5
280035620003,4.06453E+12,INTERFLEX XT - PURWH - 5.5
280035620004,4.06453E+12,INTERFLEX XT - PURWH - 6
280035620005,4.06453E+12,INTERFLEX XT - PURWH - 6.5
280035620006,4.06453E+12,INTERFLEX XT - PURWH - 7
280035620007,4.06453E+12,INTERFLEX XT - PURWH - 7.5
280035620008,4.06453E+12,INTERFLEX XT - PURWH - 8
280002760000,9064358,FLYER RUNNER FEMME WN S
280002760001,4.06545E+12,FLYER RUNNER FEMME WN S - WHITE - 5
280002760002,4.06545E+12,FLYER RUNNER FEMME WN S - WHITE - 5.5
280002760003,4.06545E+12,FLYER RUNNER FEMME WN S - WHITE - 6
280002760004,4.06545E+12,FLYER RUNNER FEMME WN S - WHITE - 6.5
280002760005,4.06545E+12,FLYER RUNNER FEMME WN S - WHITE - 7
280002760006,4.06545E+12,FLYER RUNNER FEMME WN S - WHITE - 7.5
280002760007,4.06545E+12,FLYER RUNNER FEMME WN S - WHITE - 8
280002770000,9061329,FLYER FLEX JR
280002770001,4.0637E+12,FLYER FLEX JR - BLKWH - 4
280002770002,4.0637E+12,FLYER FLEX JR - BLKWH - 5
280002770003,4.0637E+12,FLYER FLEX JR - BLKWH - 5.5
280002770004,4.0637E+12,FLYER FLEX JR - BLKWH - 6
280030360000,9073209,FLYER FLEX JR
280030360001,4.09969E+12,FLYER FLEX JR - WHTPK - 4.5
280030360002,4.09969E+12,FLYER FLEX JR - WHTPK - 5
280030360003,4.09969E+12,FLYER FLEX JR - WHTPK - 5.5
280030360004,4.09969E+12,FLYER FLEX JR - WHTPK - 6
280107490000,9060412,UA SURGE 3
280107490001,1.95253E+11,UA SURGE 3 - BLKWH - 7.5
280107490002,1.95253E+11,UA SURGE 3 - BLKWH - 9.5
280107490003,1.95253E+11,UA SURGE 3 - BLKWH - 8.5
280107490004,1.95253E+11,UA SURGE 3 - BLKWH - 15
280107490005,1.95253E+11,UA SURGE 3 - BLKWH - 13
280107490006,1.95253E+11,UA SURGE 3 - BLKWH - 14
280107490007,1.95253E+11,UA SURGE 3 - BLKWH - 12
280107490008,1.95253E+11,UA SURGE 3 - BLKWH - 11
280107490009,1.95253E+11,UA SURGE 3 - BLKWH - 10
280107490010,1.95253E+11,UA SURGE 3 - BLKWH - 9
280107490011,1.95253E+11,UA SURGE 3 - BLKWH - 8
280107500000,9063346,UA SURGE 3
280107500001,1.95252E+11,UA SURGE 3 - BLACK - 9.5
280107500002,1.95252E+11,UA SURGE 3 - BLACK - 8.5
280107500003,1.95252E+11,UA SURGE 3 - BLACK - 15
280107500004,1.95252E+11,UA SURGE 3 - BLACK - 13
280107500005,1.95252E+11,UA SURGE 3 - BLACK - 14
280107500006,1.95252E+11,UA SURGE 3 - BLACK - 12
280107500007,1.95252E+11,UA SURGE 3 - BLACK - 11
280107500008,1.95252E+11,UA SURGE 3 - BLACK - 10
280107500009,1.95252E+11,UA SURGE 3 - BLACK - 9
280107500010,1.95252E+11,UA SURGE 3 - BLACK - 8
280107510000,9069060,UA SURGE 3
280107510001,1.9604E+11,UA SURGE 3 - BLKLM - 15
280107510002,1.9604E+11,UA SURGE 3 - BLKLM - 14
280107510003,1.9604E+11,UA SURGE 3 - BLKLM - 13
280107510004,1.9604E+11,UA SURGE 3 - BLKLM - 12
280107510005,1.9604E+11,UA SURGE 3 - BLKLM - 11
280107510006,1.9604E+11,UA SURGE 3 - BLKLM - 10
280107510007,1.9604E+11,UA SURGE 3 - BLKLM - 9.5
280107510008,1.9604E+11,UA SURGE 3 - BLKLM - 9
280107510009,1.9604E+11,UA SURGE 3 - BLKLM - 8.5
280107510010,1.9604E+11,UA SURGE 3 - BLKLM - 8
280107520000,9064381,UA SURGE 3
280107520001,1.95254E+11,UA SURGE 3 - BLKRD - 13
280107520002,1.95254E+11,UA SURGE 3 - BLKRD - 14
280107520003,1.95254E+11,UA SURGE 3 - BLKRD - 12
280107520004,1.95254E+11,UA SURGE 3 - BLKRD - 11
280107520005,1.95254E+11,UA SURGE 3 - BLKRD - 10
280107520006,1.95254E+11,UA SURGE 3 - BLKRD - 9
280107520007,1.95254E+11,UA SURGE 3 - BLKRD - 8
280107520008,1.95254E+11,UA SURGE 3 - BLKRD - 9.5
280107520009,1.95254E+11,UA SURGE 3 - BLKRD - 8.5
280107520010,1.95254E+11,UA SURGE 3 - BLKRD - 15
280107530000,9065176,UA SURGE 3
280107530001,1.95254E+11,UA SURGE 3 - GRYBL - 9.5
280107530002,1.95254E+11,UA SURGE 3 - GRYBL - 8.5
280107530003,1.95254E+11,UA SURGE 3 - GRYBL - 15
280107530004,1.95254E+11,UA SURGE 3 - GRYBL - 13
280107530005,1.95254E+11,UA SURGE 3 - GRYBL - 14
280107530006,1.95254E+11,UA SURGE 3 - GRYBL - 12
280107530007,1.95254E+11,UA SURGE 3 - GRYBL - 11
280107530008,1.95254E+11,UA SURGE 3 - GRYBL - 10
280107530009,1.95254E+11,UA SURGE 3 - GRYBL - 9
280107540000,9060418,UA SURGE 3
280107540001,1.95253E+11,UA SURGE 3 - BLKOR - 9.5
280107540002,1.95253E+11,UA SURGE 3 - BLKOR - 8.5
280107540003,1.95253E+11,UA SURGE 3 - BLKOR - 15
280107540004,1.95253E+11,UA SURGE 3 - BLKOR - 13
280107540005,1.95253E+11,UA SURGE 3 - BLKOR - 14
280107540006,1.95253E+11,UA SURGE 3 - BLKOR - 12
280107540007,1.95253E+11,UA SURGE 3 - BLKOR - 11
280107540008,1.95253E+11,UA SURGE 3 - BLKOR - 10
280107540009,1.95253E+11,UA SURGE 3 - BLKOR - 9
280107540010,1.95253E+11,UA SURGE 3 - BLKOR - 8
280107550000,9069773,UA SURGE 3
280107550001,1.9604E+11,UA SURGE 3 - DRKGY - 15
280107550002,1.9604E+11,UA SURGE 3 - DRKGY - 14
280107550003,1.9604E+11,UA SURGE 3 - DRKGY - 13
280107550004,1.9604E+11,UA SURGE 3 - DRKGY - 12
280107550005,1.9604E+11,UA SURGE 3 - DRKGY - 11
280107550006,1.9604E+11,UA SURGE 3 - DRKGY - 10
280107550007,1.9604E+11,UA SURGE 3 - DRKGY - 9.5
280107550008,1.9604E+11,UA SURGE 3 - DRKGY - 9
280107550009,1.9604E+11,UA SURGE 3 - DRKGY - 8.5
280107550010,1.9604E+11,UA SURGE 3 - DRKGY - 8
280274350000,,UA SURGE 3
280107550011,1.9604E+11,UA SURGE 3 - DRKGY - 7
280107560000,9068341,UA SURGE 3
280107560001,1.9604E+11,UA SURGE 3 - WHTRD - 13
280107560002,1.9604E+11,UA SURGE 3 - WHTRD - 12
280107560003,1.9604E+11,UA SURGE 3 - WHTRD - 11
280107560004,1.9604E+11,UA SURGE 3 - WHTRD - 9.5
280107560005,1.9604E+11,UA SURGE 3 - WHTRD - 9
280107560006,1.9604E+11,UA SURGE 3 - WHTRD - 8.5
280107560007,1.9604E+11,UA SURGE 3 - WHTRD - 8
280107560008,1.9604E+11,UA SURGE 3 - WHTRD - 10
280107570000,9071101,SURGE 3
280107570001,1.96884E+11,SURGE 3 - GRYGD - 15
280107570002,1.96884E+11,SURGE 3 - GRYGD - 14
280107570003,1.96884E+11,SURGE 3 - GRYGD - 13
280107570004,1.96884E+11,SURGE 3 - GRYGD - 12
280107570005,1.96884E+11,SURGE 3 - GRYGD - 11
280107570006,1.96884E+11,SURGE 3 - GRYGD - 10
280107570007,1.96884E+11,SURGE 3 - GRYGD - 9.5
280107570008,1.96884E+11,SURGE 3 - GRYGD - 9
280107570009,1.96884E+11,SURGE 3 - GRYGD - 8.5
280274360000,,UA SURGE 3
280274360001,1.96884E+11,UA SURGE 3 - WHTRY - 11
280274360002,1.96884E+11,UA SURGE 3 - WHTRY - 8
280274360003,1.96884E+11,UA SURGE 3 - WHTRY - 8.5
280107580000,9065177,UA SURGE 3
280107580001,1.95254E+11,UA SURGE 3 - NVYYL - 9.5
280107580002,1.95254E+11,UA SURGE 3 - NVYYL - 8.5
280107580003,1.95254E+11,UA SURGE 3 - NVYYL - 15
280107580004,1.95254E+11,UA SURGE 3 - NVYYL - 13
280107580005,1.95254E+11,UA SURGE 3 - NVYYL - 14
280107580006,1.95254E+11,UA SURGE 3 - NVYYL - 12
280107580007,1.95254E+11,UA SURGE 3 - NVYYL - 11
280107580008,1.95254E+11,UA SURGE 3 - NVYYL - 10
280107580009,1.95254E+11,UA SURGE 3 - NVYYL - 9
280107590000,9065184,UA SURGE 3
280107590001,1.95254E+11,UA SURGE 3 - BLUWH - 9.5
280107590002,1.95254E+11,UA SURGE 3 - BLUWH - 8.5
280107590003,1.95254E+11,UA SURGE 3 - BLUWH - 13
280107590004,1.95254E+11,UA SURGE 3 - BLUWH - 14
280107590005,1.95254E+11,UA SURGE 3 - BLUWH - 12
280107590006,1.95254E+11,UA SURGE 3 - BLUWH - 11
280107590007,1.95254E+11,UA SURGE 3 - BLUWH - 10
280107590008,1.95254E+11,UA SURGE 3 - BLUWH - 9
280107600000,9069774,UA SURGE 3
280107600001,1.9604E+11,UA SURGE 3 - NVYOR - 15
280107600002,1.9604E+11,UA SURGE 3 - NVYOR - 14
280107600003,1.9604E+11,UA SURGE 3 - NVYOR - 13
280107600004,1.9604E+11,UA SURGE 3 - NVYOR - 12
280107600005,1.9604E+11,UA SURGE 3 - NVYOR - 11
280107600006,1.9604E+11,UA SURGE 3 - NVYOR - 10
280107600007,1.9604E+11,UA SURGE 3 - NVYOR - 9.5
280107600008,1.9604E+11,UA SURGE 3 - NVYOR - 9
280107600009,1.9604E+11,UA SURGE 3 - NVYOR - 8.5
280107600010,1.9604E+11,UA SURGE 3 - NVYOR - 8
280107610000,9068342,UA SURGE 3
280107610001,1.9604E+11,UA SURGE 3 - NVYGY - 8
280107610002,1.9604E+11,UA SURGE 3 - NVYGY - 9.5
280107610003,1.9604E+11,UA SURGE 3 - NVYGY - 9
280107610004,1.9604E+11,UA SURGE 3 - NVYGY - 8.5
280107610005,1.9604E+11,UA SURGE 3 - NVYGY - 15
280107610006,1.9604E+11,UA SURGE 3 - NVYGY - 14
280107610007,1.9604E+11,UA SURGE 3 - NVYGY - 13
280107610008,1.9604E+11,UA SURGE 3 - NVYGY - 12
280107610009,1.9604E+11,UA SURGE 3 - NVYGY - 11
280107610010,1.9604E+11,UA SURGE 3 - NVYGY - 10
280274370000,,UA SURGE 3
280274370001,1.96039E+11,UA SURGE 3 - BLKWH - 10
280274370002,1.96039E+11,UA SURGE 3 - BLKWH - 11
280274370003,1.96039E+11,UA SURGE 3 - BLKWH - 12
280107730000,9064383,UA W SURGE 3
280107730001,1.95252E+11,UA W SURGE 3 - BLKWH - 9.5
280107730002,1.95252E+11,UA W SURGE 3 - BLKWH - 8.5
280107730003,1.95252E+11,UA W SURGE 3 - BLKWH - 7.5
280107730004,1.95252E+11,UA W SURGE 3 - BLKWH - 9
280107730005,1.95252E+11,UA W SURGE 3 - BLKWH - 8
280107730006,1.95252E+11,UA W SURGE 3 - BLKWH - 7
280274430000,,UA W SURGE 3
280274430001,1.96884E+11,UA W SURGE 3 - BLKVL - 5
280107740000,9065767,SURGE 3
280107740001,1.96039E+11,SURGE 3 - BLKPK - 8.5
280107740002,1.96039E+11,SURGE 3 - BLKPK - 7.5
280107740003,1.96039E+11,SURGE 3 - BLKPK - 6.5
280107740004,1.96039E+11,SURGE 3 - BLKPK - 9
280107740005,1.96039E+11,SURGE 3 - BLKPK - 8
280107740006,1.96039E+11,SURGE 3 - BLKPK - 7
280107750000,9061222,UA W SURGE 3
280107750001,1.95253E+11,UA W SURGE 3 - WHTBK - 7.5
280107750002,1.95253E+11,UA W SURGE 3 - WHTBK - 6.5
280107750003,1.95253E+11,UA W SURGE 3 - WHTBK - 8
280107750004,1.95253E+11,UA W SURGE 3 - WHTBK - 7
280107750005,1.95253E+11,UA W SURGE 3 - WHTBK - 8.5
280107750006,1.95253E+11,UA W SURGE 3 - WHTBK - 9
280107760000,9067717,UA W SURGE 3
280107760001,1.96039E+11,UA W SURGE 3 - DGYWH - 8.5
280107760002,1.96039E+11,UA W SURGE 3 - DGYWH - 9.5
280107760003,1.96039E+11,UA W SURGE 3 - DGYWH - 9
280107760004,1.96039E+11,UA W SURGE 3 - DGYWH - 8
280107760005,1.96039E+11,UA W SURGE 3 - DGYWH - 10
280107760006,1.96039E+11,UA W SURGE 3 - DGYWH - 12
280107760007,1.96039E+11,UA W SURGE 3 - DGYWH - 11
280107760008,1.96039E+11,UA W SURGE 3 - DGYWH - 10.5
280107770000,9065178,UA W SURGE 3
280107770001,1.95254E+11,UA W SURGE 3 - GRYGR - 8.5
280107770002,1.95254E+11,UA W SURGE 3 - GRYGR - 7.5
280107770003,1.95254E+11,UA W SURGE 3 - GRYGR - 6.5
280107770004,1.95254E+11,UA W SURGE 3 - GRYGR - 8
280107770005,1.95254E+11,UA W SURGE 3 - GRYGR - 7
280274440000,,UA W SURGE 3
280274440001,1.96884E+11,UA W SURGE 3 - WHTPU - 9
280107780000,9070491,UA W SURGE 3
280107780001,1.96884E+11,UA W SURGE 3 - GRYGR - 12
280107780002,1.96884E+11,UA W SURGE 3 - GRYGR - 11
280107780003,1.96884E+11,UA W SURGE 3 - GRYGR - 10.5
280107780004,1.96884E+11,UA W SURGE 3 - GRYGR - 10
280107780005,1.96884E+11,UA W SURGE 3 - GRYGR - 9.5
280107780006,1.96884E+11,UA W SURGE 3 - GRYGR - 9
280107780007,1.96884E+11,UA W SURGE 3 - GRYGR - 8.5
280107780008,1.96884E+11,UA W SURGE 3 - GRYGR - 8
280107780009,1.96884E+11,UA W SURGE 3 - GRYGR - 7.5
280107780010,1.96884E+11,UA W SURGE 3 - GRYGR - 7
280274450000,,UA W SURGE 3
280107780011,1.96884E+11,UA W SURGE 3 - GRYGR - 5
280274460000,,UA W SURGE 3
280274460001,1.96884E+11,UA W SURGE 3 - GRYOR - 9
280107790000,9063348,UA W SURGE 3
280107790001,1.95254E+11,UA W SURGE 3 - BLUWH - 8.5
280107790002,1.95254E+11,UA W SURGE 3 - BLUWH - 7.5
280107790003,1.95254E+11,UA W SURGE 3 - BLUWH - 6.5
280107790004,1.95254E+11,UA W SURGE 3 - BLUWH - 9
280107790005,1.95254E+11,UA W SURGE 3 - BLUWH - 8
280107790006,1.95254E+11,UA W SURGE 3 - BLUWH - 7
280107800000,9071102,W SURGE 3
280107800001,1.96884E+11,W SURGE 3 - BLUWH - 9.5
280107800002,1.96884E+11,W SURGE 3 - BLUWH - 9
280107800003,1.96884E+11,W SURGE 3 - BLUWH - 8.5
280107800004,1.96884E+11,W SURGE 3 - BLUWH - 8
280107800005,1.96884E+11,W SURGE 3 - BLUWH - 7.5
280107800006,1.96884E+11,W SURGE 3 - BLUWH - 7
280107800007,1.96884E+11,W SURGE 3 - BLUWH - 6.5
280274470000,,UA W SURGE 3
280107800008,1.96884E+11,UA W SURGE 3 - BLUWH - 5
280107800009,1.96884E+11,UA W SURGE 3 - BLUWH - 5.5
280107810000,9065019,UA W SURGE 3
280107810001,1.95254E+11,UA W SURGE 3 - PURPE - 8.5
280107810002,1.95254E+11,UA W SURGE 3 - PURPE - 7.5
280107810003,1.95254E+11,UA W SURGE 3 - PURPE - 6.5
280107810004,1.95254E+11,UA W SURGE 3 - PURPE - 9
280107810005,1.95254E+11,UA W SURGE 3 - PURPE - 8
280107810006,1.95254E+11,UA W SURGE 3 - PURPE - 7
280107820000,9069061,UA W SURGE 3
280107820001,1.9604E+11,UA W SURGE 3 - PURPE - 10
280107820002,1.9604E+11,UA W SURGE 3 - PURPE - 9.5
280107820003,1.9604E+11,UA W SURGE 3 - PURPE - 9
280107820004,1.9604E+11,UA W SURGE 3 - PURPE - 8.5
280107820005,1.9604E+11,UA W SURGE 3 - PURPE - 8
280107820006,1.9604E+11,UA W SURGE 3 - PURPE - 7.5
280107820007,1.9604E+11,UA W SURGE 3 - PURPE - 7
280107820008,1.9604E+11,UA W SURGE 3 - PURPE - 6.5
280107820009,1.9604E+11,UA W SURGE 3 - PURPE - 5
280107830000,9069062,UA W SURGE 3
280107830001,1.9604E+11,UA W SURGE 3 - PURPE - 9
280107830002,1.9604E+11,UA W SURGE 3 - PURPE - 8.5
280107830003,1.9604E+11,UA W SURGE 3 - PURPE - 8
280107830004,1.9604E+11,UA W SURGE 3 - PURPE - 7.5
280107840000,9070492,UA W SURGE 3
280107840001,1.96884E+11,UA W SURGE 3 - PKWHT - 9.5
280107840002,1.96884E+11,UA W SURGE 3 - PKWHT - 9
280107840003,1.96884E+11,UA W SURGE 3 - PKWHT - 8.5
280107840004,1.96884E+11,UA W SURGE 3 - PKWHT - 8
280107840005,1.96884E+11,UA W SURGE 3 - PKWHT - 7.5
280107840006,1.96884E+11,UA W SURGE 3 - PKWHT - 7
280107840007,1.96884E+11,UA W SURGE 3 - PKWHT - 6.5
280274490000,,UA W SURGE 3
280107840008,1.96884E+11,UA W SURGE 3 - PKWHT - 5
280107840009,1.96884E+11,UA W SURGE 3 - PKWHT - 5.5
280107850000,9063349,UA W SURGE 3
280107850001,1.96039E+11,UA W SURGE 3 - PINK - 8.5
280107850002,1.96039E+11,UA W SURGE 3 - PINK - 7.5
280107850003,1.96039E+11,UA W SURGE 3 - PINK - 6.5
280107850004,1.96039E+11,UA W SURGE 3 - PINK - 9
280107850005,1.96039E+11,UA W SURGE 3 - PINK - 8
280107850006,1.96039E+11,UA W SURGE 3 - PINK - 7
280107850007,1.96039E+11,UA W SURGE 3 - PINK - 6
280108520000,9069777,UA BGS ASSERT 10
280108520001,1.96041E+11,UA BGS ASSERT 10 - BLKWH - 7
280108520002,1.96041E+11,UA BGS ASSERT 10 - BLKWH - 6.5
280108520003,1.96041E+11,UA BGS ASSERT 10 - BLKWH - 6
280108520004,1.96041E+11,UA BGS ASSERT 10 - BLKWH - 5.5
280108520005,1.96041E+11,UA BGS ASSERT 10 - BLKWH - 5
280108530000,9069778,UA BGS ASSERT 10
280108530001,1.96041E+11,UA BGS ASSERT 10 - BLACK - 7
280108530002,1.96041E+11,UA BGS ASSERT 10 - BLACK - 6.5
280108530003,1.96041E+11,UA BGS ASSERT 10 - BLACK - 6
280108530004,1.96041E+11,UA BGS ASSERT 10 - BLACK - 5.5
280108540000,9070503,UA BGS ASSERT 10
280108540001,1.96884E+11,UA BGS ASSERT 10 - BLKRD - 7
280108540002,1.96884E+11,UA BGS ASSERT 10 - BLKRD - 6.5
280108540003,1.96884E+11,UA BGS ASSERT 10 - BLKRD - 6
280108540004,1.96884E+11,UA BGS ASSERT 10 - BLKRD - 5.5
280108540005,1.96884E+11,UA BGS ASSERT 10 - BLKRD - 5
280108540006,1.96884E+11,UA BGS ASSERT 10 - BLKRD - 4.5
280293650000,,UA BGS ASSERT 10
280293650001,1.97778E+11,UA BGS ASSERT 10 - BLKBL - 6.5
280293650002,1.97778E+11,UA BGS ASSERT 10 - BLKBL - 5
280293650003,1.97778E+11,UA BGS ASSERT 10 - BLKBL - 6
280293650004,1.97778E+11,UA BGS ASSERT 10 - BLKBL - 7
280293650005,1.97778E+11,UA BGS ASSERT 10 - BLKBL - 5.5
280108550000,9071491,UA BGS ASSERT 10
280108550001,1.96884E+11,UA BGS ASSERT 10 - GRYOR - 7
280108550002,1.96884E+11,UA BGS ASSERT 10 - GRYOR - 6.5
280108550003,1.96884E+11,UA BGS ASSERT 10 - GRYOR - 6
280108550004,1.96884E+11,UA BGS ASSERT 10 - GRYOR - 5.5
280108550005,1.96884E+11,UA BGS ASSERT 10 - GRYOR - 5
280277490000,,UA BGS ASSERT 10
280108550006,1.96884E+11,UA BGS ASSERT 10 - GRYOR - 3.5
280277500000,,UA BGS ASSERT 10
280277500001,1.96886E+11,UA BGS ASSERT 10 - GRYBK - 4.5
280277500002,1.96886E+11,UA BGS ASSERT 10 - GRYBK - 5
280277500003,1.96886E+11,UA BGS ASSERT 10 - GRYBK - 5.5
280277510000,,UA BGS ASSERT 10
280277510001,1.96886E+11,UA BGS ASSERT 10 - BLKRD - 3.5
280277510002,1.96886E+11,UA BGS ASSERT 10 - BLKRD - 4
280277510003,1.96886E+11,UA BGS ASSERT 10 - BLKRD - 4.5
280277510004,1.96886E+11,UA BGS ASSERT 10 - BLKRD - 5.5
280277510005,1.96886E+11,UA BGS ASSERT 10 - BLKRD - 7
280108560000,9074080,UA BGS ASSERT 10
280108560001,1.96886E+11,UA BGS ASSERT 10 - GRYBL - 7
280108560002,1.96886E+11,UA BGS ASSERT 10 - GRYBL - 6.5
280108560003,1.96886E+11,UA BGS ASSERT 10 - GRYBL - 6
280108560004,1.96886E+11,UA BGS ASSERT 10 - GRYBL - 5.5
280108560005,1.96886E+11,UA BGS ASSERT 10 - GRYBL - 3.5
280108560006,1.96886E+11,UA BGS ASSERT 10 - GRYBL - 4
280108560007,1.96886E+11,UA BGS ASSERT 10 - GRYBL - 4.5
280293660000,,UA BGS ASSERT 10
280293660001,1.97778E+11,UA BGS ASSERT 10 - GRYRD - 6.5
280293660002,1.97778E+11,UA BGS ASSERT 10 - GRYRD - 6
280293660003,1.97778E+11,UA BGS ASSERT 10 - GRYRD - 7
280293660004,1.97778E+11,UA BGS ASSERT 10 - GRYRD - 5.5
280108570000,9069779,UA BGS ASSERT 10
280108570001,1.96041E+11,UA BGS ASSERT 10 - BLUSV - 7
280108570002,1.96041E+11,UA BGS ASSERT 10 - BLUSV - 6.5
280298350000,,UA BGS ASSERT 10
280298350001,1.97778E+11,UA BGS ASSERT 10 - BLUOR - 6.5
280298350002,1.97778E+11,UA BGS ASSERT 10 - BLUOR - 6
280298350003,1.97778E+11,UA BGS ASSERT 10 - BLUOR - 7
280298350004,1.97778E+11,UA BGS ASSERT 10 - BLUOR - 5.5
280108630000,9069780,UA GGS ASSERT 10
280108630001,1.9604E+11,UA GGS ASSERT 10 - BLKGD - 7
280108630002,1.9604E+11,UA GGS ASSERT 10 - BLKGD - 6.5
280108630003,1.9604E+11,UA GGS ASSERT 10 - BLKGD - 6
280108630004,1.9604E+11,UA GGS ASSERT 10 - BLKGD - 5.5
280108630005,1.9604E+11,UA GGS ASSERT 10 - BLKGD - 5
280108630006,1.9604E+11,UA GGS ASSERT 10 - BLKGD - 4.5
280108630007,1.9604E+11,UA GGS ASSERT 10 - BLKGD - 4
280285990000,,UA GGS ASSERT 10
280285990001,1.97778E+11,UA GGS ASSERT 10 - BLKPU - 6.5
280285990002,1.97778E+11,UA GGS ASSERT 10 - BLKPU - 6
280285990003,1.97778E+11,UA GGS ASSERT 10 - BLKPU - 7
280285990004,1.97778E+11,UA GGS ASSERT 10 - BLKPU - 5.5
280108640000,9070505,UA GGS ASSERT 10
280108640001,1.96041E+11,UA GGS ASSERT 10 - GRYPU - 7
280108640002,1.96041E+11,UA GGS ASSERT 10 - GRYPU - 6.5
280108640003,1.96041E+11,UA GGS ASSERT 10 - GRYPU - 6
280108640004,1.96041E+11,UA GGS ASSERT 10 - GRYPU - 5.5
280108640005,1.96041E+11,UA GGS ASSERT 10 - GRYPU - 5
280108650000,9069781,UA GGS ASSERT 10
280108650001,1.96041E+11,UA GGS ASSERT 10 - GRYPK - 4
280108650002,1.96041E+11,UA GGS ASSERT 10 - GRYPK - 7
280108650003,1.96041E+11,UA GGS ASSERT 10 - GRYPK - 6.5
280108650004,1.96041E+11,UA GGS ASSERT 10 - GRYPK - 6
280108650005,1.96041E+11,UA GGS ASSERT 10 - GRYPK - 5.5
280108650006,1.96041E+11,UA GGS ASSERT 10 - GRYPK - 5
280108650007,1.96041E+11,UA GGS ASSERT 10 - GRYPK - 4.5
280108660000,9074082,UA GGS ASSERT 10
280108660001,1.96886E+11,UA GGS ASSERT 10 - GRYTQ - 7
280108660002,1.96886E+11,UA GGS ASSERT 10 - GRYTQ - 6.5
280108660003,1.96886E+11,UA GGS ASSERT 10 - GRYTQ - 6
280108660004,1.96886E+11,UA GGS ASSERT 10 - GRYTQ - 5.5
280108660005,1.96886E+11,UA GGS ASSERT 10 - GRYTQ - 5
280108660006,1.96886E+11,UA GGS ASSERT 10 - GRYTQ - 4.5
280290270000,,UA GGS ASSERT 10
280290270001,1.97778E+11,UA GGS ASSERT 10 - BLKOR - 6.5
280290270002,1.97778E+11,UA GGS ASSERT 10 - BLKOR - 5
280290270003,1.97778E+11,UA GGS ASSERT 10 - BLKOR - 6
280290270004,1.97778E+11,UA GGS ASSERT 10 - BLKOR - 7
280290270005,1.97778E+11,UA GGS ASSERT 10 - BLKOR - 5.5
280293670000,,UA GGS ASSERT 10
280293670001,1.97778E+11,UA GGS ASSERT 10 - GRYRD - 6.5
280293670002,1.97778E+11,UA GGS ASSERT 10 - GRYRD - 5
280293670003,1.97778E+11,UA GGS ASSERT 10 - GRYRD - 6
280293670004,1.97778E+11,UA GGS ASSERT 10 - GRYRD - 7
280293670005,1.97778E+11,UA GGS ASSERT 10 - GRYRD - 4.5
280293670006,1.97778E+11,UA GGS ASSERT 10 - GRYRD - 5.5
280108670000,9070496,UA GGS ASSERT 10
280108670001,1.9604E+11,UA GGS ASSERT 10 - BLUGY - 5.5
280108670002,1.9604E+11,UA GGS ASSERT 10 - BLUGY - 5
280108670003,1.9604E+11,UA GGS ASSERT 10 - BLUGY - 4.5
280108670004,1.9604E+11,UA GGS ASSERT 10 - BLUGY - 4
280108670005,1.9604E+11,UA GGS ASSERT 10 - BLUGY - 7
280108670006,1.9604E+11,UA GGS ASSERT 10 - BLUGY - 6.5
280108670007,1.9604E+11,UA GGS ASSERT 10 - BLUGY - 6
280108680000,9071492,UA GGS ASSERT 10
280108680001,1.96884E+11,UA GGS ASSERT 10 - PURPK - 7
280108680002,1.96884E+11,UA GGS ASSERT 10 - PURPK - 6.5
280108680003,1.96884E+11,UA GGS ASSERT 10 - PURPK - 6
280108680004,1.96884E+11,UA GGS ASSERT 10 - PURPK - 5.5
280108680005,1.96884E+11,UA GGS ASSERT 10 - PURPK - 5
280108680006,1.96884E+11,UA GGS ASSERT 10 - PURPK - 4.5
280108680007,1.96884E+11,UA GGS ASSERT 10 - PURPK - 4
280108740000,9066507,UA SURGE 3 SLIP
280108740001,1.9604E+11,UA SURGE 3 SLIP - BLKWH - 9.5
280108740002,1.9604E+11,UA SURGE 3 SLIP - BLKWH - 9
280108740003,1.9604E+11,UA SURGE 3 SLIP - BLKWH - 8.5
280108740004,1.9604E+11,UA SURGE 3 SLIP - BLKWH - 8
280108740005,1.9604E+11,UA SURGE 3 SLIP - BLKWH - 15
280108740006,1.9604E+11,UA SURGE 3 SLIP - BLKWH - 14
280108740007,1.9604E+11,UA SURGE 3 SLIP - BLKWH - 13
280108740008,1.9604E+11,UA SURGE 3 SLIP - BLKWH - 12
280108740009,1.9604E+11,UA SURGE 3 SLIP - BLKWH - 11
280108740010,1.9604E+11,UA SURGE 3 SLIP - BLKWH - 10
280108750000,9066508,UA SURGE 3 SLIP
280108750001,1.9604E+11,UA SURGE 3 SLIP - BLACK - 8
280108750002,1.9604E+11,UA SURGE 3 SLIP - BLACK - 9.5
280108750003,1.9604E+11,UA SURGE 3 SLIP - BLACK - 9
280108750004,1.9604E+11,UA SURGE 3 SLIP - BLACK - 8.5
280108750005,1.9604E+11,UA SURGE 3 SLIP - BLACK - 15
280108750006,1.9604E+11,UA SURGE 3 SLIP - BLACK - 14
280108750007,1.9604E+11,UA SURGE 3 SLIP - BLACK - 13
280108750008,1.9604E+11,UA SURGE 3 SLIP - BLACK - 12
280108750009,1.9604E+11,UA SURGE 3 SLIP - BLACK - 11
280108750010,1.9604E+11,UA SURGE 3 SLIP - BLACK - 10
280108760000,9069069,UA SURGE 3 SLIP
280108760001,1.9604E+11,UA SURGE 3 SLIP - GRYOR - 15
280108760002,1.9604E+11,UA SURGE 3 SLIP - GRYOR - 14
280108760003,1.9604E+11,UA SURGE 3 SLIP - GRYOR - 13
280108760004,1.9604E+11,UA SURGE 3 SLIP - GRYOR - 12
280108760005,1.9604E+11,UA SURGE 3 SLIP - GRYOR - 11
280108760006,1.9604E+11,UA SURGE 3 SLIP - GRYOR - 10
280108760007,1.9604E+11,UA SURGE 3 SLIP - GRYOR - 9.5
280108760008,1.9604E+11,UA SURGE 3 SLIP - GRYOR - 9
280108760009,1.9604E+11,UA SURGE 3 SLIP - GRYOR - 8.5
280277990000,,UA SURGE 3 SLIP
280277990001,1.96884E+11,UA SURGE 3 SLIP - GRYBK - 7.5
280278000000,,UA SURGE 3 SLIP
280278000001,1.96884E+11,UA SURGE 3 SLIP - GRYWH - 7
280108770000,9066509,UA SURGE 3 SLIP
280108770001,1.9604E+11,UA SURGE 3 SLIP - NVYWH - 15
280108770002,1.9604E+11,UA SURGE 3 SLIP - NVYWH - 14
280108770003,1.9604E+11,UA SURGE 3 SLIP - NVYWH - 9.5
280108770004,1.9604E+11,UA SURGE 3 SLIP - NVYWH - 9
280108770005,1.9604E+11,UA SURGE 3 SLIP - NVYWH - 13
280108770006,1.9604E+11,UA SURGE 3 SLIP - NVYWH - 12
280108770007,1.9604E+11,UA SURGE 3 SLIP - NVYWH - 11
280108770008,1.9604E+11,UA SURGE 3 SLIP - NVYWH - 10
280108780000,9067727,UA W SURGE 3 SLIP
280108780001,1.9604E+11,UA W SURGE 3 SLIP - BLKWH - 9.5
280108780002,1.9604E+11,UA W SURGE 3 SLIP - BLKWH - 10
280108780003,1.9604E+11,UA W SURGE 3 SLIP - BLKWH - 12
280108780004,1.9604E+11,UA W SURGE 3 SLIP - BLKWH - 11
280108780005,1.9604E+11,UA W SURGE 3 SLIP - BLKWH - 10.5
280108780006,1.9604E+11,UA W SURGE 3 SLIP - BLKWH - 9
280108780007,1.9604E+11,UA W SURGE 3 SLIP - BLKWH - 8.5
280108780008,1.9604E+11,UA W SURGE 3 SLIP - BLKWH - 8
280108780009,1.9604E+11,UA W SURGE 3 SLIP - BLKWH - 7.5
280108780010,1.9604E+11,UA W SURGE 3 SLIP - BLKWH - 7
280278010000,,UA W SURGE 3 SLIP
280278010001,1.96884E+11,UA W SURGE 3 SLIP - GRYPU - 5
280109240000,9072426,UA GGS ASSERT 10 GLTR
280109240001,1.96884E+11,UA GGS ASSERT 10 GLTR - BLKPK - 7
280109240002,1.96884E+11,UA GGS ASSERT 10 GLTR - BLKPK - 6.5
280109240003,1.96884E+11,UA GGS ASSERT 10 GLTR - BLKPK - 6
280109240004,1.96884E+11,UA GGS ASSERT 10 GLTR - BLKPK - 4.5
280109240005,1.96884E+11,UA GGS ASSERT 10 GLTR - BLKPK - 5.5
280109240006,1.96884E+11,UA GGS ASSERT 10 GLTR - BLKPK - 5
280109250000,9072380,UA GGS ASSERT 10 PNTSPL
280109250001,1.96884E+11,UA GGS ASSERT 10 PNTSPL - GRYBL - 7
280109250002,1.96884E+11,UA GGS ASSERT 10 PNTSPL - GRYBL - 6.5
280109250003,1.96884E+11,UA GGS ASSERT 10 PNTSPL - GRYBL - 6
280109250004,1.96884E+11,UA GGS ASSERT 10 PNTSPL - GRYBL - 5.5
280109250005,1.96884E+11,UA GGS ASSERT 10 PNTSPL - GRYBL - 5
280298440000,,UA BGS ASSERT 10 UFM SYN
280298440001,1.96884E+11,UA BGS ASSERT 10 UFM SYN - BLACK - 6.5
280298440002,1.96884E+11,UA BGS ASSERT 10 UFM SYN - BLACK - 6
280298440003,1.96884E+11,UA BGS ASSERT 10 UFM SYN - BLACK - 7
280109310000,9070514,UA BGS ASSERT 10 UFM SYN
280109310001,1.96884E+11,UA BGS ASSERT 10 UFM SYN - WHITE - 7
280109310002,1.96884E+11,UA BGS ASSERT 10 UFM SYN - WHITE - 6.5
280109310003,1.96884E+11,UA BGS ASSERT 10 UFM SYN - WHITE - 6
280109310004,1.96884E+11,UA BGS ASSERT 10 UFM SYN - WHITE - 5.5
280109310005,1.96884E+11,UA BGS ASSERT 10 UFM SYN - WHITE - 5
280109310006,1.96884E+11,UA BGS ASSERT 10 UFM SYN - WHITE - 4
280003500000,9018883,SMASH V2 L JR
280003500001,9.01888E+11,SMASH V2 L JR - N/A - 6
280003500002,9.01888E+11,SMASH V2 L JR - N/A - 5.5
280003500003,9.01888E+11,SMASH V2 L JR - N/A - 5
280003500004,9.01888E+11,SMASH V2 L JR - N/A - 4.5
280003500005,9.01888E+11,SMASH V2 L JR - N/A - 4
280003500006,9.01888E+11,SMASH V2 L JR - N/A - 3.5
280003500007,9.01888E+11,SMASH V2 L JR - N/A - 3
280003500008,4.05951E+12,SMASH V2 L JR - BLACK - 3
280003500009,4.05951E+12,SMASH V2 L JR - BLACK - 5.5
280003500010,4.05951E+12,SMASH V2 L JR - BLACK - 4.5
280003500011,4.05951E+12,SMASH V2 L JR - BLACK - 4
280003500012,4.05951E+12,SMASH V2 L JR - BLACK - 6
280003500013,4.05951E+12,SMASH V2 L JR - BLACK - 3.5
280003500014,4.05951E+12,SMASH V2 L JR - BLACK - 5
280003510000,9000942,SMASH V2 L JR
280003510001,4.05951E+12,SMASH V2 L JR - WHITE - 3.5
280003510002,4.05951E+12,SMASH V2 L JR - WHITE - 4.5
280003510003,4.05951E+12,SMASH V2 L JR - WHITE - 4
280003510004,4.05951E+12,SMASH V2 L JR - WHITE - 3
280003510005,4.05951E+12,SMASH V2 L JR - WHITE - 5
280003510006,4.05951E+12,SMASH V2 L JR - WHITE - 5.5
280003510007,4.05951E+12,SMASH V2 L JR - WHITE - 6
280037420000,9055933,SMASH V2 L JR
280037420001,4.05951E+12,SMASH V2 L JR - BLKWH - 3.5
280037420002,4.05951E+12,SMASH V2 L JR - BLKWH - 4
280037420003,4.05951E+12,SMASH V2 L JR - BLKWH - 4.5
280037420004,4.05951E+12,SMASH V2 L JR - BLKWH - 5
280037420005,4.05951E+12,SMASH V2 L JR - BLKWH - 5.5
280037420006,4.05951E+12,SMASH V2 L JR - BLKWH - 6
280003520000,9059595,SMASH V2 L JR
280003520001,4.05951E+12,SMASH V2 L JR - WHTPE - 3
280003520002,4.05951E+12,SMASH V2 L JR - WHTPE - 3.5
280003520003,4.05951E+12,SMASH V2 L JR - WHTPE - 4
280003520004,4.05951E+12,SMASH V2 L JR - WHTPE - 4.5
280003520005,4.05951E+12,SMASH V2 L JR - WHTPE - 5
280003520006,4.05951E+12,SMASH V2 L JR - WHTPE - 5.5
280003520007,4.05951E+12,SMASH V2 L JR - WHTPE - 6
280003530000,9059622,SMASH V2 L JR
280003530001,4.05951E+12,SMASH V2 L JR - WHTPK - 3
280003530002,4.05951E+12,SMASH V2 L JR - WHTPK - 3.5
280003530003,4.05951E+12,SMASH V2 L JR - WHTPK - 4
280003530004,4.05951E+12,SMASH V2 L JR - WHTPK - 4.5
280003530005,4.05951E+12,SMASH V2 L JR - WHTPK - 5
280003530006,4.05951E+12,SMASH V2 L JR - WHTPK - 5.5
280003530007,4.05951E+12,SMASH V2 L JR - WHTPK - 6
280003540000,9065193,PUMA SMASH V2 L JR
280003540001,4.06098E+12,PUMA SMASH V2 L JR - WHTTQ - 4
280003540002,4.06098E+12,PUMA SMASH V2 L JR - WHTTQ - 4.5
280003540003,4.06098E+12,PUMA SMASH V2 L JR - WHTTQ - 5
280003540004,4.06098E+12,PUMA SMASH V2 L JR - WHTTQ - 5.5
280003540005,4.06098E+12,PUMA SMASH V2 L JR - WHTTQ - 6
280003550000,9065194,PUMA SMASH V2 L JR
280003550001,4.06098E+12,PUMA SMASH V2 L JR - PEWHT - 4.5
280003550002,4.06098E+12,PUMA SMASH V2 L JR - PEWHT - 5
280003550003,4.06098E+12,PUMA SMASH V2 L JR - PEWHT - 5.5
280003550004,4.06098E+12,PUMA SMASH V2 L JR - PEWHT - 6
280003560000,9065195,PUMA SMASH V2 L JR
280003560001,4.06098E+12,PUMA SMASH V2 L JR - PKWHT - 4
280003560002,4.06098E+12,PUMA SMASH V2 L JR - PKWHT - 4.5
280003560003,4.06098E+12,PUMA SMASH V2 L JR - PKWHT - 5
280003560004,4.06098E+12,PUMA SMASH V2 L JR - PKWHT - 5.5
280003560005,4.06098E+12,PUMA SMASH V2 L JR - PKWHT - 6
280003570000,9057479,SMASH V2 L JR
280003570001,4.06245E+12,SMASH V2 L JR - WHTPK - 3.5
280003570002,4.06245E+12,SMASH V2 L JR - WHTPK - 4.5
280003570003,4.06245E+12,SMASH V2 L JR - WHTPK - 5.5
280003570004,4.06245E+12,SMASH V2 L JR - WHTPK - 3
280003570005,4.06245E+12,SMASH V2 L JR - WHTPK - 4
280003570006,4.06245E+12,SMASH V2 L JR - WHTPK - 5
280003570007,4.06245E+12,SMASH V2 L JR - WHTPK - 6
280003580000,9065738,SMASH V2 L JR
280003580001,4.06245E+12,SMASH V2 L JR - BLKRS - 4
280003580002,4.06245E+12,SMASH V2 L JR - BLKRS - 4.5
280003580003,4.06245E+12,SMASH V2 L JR - BLKRS - 5
280003580004,4.06245E+12,SMASH V2 L JR - BLKRS - 5.5
280003580005,4.06245E+12,SMASH V2 L JR - BLKRS - 6
280003590000,9065739,SMASH V2 L JR PALE
280003590001,4.06245E+12,SMASH V2 L JR PALE - PKWHT - 4
280003590002,4.06245E+12,SMASH V2 L JR PALE - PKWHT - 4.5
280003590003,4.06245E+12,SMASH V2 L JR PALE - PKWHT - 5
280003590004,4.06245E+12,SMASH V2 L JR PALE - PKWHT - 5.5
280003590005,4.06245E+12,SMASH V2 L JR PALE - PKWHT - 6
280003600000,9065882,PUMA SMASH V2 L JR
280003600001,4.0637E+12,PUMA SMASH V2 L JR - WHITE - 4
280003600002,4.0637E+12,PUMA SMASH V2 L JR - WHITE - 4.5
280003600003,4.0637E+12,PUMA SMASH V2 L JR - WHITE - 5
280003600004,4.0637E+12,PUMA SMASH V2 L JR - WHITE - 5.5
280003600005,4.0637E+12,PUMA SMASH V2 L JR - WHITE - 6
280003610000,9065883,PUMA SMASH V2 L JR
280003610001,4.0637E+12,PUMA SMASH V2 L JR - GRYBL - 4.5
280003610002,4.0637E+12,PUMA SMASH V2 L JR - GRYBL - 5
280003610003,4.0637E+12,PUMA SMASH V2 L JR - GRYBL - 5.5
280003610004,4.0637E+12,PUMA SMASH V2 L JR - GRYBL - 6
280003620000,9058451,PUMA SMASH V2 L JR
280003620001,4.0637E+12,PUMA SMASH V2 L JR - WHTPK - 5
280003620002,4.0637E+12,PUMA SMASH V2 L JR - WHTPK - 3.5
280003620003,4.0637E+12,PUMA SMASH V2 L JR - WHTPK - 4
280003620004,4.0637E+12,PUMA SMASH V2 L JR - WHTPK - 4.5
280003620005,4.0637E+12,PUMA SMASH V2 L JR - WHTPK - 5.5
280003620006,4.0637E+12,PUMA SMASH V2 L JR - WHTPK - 6
280003630000,9036295,SMASH V2 L V PS-2021
280003630001,4.05951E+12,SMASH V2 L V PS-2021 - BLACK - 11.5
280003630002,4.05951E+12,SMASH V2 L V PS-2021 - BLACK - 12.5
280003630003,4.05951E+12,SMASH V2 L V PS-2021 - BLACK - 10
280003630004,4.05951E+12,SMASH V2 L V PS-2021 - BLACK - 1
280003630005,4.05951E+12,SMASH V2 L V PS-2021 - BLACK - 13
280003630006,4.05951E+12,SMASH V2 L V PS-2021 - BLACK - 13.5
280003630007,4.05951E+12,SMASH V2 L V PS-2021 - BLACK - 1.5
280003630008,4.05951E+12,SMASH V2 L V PS-2021 - BLACK - 2
280003630009,4.05951E+12,SMASH V2 L V PS-2021 - BLACK - 2.5
280003630010,4.05951E+12,SMASH V2 L V PS-2021 - BLACK - 11
280003630011,4.05951E+12,SMASH V2 L V PS-2021 - BLACK - 12
280003640000,9057339,SMASH V2 L V PS
280003640001,4.05951E+12,SMASH V2 L V PS - BLKWH - 10
280003640002,4.05951E+12,SMASH V2 L V PS - BLKWH - 10.5
280003640003,4.05951E+12,SMASH V2 L V PS - BLKWH - 11
280003640004,4.05951E+12,SMASH V2 L V PS - BLKWH - 11.5
280003640005,4.05951E+12,SMASH V2 L V PS - BLKWH - 12
280003640006,4.05951E+12,SMASH V2 L V PS - BLKWH - 12.5
280003640007,4.05951E+12,SMASH V2 L V PS - BLKWH - 13
280003640008,4.05951E+12,SMASH V2 L V PS - BLKWH - 13.5
280003640009,4.05951E+12,SMASH V2 L V PS - BLKWH - 1
280003640010,4.05951E+12,SMASH V2 L V PS - BLKWH - 1.5
280003640011,4.05951E+12,SMASH V2 L V PS - BLKWH - 2
280003640012,4.05951E+12,SMASH V2 L V PS - BLKWH - 2.5
280003650000,9036288,SMASH V2 L V PS
280003650001,4.05951E+12,SMASH V2 L V PS - WHTBL - 10.5
280003650002,4.05951E+12,SMASH V2 L V PS - WHTBL - 11.5
280003650003,4.05951E+12,SMASH V2 L V PS - WHTBL - 12.5
280003650004,4.05951E+12,SMASH V2 L V PS - WHTBL - 13.5
280003650005,4.05951E+12,SMASH V2 L V PS - WHTBL - 1.5
280003650006,4.05951E+12,SMASH V2 L V PS - WHTBL - 2.5
280003650007,4.05951E+12,SMASH V2 L V PS - WHTBL - 10
280003650008,4.05951E+12,SMASH V2 L V PS - WHTBL - 1
280003650009,4.05951E+12,SMASH V2 L V PS - WHTBL - 11
280003650010,4.05951E+12,SMASH V2 L V PS - WHTBL - 12
280003650011,4.05951E+12,SMASH V2 L V PS - WHTBL - 13
280003650012,4.05951E+12,SMASH V2 L V PS - WHTBL - 2
280003660000,9037384,SMASH V2 L V PS
280003660001,4.06245E+12,SMASH V2 L V PS - WHITE - 12.5
280003660002,4.06245E+12,SMASH V2 L V PS - WHITE - 13.5
280003660003,4.06245E+12,SMASH V2 L V PS - WHITE - 1.5
280003660004,4.06245E+12,SMASH V2 L V PS - WHITE - 2.5
280003660005,4.06245E+12,SMASH V2 L V PS - WHITE - 1
280003660006,4.06245E+12,SMASH V2 L V PS - WHITE - 11
280003660007,4.06245E+12,SMASH V2 L V PS - WHITE - 12
280003660008,4.06245E+12,SMASH V2 L V PS - WHITE - 13
280003660009,4.06245E+12,SMASH V2 L V PS - WHITE - 2
280003660010,4.06245E+12,SMASH V2 L V PS - WHITE - 10
280003670000,9059193,SMASH V2 L V PS
280003670001,4.0637E+12,SMASH V2 L V PS - WHTPK - 2
280003670002,4.0637E+12,SMASH V2 L V PS - WHTPK - 10
280003670003,4.0637E+12,SMASH V2 L V PS - WHTPK - 10.5
280003670004,4.0637E+12,SMASH V2 L V PS - WHTPK - 11
280003670005,4.0637E+12,SMASH V2 L V PS - WHTPK - 11.5
280003670006,4.0637E+12,SMASH V2 L V PS - WHTPK - 12
280003670007,4.0637E+12,SMASH V2 L V PS - WHTPK - 12.5
280003670008,4.0637E+12,SMASH V2 L V PS - WHTPK - 13
280003670009,4.0637E+12,SMASH V2 L V PS - WHTPK - 13.5
280030380000,9073546,PUMA SMASH V2 BUCK JR
280030380001,4.06098E+12,PUMA SMASH V2 BUCK JR - GRYBL - 3.5
280030380002,4.06098E+12,PUMA SMASH V2 BUCK JR - GRYBL - 4
280030380003,4.06098E+12,PUMA SMASH V2 BUCK JR - GRYBL - 4.5
280030380004,4.06098E+12,PUMA SMASH V2 BUCK JR - GRYBL - 5
280030380005,4.06098E+12,PUMA SMASH V2 BUCK JR - GRYBL - 5.5
280030380006,4.06098E+12,PUMA SMASH V2 BUCK JR - GRYBL - 6
280030390000,9073547,PUMA SMASH V2 BUCK JR
280030390001,4.06098E+12,PUMA SMASH V2 BUCK JR - PEWHT - 4
280030390002,4.06098E+12,PUMA SMASH V2 BUCK JR - PEWHT - 4.5
280030390003,4.06098E+12,PUMA SMASH V2 BUCK JR - PEWHT - 5
280030390004,4.06098E+12,PUMA SMASH V2 BUCK JR - PEWHT - 5.5
280030390005,4.06098E+12,PUMA SMASH V2 BUCK JR - PEWHT - 6
280030400000,9073548,PUMA SMASH V2 BUCK JR
280030400001,4.06098E+12,PUMA SMASH V2 BUCK JR - BLKOL - 4
280030400002,4.06098E+12,PUMA SMASH V2 BUCK JR - BLKOL - 4.5
280030400003,4.06098E+12,PUMA SMASH V2 BUCK JR - BLKOL - 5
280030400004,4.06098E+12,PUMA SMASH V2 BUCK JR - BLKOL - 5.5
280030400005,4.06098E+12,PUMA SMASH V2 BUCK JR - BLKOL - 6
280030410000,9073549,PUMA SMASH V2 BUCK JR
280030410001,4.06098E+12,PUMA SMASH V2 BUCK JR - ROSPK - 3.5
280030410002,4.06098E+12,PUMA SMASH V2 BUCK JR - ROSPK - 4
280030410003,4.06098E+12,PUMA SMASH V2 BUCK JR - ROSPK - 4.5
280030410004,4.06098E+12,PUMA SMASH V2 BUCK JR - ROSPK - 5
280030410005,4.06098E+12,PUMA SMASH V2 BUCK JR - ROSPK - 5.5
280030410006,4.06098E+12,PUMA SMASH V2 BUCK JR - ROSPK - 6
280030420000,9073812,PUMA SMASH V2 BUCK JR
280030420001,4.06245E+12,PUMA SMASH V2 BUCK JR - BLKWH - 4
280030420002,4.06245E+12,PUMA SMASH V2 BUCK JR - BLKWH - 4.5
280030420003,4.06245E+12,PUMA SMASH V2 BUCK JR - BLKWH - 5
280030420004,4.06245E+12,PUMA SMASH V2 BUCK JR - BLKWH - 5.5
280030420005,4.06245E+12,PUMA SMASH V2 BUCK JR - BLKWH - 6
280030430000,9073788,PUMA SMASH V2 BUCK JR HIGH RISE-
280030430001,4.06245E+12,PUMA SMASH V2 BUCK JR HIGH RISE- - GRYBL
280030430002,4.06245E+12,PUMA SMASH V2 BUCK JR HIGH RISE- - GRYBL
280030430003,4.06245E+12,PUMA SMASH V2 BUCK JR HIGH RISE- - GRYBL
280030430004,4.06245E+12,PUMA SMASH V2 BUCK JR HIGH RISE- - GRYBL
280030430005,4.06245E+12,PUMA SMASH V2 BUCK JR HIGH RISE- - GRYBL
280030430006,4.06245E+12,PUMA SMASH V2 BUCK JR HIGH RISE- - GRYBL
280030440000,9073789,PUMA SMASH V2 BUCK JR
280030440001,4.06245E+12,PUMA SMASH V2 BUCK JR - BLKWH - 4
280030440002,4.06245E+12,PUMA SMASH V2 BUCK JR - BLKWH - 4.5
280030440003,4.06245E+12,PUMA SMASH V2 BUCK JR - BLKWH - 5
280030440004,4.06245E+12,PUMA SMASH V2 BUCK JR - BLKWH - 5.5
280030440005,4.06245E+12,PUMA SMASH V2 BUCK JR - BLKWH - 6
280030450000,9073813,PUMA SMASH V2 BUCK JR
280030450001,4.06245E+12,PUMA SMASH V2 BUCK JR - PKWHT - 4
280030450002,4.06245E+12,PUMA SMASH V2 BUCK JR - PKWHT - 4.5
280030450003,4.06245E+12,PUMA SMASH V2 BUCK JR - PKWHT - 5
280030450004,4.06245E+12,PUMA SMASH V2 BUCK JR - PKWHT - 5.5
280030450005,4.06245E+12,PUMA SMASH V2 BUCK JR - PKWHT - 6
280030450006,4.06245E+12,PUMA SMASH V2 BUCK JR - PKWHT - 3.5
280030460000,9073550,PUMA SMASH V2 BUCK JR
280030460001,4.0637E+12,PUMA SMASH V2 BUCK JR - WHTPK - 3.5
280030460002,4.0637E+12,PUMA SMASH V2 BUCK JR - WHTPK - 4
280030460003,4.0637E+12,PUMA SMASH V2 BUCK JR - WHTPK - 4.5
280030460004,4.0637E+12,PUMA SMASH V2 BUCK JR - WHTPK - 5
280030460005,4.0637E+12,PUMA SMASH V2 BUCK JR - WHTPK - 5.5
280030460006,4.0637E+12,PUMA SMASH V2 BUCK JR - WHTPK - 6
280030470000,9071504,PUMA SMASH V2 BUCK JR
280030470001,4.0637E+12,SMASH V2 BUCK JR - BLKWH - 3.5
280030470002,4.0637E+12,SMASH V2 BUCK JR - BLKWH - 4
280030470003,4.0637E+12,SMASH V2 BUCK JR - BLKWH - 4.5
280030470004,4.0637E+12,SMASH V2 BUCK JR - BLKWH - 5
280030470005,4.0637E+12,SMASH V2 BUCK JR - BLKWH - 5.5
280030470006,4.0637E+12,SMASH V2 BUCK JR - BLKWH - 6
280030480000,9073814,PUMA SMASH V2 BUCK JR
280030480001,4.0637E+12,PUMA SMASH V2 BUCK JR - PKWHT - 3.5
280030480002,4.0637E+12,PUMA SMASH V2 BUCK JR - PKWHT - 4
280030480003,4.0637E+12,PUMA SMASH V2 BUCK JR - PKWHT - 4.5
280030480004,4.0637E+12,PUMA SMASH V2 BUCK JR - PKWHT - 5
280030480005,4.0637E+12,PUMA SMASH V2 BUCK JR - PKWHT - 5.5
280030480006,4.0637E+12,PUMA SMASH V2 BUCK JR - PKWHT - 6
280030490000,9073815,PUMA SMASH V2 BUCK JR
280030490001,4.06454E+12,PUMA SMASH V2 BUCK JR - BLKPK - 4
280030490002,4.06454E+12,PUMA SMASH V2 BUCK JR - BLKPK - 4.5
280030490003,4.06454E+12,PUMA SMASH V2 BUCK JR - BLKPK - 5
280030490004,4.06454E+12,PUMA SMASH V2 BUCK JR - BLKPK - 5.5
280030490005,4.06454E+12,PUMA SMASH V2 BUCK JR - BLKPK - 6
280030500000,9071505,PUMA SMASH V2 BUCK JR
280030500001,4.06545E+12,SMASH V2 BUCK JR - BLUWH - 3.5
280030500002,4.06545E+12,SMASH V2 BUCK JR - BLUWH - 4
280030500003,4.06545E+12,SMASH V2 BUCK JR - BLUWH - 4.5
280030500004,4.06545E+12,SMASH V2 BUCK JR - BLUWH - 5
280030500005,4.06545E+12,SMASH V2 BUCK JR - BLUWH - 5.5
280030500006,4.06545E+12,SMASH V2 BUCK JR - BLUWH - 6
280030510000,9071506,PUMA SMASH V2 BUCK JR
280030510001,4.06545E+12,SMASH V2 BUCK JR - PKWHT - 3.5
280030510002,4.06545E+12,SMASH V2 BUCK JR - PKWHT - 4
280030510003,4.06545E+12,SMASH V2 BUCK JR - PKWHT - 4.5
280030510004,4.06545E+12,SMASH V2 BUCK JR - PKWHT - 5
280030510005,4.06545E+12,SMASH V2 BUCK JR - PKWHT - 5.5
280030510006,4.06545E+12,SMASH V2 BUCK JR - PKWHT - 6
280003800000,9057643,SMASH V2 L PS
280003800001,4.05951E+12,SMASH V2 L PS - BLACK - 1.5
280003800002,4.05951E+12,SMASH V2 L PS - BLACK - 2
280003800003,4.05951E+12,SMASH V2 L PS - BLACK - 2.5
280003800004,4.05951E+12,SMASH V2 L PS - BLACK - 1
280003800005,4.05951E+12,SMASH V2 L PS - BLACK - 11
280003800006,4.05951E+12,SMASH V2 L PS - BLACK - 13
280003800007,4.05951E+12,SMASH V2 L PS - BLACK - 10
280003800008,4.05951E+12,SMASH V2 L PS - BLACK - 12
280003810000,9057647,SMASH V2 L PS
280003810001,4.05951E+12,SMASH V2 L PS - WHITE - 1
280003810002,4.05951E+12,SMASH V2 L PS - WHITE - 11
280003810003,4.05951E+12,SMASH V2 L PS - WHITE - 13
280003810004,4.05951E+12,SMASH V2 L PS - WHITE - 12
280003810005,4.05951E+12,SMASH V2 L PS - WHITE - 10
280003810006,4.05951E+12,SMASH V2 L PS - WHITE - 1.5
280003810007,4.05951E+12,SMASH V2 L PS - WHITE - 2
280003810008,4.05951E+12,SMASH V2 L PS - WHITE - 2.5
280003820000,9057646,SMASH V2 L PS
280003820001,4.05951E+12,SMASH V2 L PS - BLKWH - 10
280003820002,4.05951E+12,SMASH V2 L PS - BLKWH - 12
280003820003,4.05951E+12,SMASH V2 L PS - BLKWH - 11
280003820004,4.05951E+12,SMASH V2 L PS - BLKWH - 13
280003820005,4.05951E+12,SMASH V2 L PS - BLKWH - 1
280003820006,4.05951E+12,SMASH V2 L PS - BLKWH - 1.5
280003820007,4.05951E+12,SMASH V2 L PS - BLKWH - 2
280003820008,4.05951E+12,SMASH V2 L PS - BLKWH - 2.5
280003830000,9059292,SMASH V2 L PS
280003830001,4.0637E+12,SMASH V2 L PS - WHTPK - 13
280003830002,4.0637E+12,SMASH V2 L PS - WHTPK - 1
280003830003,4.0637E+12,SMASH V2 L PS - WHTPK - 1.5
280003830004,4.0637E+12,SMASH V2 L PS - WHTPK - 2
280003830005,4.0637E+12,SMASH V2 L PS - WHTPK - 2.5
280005570000,9064965,SMASH V2 ANIMALS V PS
280005570001,4.06245E+12,SMASH V2 ANIMALS V PS - BLACK - 10
280005570002,4.06245E+12,SMASH V2 ANIMALS V PS - BLACK - 11
280005570003,4.06245E+12,SMASH V2 ANIMALS V PS - BLACK - 12
280005570004,4.06245E+12,SMASH V2 ANIMALS V PS - BLACK - 13
280005570005,4.06245E+12,SMASH V2 ANIMALS V PS - BLACK - 1
280005570006,4.06245E+12,SMASH V2 ANIMALS V PS - BLACK - 2
280028610000,9074503,FLYER FLEX AC PS PUMA WHITE-PUMA BLACK
280028610001,4.06453E+12,FLYER FLEX AC PS PUMA WHITE-PUMA BLACK -
280028610002,4.06453E+12,FLYER FLEX AC PS PUMA WHITE-PUMA BLACK -
280028610003,4.06453E+12,FLYER FLEX AC PS PUMA WHITE-PUMA BLACK -
280028610004,4.06453E+12,FLYER FLEX AC PS PUMA WHITE-PUMA BLACK -
280028610005,4.06453E+12,FLYER FLEX AC PS PUMA WHITE-PUMA BLACK -
280028610006,4.06453E+12,FLYER FLEX AC PS PUMA WHITE-PUMA BLACK -
280028620000,9074512,FLYER FLEX AC PS DEWDROP-PUMA WHITE-FAST
280028620001,4.09969E+12,FLYER FLEX AC PS DEWDROP-PUMA WHITE-FAST
280028620002,4.09969E+12,FLYER FLEX AC PS DEWDROP-PUMA WHITE-FAST
280028620003,4.09969E+12,FLYER FLEX AC PS DEWDROP-PUMA WHITE-FAST
280028620004,4.09969E+12,FLYER FLEX AC PS DEWDROP-PUMA WHITE-FAST
280028620005,4.09969E+12,FLYER FLEX AC PS DEWDROP-PUMA WHITE-FAST
280300870000,,PUMA MID IMPACT STRONG BRA
280300870001,4.06916E+12,PUMA MID IMPACT STRONG BRA - GREEN - XS
280300870002,4.06916E+12,PUMA MID IMPACT STRONG BRA - GREEN - S
280300870003,4.06916E+12,PUMA MID IMPACT STRONG BRA - GREEN - M
280300870004,4.06916E+12,PUMA MID IMPACT STRONG BRA - GREEN - L
280300870005,4.06916E+12,PUMA MID IMPACT STRONG BRA - GREEN - XL
280300880000,,PUMA MID IMPACT STRONG BRA
280300880001,4.06916E+12,PUMA MID IMPACT STRONG BRA - NAVY - XS
280300880002,4.06916E+12,PUMA MID IMPACT STRONG BRA - NAVY - S
280300880003,4.06916E+12,PUMA MID IMPACT STRONG BRA - NAVY - M
280300880004,4.06916E+12,PUMA MID IMPACT STRONG BRA - NAVY - L
280300880005,4.06916E+12,PUMA MID IMPACT STRONG BRA - NAVY - XL
280300890000,,PUMA MID IMPACT STRONG BRA
280300890001,4.06916E+12,PUMA MID IMPACT STRONG BRA - LTBLU - XS
280300890002,4.06916E+12,PUMA MID IMPACT STRONG BRA - LTBLU - S
280300890003,4.06916E+12,PUMA MID IMPACT STRONG BRA - LTBLU - M
280300890004,4.06916E+12,PUMA MID IMPACT STRONG BRA - LTBLU - L
280300890005,4.06916E+12,PUMA MID IMPACT STRONG BRA - LTBLU - XL
280300900000,,PUMA MID IMPACT STRONG BRA
280300900001,4.06916E+12,PUMA MID IMPACT STRONG BRA - WHITE - XS
280300900002,4.06916E+12,PUMA MID IMPACT STRONG BRA - WHITE - S
280300900003,4.06916E+12,PUMA MID IMPACT STRONG BRA - WHITE - M
280300900004,4.06916E+12,PUMA MID IMPACT STRONG BRA - WHITE - L
280300900005,4.06916E+12,PUMA MID IMPACT STRONG BRA - WHITE - XL
280300910000,,PUMA MID IMPACT STRONG BRA
280300910001,4.06916E+12,PUMA MID IMPACT STRONG BRA - BLACK - XS
280300910002,4.06916E+12,PUMA MID IMPACT STRONG BRA - BLACK - S
280300910003,4.06916E+12,PUMA MID IMPACT STRONG BRA - BLACK - M
280300910004,4.06916E+12,PUMA MID IMPACT STRONG BRA - BLACK - L
280300910005,4.06916E+12,PUMA MID IMPACT STRONG BRA - BLACK - XL
280012230000,9000920,PUMA ESS NO.1 LOGO LEGGINGS
280012230001,4.06245E+12,ESS NO.1 LOGO LEGGINGS - N/A - XS
280012230002,4.06245E+12,ESS NO.1 LOGO LEGGINGS - BLACK - 2XL
280012230003,4.06245E+12,ESS NO.1 LOGO LEGGINGS - BLACK - S
280012230004,4.06245E+12,ESS NO.1 LOGO LEGGINGS - BLACK - L
280012230005,4.06245E+12,ESS NO.1 LOGO LEGGINGS - BLACK - XL
280012230006,4.06245E+12,ESS NO.1 LOGO LEGGINGS - BLACK - M
280285510000,,PUMA ESS SMALL NO. 1 LOGO HIGH-WAIST STR
280285510001,4.06798E+12,PUMA ESS SMALL NO. 1 LOGO HIGH-WAIST STR
280285510002,4.06798E+12,PUMA ESS SMALL NO. 1 LOGO HIGH-WAIST STR
280285510003,4.06798E+12,PUMA ESS SMALL NO. 1 LOGO HIGH-WAIST STR
280285510004,4.06798E+12,PUMA ESS SMALL NO. 1 LOGO HIGH-WAIST STR
280285510005,4.06798E+12,PUMA ESS SMALL NO. 1 LOGO HIGH-WAIST STR
280045210000,9024059,SPORT WATER BOTTLE
280045210001,8.4584E+11,SPORT WATER BOTTLE - N/A - OS
280045230000,9052208,SPORT WATER BOTTLE
280045230001,8.4584E+11,SPORT WATER BOTTLE
280231210000,9069749,TOUR DOMINANT2-JR
280231210001,8.8879E+12,TOUR DOMINANT2-JR - BLKRD - 20
280231210002,8.8879E+12,TOUR DOMINANT2-JR - BLKRD - 21
280231210003,8.8879E+12,TOUR DOMINANT2-JR - BLKRD - 22
280231210004,8.8879E+12,TOUR DOMINANT2-JR - BLKRD - 23
280231210005,8.8879E+12,TOUR DOMINANT2-JR - BLUGD - 20
280231210006,8.8879E+12,TOUR DOMINANT2-JR - BLUGD - 21
280231210007,8.8879E+12,TOUR DOMINANT2-JR - BLUGD - 22
280231210008,8.8879E+12,TOUR DOMINANT2-JR - BLUGD - 23
280231210009,8.8879E+12,TOUR DOMINANT2-JR - BLKYL - 20
280231210010,8.8879E+12,TOUR DOMINANT2-JR - BLKYL - 21
280231210011,8.8879E+12,TOUR DOMINANT2-JR - BLKYL - 22
280231210012,8.8879E+12,TOUR DOMINANT2-JR - BLKYL - 23
280231240000,9069750,YONEX TOUR DOMINANT2
280231240001,8.8879E+12,TOUR DOMINANT2 - BLKRD - 24
280231240002,8.8879E+12,TOUR DOMINANT2 - BLKRD - 24.5
280231240003,8.8879E+12,TOUR DOMINANT2 - BLKRD - 25
280231240004,8.8879E+12,TOUR DOMINANT2 - BLKRD - 25.5
280231240005,8.8879E+12,TOUR DOMINANT2 - BLKRD - 26
280231240006,8.8879E+12,TOUR DOMINANT2 - BLKRD - 26.5
280231240007,8.8879E+12,TOUR DOMINANT2 - BLKRD - 27
280231240008,8.8879E+12,TOUR DOMINANT2 - BLKRD - 27.5
280231240009,8.8879E+12,TOUR DOMINANT2 - BLKRD - 28
280231240010,8.8879E+12,TOUR DOMINANT2 - BLKRD - 28.5
280231240011,8.8879E+12,TOUR DOMINANT2 - BLKRD - 29
280231240012,8.8879E+12,TOUR DOMINANT2 - BLKRD - 29.5
280231240013,8.8879E+12,TOUR DOMINANT2 - BLUGD - 23.5
280231240014,8.8879E+12,TOUR DOMINANT2 - BLUGD - 24
280231240015,8.8879E+12,TOUR DOMINANT2 - BLUGD - 24.5
280231240016,8.8879E+12,TOUR DOMINANT2 - BLUGD - 25
280231240017,8.8879E+12,TOUR DOMINANT2 - BLUGD - 25.5
280231240018,8.8879E+12,TOUR DOMINANT2 - BLUGD - 26
280231240019,8.8879E+12,TOUR DOMINANT2 - BLUGD - 26.5
280231240020,8.8879E+12,TOUR DOMINANT2 - BLUGD - 27.5
280231240021,8.8879E+12,TOUR DOMINANT2 - BLKRD - 23.5
280231240022,8.8879E+12,TOUR DOMINANT2 - BLUGD - 27
280231240023,8.8879E+12,TOUR DOMINANT2 - BLUGD - 28
280231240024,8.8879E+12,TOUR DOMINANT2 - BLUGD - 28.5
280231240025,8.8879E+12,TOUR DOMINANT2 - BLUGD - 29
280231240026,8.8879E+12,TOUR DOMINANT2 - BLUGD - 29.5
280231240027,8.8879E+12,TOUR DOMINANT2 - RYLBL - 28.5
280231240028,8.8879E+12,TOUR DOMINANT2 - BLKYL - 23.5
280231240029,8.8879E+12,TOUR DOMINANT2 - BLKYL - 24
280231240030,8.8879E+12,TOUR DOMINANT2 - BLKYL - 24.5
280231240031,8.8879E+12,TOUR DOMINANT2 - BLKYL - 25
280231240032,8.8879E+12,TOUR DOMINANT2 - BLKYL - 25.5
280231240033,8.8879E+12,TOUR DOMINANT2 - BLKYL - 26
280231240034,8.8879E+12,TOUR DOMINANT2 - BLKYL - 26.5
280231240035,8.8879E+12,TOUR DOMINANT2 - BLKYL - 27
280231240036,8.8879E+12,TOUR DOMINANT2 - BLKYL - 27.5
280231240037,8.8879E+12,TOUR DOMINANT2 - BLKYL - 28
280231240038,8.8879E+12,TOUR DOMINANT2 - BLKYL - 28.5
280231240039,8.8879E+12,TOUR DOMINANT2 - BLKYL - 29
280231240040,8.8879E+12,TOUR DOMINANT2 - BLKYL - 29.5
280231240041,8.8879E+12,TOUR DOMINANT2 - BLULM - 25
280231240042,8.8879E+12,TOUR DOMINANT2 - BLULM - 25.5
280231240043,8.8879E+12,TOUR DOMINANT2 - BLULM - 26
280231240044,8.8879E+12,TOUR DOMINANT2 - BLULM - 26.5
280231240045,8.8879E+12,TOUR DOMINANT2 - BLULM - 27
280231240046,8.8879E+12,TOUR DOMINANT2 - BLULM - 27.5
280231240047,8.8879E+12,TOUR DOMINANT2 - BLULM - 28
280231240048,8.8879E+12,TOUR DOMINANT2 - BLULM - 28.5
280231240049,8.8879E+12,TOUR DOMINANT2 - BLULM - 29
280231240050,8.8879E+12,TOUR DOMINANT2 - BLULM - 29.5
280231240051,8.8879E+12,TOUR DOMINANT2 - RYLBL - 25
280231240052,8.8879E+12,TOUR DOMINANT2 - RYLBL - 25.5
280231240053,8.8879E+12,TOUR DOMINANT2 - RYLBL - 26
280231240054,8.8879E+12,TOUR DOMINANT2 - RYLBL - 26.5
280231240055,8.8879E+12,TOUR DOMINANT2 - RYLBL - 27
280231240056,8.8879E+12,TOUR DOMINANT2 - RYLBL - 27.5
280231240057,8.8879E+12,TOUR DOMINANT2 - RYLBL - 28
280231240058,8.8879E+12,TOUR DOMINANT2 - RYLBL - 29
280231240059,8.8879E+12,TOUR DOMINANT2 - RYLBL - 29.5
280316730000,,YONEX VOLTREX
280316730001,8.8879E+12,YONEX VOLTREX - BEIGE - 25ZZ
280316730002,8.8879E+12,YONEX VOLTREX - BEIGE - 25Z5
280316730003,8.8879E+12,YONEX VOLTREX - BEIGE - 26ZZ
280316730004,8.8879E+12,YONEX VOLTREX - BEIGE - 26Z5
280316730005,8.8879E+12,YONEX VOLTREX - BEIGE - 27ZZ
280316730006,8.8879E+12,YONEX VOLTREX - BEIGE - 27Z5
280316730007,8.8879E+12,YONEX VOLTREX - BEIGE - 28ZZ
280316730008,8.8879E+12,YONEX VOLTREX - BEIGE - 28Z5
280316730009,8.8879E+12,YONEX VOLTREX - BEIGE - 29ZZ
280316730010,8.8879E+12,YONEX VOLTREX - BEIGE - 29Z5
280316730011,8.8879E+12,YONEX VOLTREX - NVGRN - 25ZZ
280316730012,8.8879E+12,YONEX VOLTREX - NVGRN - 25Z5
280316730013,8.8879E+12,YONEX VOLTREX - NVGRN - 26ZZ
280316730014,8.8879E+12,YONEX VOLTREX - NVGRN - 26Z5
280316730015,8.8879E+12,YONEX VOLTREX - NVGRN - 27ZZ
280316730016,8.8879E+12,YONEX VOLTREX - NVGRN - 27Z5
280316730017,8.8879E+12,YONEX VOLTREX - NVGRN - 28ZZ
280316730018,8.8879E+12,YONEX VOLTREX - NVGRN - 28Z5
280316730019,8.8879E+12,YONEX VOLTREX - NVGRN - 29ZZ
280316730020,8.8879E+12,YONEX VOLTREX - NVGRN - 29Z5
280316730021,8.8879E+12,YONEX VOLTREX - LBLRD - 25ZZ
280316730022,8.8879E+12,YONEX VOLTREX - LBLRD - 25Z5
280316730023,8.8879E+12,YONEX VOLTREX - LBLRD - 26ZZ
280316730024,8.8879E+12,YONEX VOLTREX - LBLRD - 26Z5
280316730025,8.8879E+12,YONEX VOLTREX - LBLRD - 27ZZ
280316730026,8.8879E+12,YONEX VOLTREX - LBLRD - 27Z5
280316730027,8.8879E+12,YONEX VOLTREX - LBLRD - 28ZZ
280316730028,8.8879E+12,YONEX VOLTREX - LBLRD - 28Z5
280316730029,8.8879E+12,YONEX VOLTREX - LBLRD - 29ZZ
280316730030,8.8879E+12,YONEX VOLTREX - LBLRD - 29Z5
280316730031,8.8879E+12,YONEX VOLTREX - YLBLK - 25Z5
280316730032,8.8879E+12,YONEX VOLTREX - YLBLK - 26ZZ
280316730033,8.8879E+12,YONEX VOLTREX - YLBLK - 26Z5
280316730034,8.8879E+12,YONEX VOLTREX - YLBLK - 27ZZ
280316730035,8.8879E+12,YONEX VOLTREX - YLBLK - 27Z5
280316730036,8.8879E+12,YONEX VOLTREX - YLBLK - 28ZZ
280316730037,8.8879E+12,YONEX VOLTREX - YLBLK - 28Z5
280316730038,8.8879E+12,YONEX VOLTREX - YLBLK - 29ZZ
280316730039,8.8879E+12,YONEX VOLTREX - BLACK - 25ZZ
280316730040,8.8879E+12,YONEX VOLTREX - BLACK - 25Z5
280316730041,8.8879E+12,YONEX VOLTREX - BLACK - 26ZZ
280316730042,8.8879E+12,YONEX VOLTREX - BLACK - 26Z5
280316730043,8.8879E+12,YONEX VOLTREX - BLACK - 27ZZ
280316730044,8.8879E+12,YONEX VOLTREX - BLACK - 27Z5
280316730045,8.8879E+12,YONEX VOLTREX - BLACK - 28ZZ
280316730046,8.8879E+12,YONEX VOLTREX - BLACK - 28Z5
280316730047,8.8879E+12,YONEX VOLTREX - BLACK - 29ZZ
280316730048,8.8879E+12,YONEX VOLTREX - REDBK - 25ZZ
280316730049,8.8879E+12,YONEX VOLTREX - REDBK - 25Z5
280316730050,8.8879E+12,YONEX VOLTREX - REDBK - 26ZZ
280316730051,8.8879E+12,YONEX VOLTREX - REDBK - 26Z5
280316730052,8.8879E+12,YONEX VOLTREX - REDBK - 27ZZ
280316730053,8.8879E+12,YONEX VOLTREX - REDBK - 27Z5
280316730054,8.8879E+12,YONEX VOLTREX - REDBK - 28ZZ
280316730055,8.8879E+12,YONEX VOLTREX - REDBK - 28Z5
280316730056,8.8879E+12,YONEX VOLTREX - REDBK - 29ZZ
280316730057,8.8879E+12,YONEX VOLTREX - REDBK - 29Z5
280316730058,8.8879E+12,YONEX VOLTREX - WHTNV - 25ZZ
280316730059,8.8879E+12,YONEX VOLTREX - WHTNV - 25Z5
280316730060,8.8879E+12,YONEX VOLTREX - WHTNV - 26ZZ
280316730061,8.8879E+12,YONEX VOLTREX - WHTNV - 26Z5
280316730062,8.8879E+12,YONEX VOLTREX - WHTNV - 27ZZ
280316730063,8.8879E+12,YONEX VOLTREX - WHTNV - 27Z5
280316730064,8.8879E+12,YONEX VOLTREX - WHTNV - 28ZZ
280316730065,8.8879E+12,YONEX VOLTREX - WHTNV - 28Z5
280316730066,8.8879E+12,YONEX VOLTREX - WHTNV - 29ZZ
280316730067,8.8879E+12,YONEX VOLTREX - WHTNV - 29Z5
280316730068,8.8879E+12,YONEX VOLTREX - BLACK - 29Z5
280316740000,,YONEX VOLTREX JR
280316740001,8.8879E+12,YONEX VOLTREX JR - BEIGE - 21ZZ
280316740002,8.8879E+12,YONEX VOLTREX JR - BEIGE - 22ZZ
280316740003,8.8879E+12,YONEX VOLTREX JR - BEIGE - 23ZZ
280316740004,8.8879E+12,YONEX VOLTREX JR - NVGRN - 21ZZ
280316740005,8.8879E+12,YONEX VOLTREX JR - NVGRN - 22ZZ
280316740006,8.8879E+12,YONEX VOLTREX JR - NVGRN - 23ZZ
280316740007,8.8879E+12,YONEX VOLTREX JR - REDBK - 21ZZ
280316740008,8.8879E+12,YONEX VOLTREX JR - REDBK - 22ZZ
280316740009,8.8879E+12,YONEX VOLTREX JR - REDBK - 23ZZ
280316740010,8.8879E+12,YONEX VOLTREX JR - LBLRD - 21ZZ
280316740011,8.8879E+12,YONEX VOLTREX JR - LBLRD - 22ZZ
280316740012,8.8879E+12,YONEX VOLTREX JR - LBLRD - 23ZZ
280316740013,8.8879E+12,YONEX VOLTREX - BLACK - 21ZZ
280316740014,8.8879E+12,YONEX VOLTREX - BLACK - 22ZZ
280316740015,8.8879E+12,YONEX VOLTREX - BLACK - 23ZZ
280316740016,8.8879E+12,YONEX VOLTREX - WHTNV - 21ZZ
280316740017,8.8879E+12,YONEX VOLTREX - WHTNV - 22ZZ
280316740018,8.8879E+12,YONEX VOLTREX - WHTNV - 23ZZ
280316740019,8.8879E+12,YONEX VOLTREX - WHTNV - 24Z5
280218600000,9009525,FOUND BOTTLE 500 NO
280218600001,4.05803E+12,FOUND BOTTLE 500 NO - N/A - FRSZE
280059200000,9072400,NIKE DOWNSHIFTER 12 NN (PSV)
280059200001,1.96969E+11,NIKE DOWNSHIFTER 12 NN (PSV) - WHTGY - 2
280059200002,1.96969E+11,NIKE DOWNSHIFTER 12 NN (PSV) - WHTGY - 2
280059200003,1.96969E+11,NIKE DOWNSHIFTER 12 NN (PSV) - WHTGY - 3
280059210000,9072401,NIKE DOWNSHIFTER 12 NN (PSV)
280059210001,1.96969E+11,NIKE DOWNSHIFTER 12 NN (PSV) - BLUPK - 2
280059210002,1.96969E+11,NIKE DOWNSHIFTER 12 NN (PSV) - BLUPK - 3
280059210003,1.96969E+11,NIKE DOWNSHIFTER 12 NN (PSV) - BLUPK - 2
280059220000,9061484,DOWNSHIFTER 12
280059220001,1.9587E+11,DOWNSHIFTER 12 - GRYRD - 5Y
280059220002,1.9587E+11,DOWNSHIFTER 12 - GRYRD - 7Y
280059220003,1.9587E+11,DOWNSHIFTER 12 - GRYRD - 6Y
280059220004,1.9587E+11,DOWNSHIFTER 12 - GRYRD - 6.5Y
280059220005,1.9587E+11,DOWNSHIFTER 12 - GRYRD - 5.5Y
280059230000,9067204,NIKE DOWNSHIFTER 12 NN (GS)
280059230001,1.9587E+11,NIKE DOWNSHIFTER 12 NN (GS) - BLACK - 6.
280059230002,1.9587E+11,NIKE DOWNSHIFTER 12 NN (GS) - BLACK - 6Y
280059230003,1.9587E+11,NIKE DOWNSHIFTER 12 NN (GS) - BLACK - 5.
280059230004,1.9587E+11,NIKE DOWNSHIFTER 12 NN (GS) - BLACK - 7Y
280059240000,9061188,DOWNSHIFTER 12
280059240001,1.9587E+11,DOWNSHIFTER 12 - BLACK - 5Y
280059240002,1.9587E+11,DOWNSHIFTER 12 - BLACK - 5.5Y
280059240003,1.9587E+11,DOWNSHIFTER 12 - BLACK - 6.5Y
280059240004,1.9587E+11,DOWNSHIFTER 12 - BLACK - 6Y
280059240005,1.9587E+11,DOWNSHIFTER 12 - BLACK - 7Y
280059250000,9070187,NIKE DOWNSHIFTER 12 NN (GS)
280059250001,1.96605E+11,NIKE DOWNSHIFTER 12 NN (GS) - GRYWH - 6.
280059250002,1.96605E+11,NIKE DOWNSHIFTER 12 NN (GS) - GRYWH - 6Y
280059250003,1.96605E+11,NIKE DOWNSHIFTER 12 NN (GS) - GRYWH - 4.
280059250004,1.96605E+11,NIKE DOWNSHIFTER 12 NN (GS) - GRYWH - 5Y
280059250005,1.96605E+11,NIKE DOWNSHIFTER 12 NN (GS) - GRYWH - 5.
280059250006,1.96605E+11,NIKE DOWNSHIFTER 12 NN (GS) - GRYWH - 7Y
280059260000,9072394,NIKE DOWNSHIFTER 12 NN (GS)
280059260001,1.96969E+11,NIKE DOWNSHIFTER 12 NN (GS) - WHTGY - 5.
280059260002,1.96969E+11,NIKE DOWNSHIFTER 12 NN (GS) - WHTGY - 5Y
280059260003,1.96969E+11,NIKE DOWNSHIFTER 12 NN (GS) - WHTGY - 4.
280059260004,1.96969E+11,NIKE DOWNSHIFTER 12 NN (GS) - WHTGY - 6Y
280059260005,1.96969E+11,NIKE DOWNSHIFTER 12 NN (GS) - WHTGY - 6.
280059260006,1.96969E+11,NIKE DOWNSHIFTER 12 NN (GS) - WHTGY - 7Y
280059270000,9070185,NIKE DOWNSHIFTER 12 NN (GS)
280059270001,1.96605E+11,NIKE DOWNSHIFTER 12 NN (GS) - WHTPK - 5.
280059270002,1.96605E+11,NIKE DOWNSHIFTER 12 NN (GS) - WHTPK - 4.
280059270003,1.96605E+11,NIKE DOWNSHIFTER 12 NN (GS) - WHTPK - 6.
280059270004,1.96605E+11,NIKE DOWNSHIFTER 12 NN (GS) - WHTPK - 5Y
280059270005,1.96605E+11,NIKE DOWNSHIFTER 12 NN (GS) - WHTPK - 6Y
280059270006,1.96605E+11,NIKE DOWNSHIFTER 12 NN (GS) - WHTPK - 7Y
280059280000,9065477,NIKE DOWNSHIFTER 12 NN
280059280001,1.9587E+11,NIKE DOWNSHIFTER 12 NN - NVYWH - 6Y
280059280002,1.9587E+11,NIKE DOWNSHIFTER 12 NN - NVYWH - 6.5Y
280059280003,1.9587E+11,NIKE DOWNSHIFTER 12 NN - NVYWH - 5Y
280059280004,1.9587E+11,NIKE DOWNSHIFTER 12 NN - NVYWH - 5.5Y
280059280005,1.9587E+11,NIKE DOWNSHIFTER 12 NN - NVYWH - 4.5Y
280059280006,1.9587E+11,NIKE DOWNSHIFTER 12 NN - NVYWH - 7Y
280059290000,9072967,NIKE DOWNSHIFTER 12 NN (GS)
280059290001,1.96969E+11,NIKE DOWNSHIFTER 12 NN (GS) - BLKBL - 4.
280059290002,1.96969E+11,NIKE DOWNSHIFTER 12 NN (GS) - BLKBL - 5Y
280059290003,1.96969E+11,NIKE DOWNSHIFTER 12 NN (GS) - BLKBL - 5.
280059290004,1.96969E+11,NIKE DOWNSHIFTER 12 NN (GS) - BLKBL - 6Y
280059290005,1.96969E+11,NIKE DOWNSHIFTER 12 NN (GS) - BLKBL - 7Y
280059290006,1.96969E+11,NIKE DOWNSHIFTER 12 NN (GS) - BLKBL - 6.
280059300000,9071457,DOWNSHIFTER 12
280059300001,1.96608E+11,DOWNSHIFTER 12 - PURWH - 4.5Y
280059300002,1.96608E+11,DOWNSHIFTER 12 - PURWH - 5.5Y
280059300003,1.96608E+11,DOWNSHIFTER 12 - PURWH - 5Y
280059300004,1.96608E+11,DOWNSHIFTER 12 - PURWH - 6.5Y
280059300005,1.96608E+11,DOWNSHIFTER 12 - PURWH - 6Y
280059300006,1.96608E+11,DOWNSHIFTER 12 - PURWH - 7Y
280059310000,9061407,NIKE DOWNSHIFTER 12 NN (GS)
280059310001,1.9587E+11,NIKE DOWNSHIFTER 12 NN (GS) - PKBLK - 5Y
280059310002,1.9587E+11,NIKE DOWNSHIFTER 12 NN (GS) - PKBLK - 7Y
280059310003,1.9587E+11,NIKE DOWNSHIFTER 12 NN (GS) - PKBLK - 6Y
280059310004,1.9587E+11,NIKE DOWNSHIFTER 12 NN (GS) - PKBLK - 6.
280059310005,1.9587E+11,NIKE DOWNSHIFTER 12 NN (GS) - PKBLK - 5.
280059320000,9067345,NIKE DOWNSHIFTER 12 NN (GS)
280059320001,1.96155E+11,NIKE DOWNSHIFTER 12 NN (GS) - BLKGY - 5Y
280059320002,1.96155E+11,NIKE DOWNSHIFTER 12 NN (GS) - BLKGY - 6Y
280059320003,1.96155E+11,NIKE DOWNSHIFTER 12 NN (GS) - BLKGY - 6.
280059320004,1.96155E+11,NIKE DOWNSHIFTER 12 NN (GS) - BLKGY - 7Y
280059320005,1.96155E+11,NIKE DOWNSHIFTER 12 NN (GS) - BLKGY - 5.
280202490000,9073755,HUMMEL POLO
280202490001,9.07376E+11,HUMMEL POLO - WHITE - XS
280202490002,9.07376E+11,HUMMEL POLO - WHITE - S
280202490003,9.07376E+11,HUMMEL POLO - WHITE - M
280202490004,9.07376E+11,HUMMEL POLO - WHITE - L
280202490005,9.07376E+11,HUMMEL POLO - WHITE - XL
280202490006,9.07376E+11,HUMMEL POLO - WHITE - 2XL
280202490007,9.07376E+11,HUMMEL POLO - YELOW - XS
280202490008,9.07376E+11,HUMMEL POLO - YELOW - S
280202490009,9.07376E+11,HUMMEL POLO - YELOW - M
280202490010,9.07376E+11,HUMMEL POLO - YELOW - L
280202490011,9.07376E+11,HUMMEL POLO - YELOW - XL
280202490012,9.07376E+11,HUMMEL POLO - YELOW - 2XL
280202490013,9.07376E+11,HUMMEL POLO - GREEN - XS
280202490014,9.07376E+11,HUMMEL POLO - GREEN - S
280202490015,9.07376E+11,HUMMEL POLO - GREEN - M
280202490016,9.07376E+11,HUMMEL POLO - GREEN - L
280202490017,9.07376E+11,HUMMEL POLO - GREEN - XL
280202490018,9.07376E+11,HUMMEL POLO - GREEN - 2XL
280202490019,9.07376E+11,HUMMEL POLO - BLUE - XS
280202490020,9.07376E+11,HUMMEL POLO - BLUE - S
280202490021,9.07376E+11,HUMMEL POLO - BLUE - M
280202490022,9.07376E+11,HUMMEL POLO - BLUE - L
280202490023,9.07376E+11,HUMMEL POLO - BLUE - XL
280202490024,9.07376E+11,HUMMEL POLO - BLUE - 2XL
280202490025,9.07376E+11,HUMMEL POLO - GREY - XS
280202490026,9.07376E+11,HUMMEL POLO - GREY - S
280202490027,9.07376E+11,HUMMEL POLO - GREY - M
280202490028,9.07376E+11,HUMMEL POLO - GREY - L
280202490029,9.07376E+11,HUMMEL POLO - GREY - XL
280202490030,9.07376E+11,HUMMEL POLO - GREY - 2XL
280202490031,9.07376E+11,HUMMEL POLO - ORNG - XS
280202490032,9.07376E+11,HUMMEL POLO - ORNG - S
280202490033,9.07376E+11,HUMMEL POLO - ORNG - M
280202490034,9.07376E+11,HUMMEL POLO - ORNG - L
280202490035,9.07376E+11,HUMMEL POLO - ORNG - XL
280202490036,9.07376E+11,HUMMEL POLO - ORNG - 2XL
280202490037,9.07376E+11,HUMMEL POLO - PINK - XS
280202490038,9.07376E+11,HUMMEL POLO - PINK - S
280202490039,9.07376E+11,HUMMEL POLO - PINK - M
280202490040,9.07376E+11,HUMMEL POLO - PINK - L
280202490041,9.07376E+11,HUMMEL POLO - PINK - XL
280202490042,9.07376E+11,HUMMEL POLO - PINK - 2XL
280202490043,9.07376E+11,HUMMEL POLO - RED - XS
280202490044,9.07376E+11,HUMMEL POLO - RED - S
280202490045,9.07376E+11,HUMMEL POLO - RED - M
280202490046,9.07376E+11,HUMMEL POLO - RED - L
280202490047,9.07376E+11,HUMMEL POLO - RED - XL
280202490048,9.07376E+11,HUMMEL POLO - RED - 2XL
280202490049,9.07376E+11,HUMMEL POLO - DRKGR - XS
280202490050,9.07376E+11,HUMMEL POLO - DRKGR - S
280202490051,9.07376E+11,HUMMEL POLO - DRKGR - M
280202490052,9.07376E+11,HUMMEL POLO - DRKGR - L
280202490053,9.07376E+11,HUMMEL POLO - DRKGR - XL
280202490054,9.07376E+11,HUMMEL POLO - DRKGR - 2XL
280202490055,9.07376E+11,HUMMEL POLO - ROYAL - XS
280202490056,9.07376E+11,HUMMEL POLO - ROYAL - S
280202490057,9.07376E+11,HUMMEL POLO - ROYAL - M
280202490058,9.07376E+11,HUMMEL POLO - ROYAL - L
280202490059,9.07376E+11,HUMMEL POLO - ROYAL - XL
280202490060,9.07376E+11,HUMMEL POLO - ROYAL - 2XL
280202490061,9.07376E+11,HUMMEL POLO - PURPE - XS
280202490062,9.07376E+11,HUMMEL POLO - PURPE - S
280202490063,9.07376E+11,HUMMEL POLO - PURPE - M
280202490064,9.07376E+11,HUMMEL POLO - PURPE - L
280202490065,9.07376E+11,HUMMEL POLO - PURPE - XL
280202490066,9.07376E+11,HUMMEL POLO - PURPE - 2XL
280202490067,9.07376E+11,HUMMEL POLO - NAVY - XS
280202490068,9.07376E+11,HUMMEL POLO - NAVY - S
280202490069,9.07376E+11,HUMMEL POLO - NAVY - M
280202490070,9.07376E+11,HUMMEL POLO - NAVY - L
280202490071,9.07376E+11,HUMMEL POLO - NAVY - XL
280202490072,9.07376E+11,HUMMEL POLO - NAVY - 2XL
280202490073,9.07376E+11,HUMMEL POLO - BLACK - XS
280202490074,9.07376E+11,HUMMEL POLO - BLACK - S
280202490075,9.07376E+11,HUMMEL POLO - BLACK - M
280202490076,9.07376E+11,HUMMEL POLO - BLACK - L
280202490077,9.07376E+11,HUMMEL POLO - BLACK - XL
280202490078,9.07376E+11,HUMMEL POLO - BLACK - 2XL
280212850000,9068663,MAXX RACKET HYPER BLADE X1
280212850001,9.5065E+13,MAXX RACKET HYPER BLADE X1 - ALLCL - N/A
280212860000,9068664,MAXX RACKET HYPER BLADE X2
280212860001,9.5065E+15,MAXX RACKET HYPER BLADE X2 - ALLCL - N/A
280148440000,9070286,ADIDAS SWITCH MOVE
280148440001,4.06676E+12,ADIDAS SWITCH MOVE - MULTI - 13.5
280148440002,4.06676E+12,ADIDAS SWITCH MOVE - MULTI - 11
280148440003,4.06676E+12,ADIDAS SWITCH MOVE - MULTI - 12
280148440004,4.06676E+12,ADIDAS SWITCH MOVE - MULTI - 12.5
280148440005,4.06676E+12,ADIDAS SWITCH MOVE - MULTI - 7.5
280148440006,4.06676E+12,ADIDAS SWITCH MOVE - MULTI - 8
280148440007,4.06676E+12,ADIDAS SWITCH MOVE - MULTI - 8.5
280148440008,4.06676E+12,ADIDAS SWITCH MOVE - MULTI - 9
280148440009,4.06676E+12,ADIDAS SWITCH MOVE - MULTI - 9.5
280148440010,4.06676E+12,ADIDAS SWITCH MOVE - MULTI - 10
280148450000,9070287,ADIDAS SWITCH MOVE
280148450001,9.07029E+11,ADIDAS SWITCH MOVE - BLACK - 7
280148450002,4.06676E+12,ADIDAS SWITCH MOVE - BLACK - 7
280148450003,4.06676E+12,ADIDAS SWITCH MOVE - BLACK - 6
280148450004,4.06676E+12,ADIDAS SWITCH MOVE - BLACK - 6.5
280148450005,4.06676E+12,ADIDAS SWITCH MOVE - BLACK - 7.5
280148450006,4.06676E+12,ADIDAS SWITCH MOVE - BLACK - 13.5
280148450007,4.06676E+12,ADIDAS SWITCH MOVE - BLACK - 8
280148450008,4.06676E+12,ADIDAS SWITCH MOVE - BLACK - 8.5
280148450009,4.06676E+12,ADIDAS SWITCH MOVE - BLACK - 9
280148450010,4.06676E+12,ADIDAS SWITCH MOVE - BLACK - 9.5
280148450011,4.06676E+12,ADIDAS SWITCH MOVE - BLACK - 10
280148450012,4.06676E+12,ADIDAS SWITCH MOVE - BLACK - 11
280148450013,4.06676E+12,ADIDAS SWITCH MOVE - BLACK - 12
280148450014,4.06676E+12,ADIDAS SWITCH MOVE - BLACK - 12.5
280148460000,9070288,ADIDAS SWITCH MOVE
280148460001,4.06676E+12,ADIDAS SWITCH MOVE - BLACK - 7
280148460002,4.06676E+12,ADIDAS SWITCH MOVE - BLACK - 6.5
280148460003,4.06676E+12,ADIDAS SWITCH MOVE - BLACK - 7.5
280148460004,4.06676E+12,ADIDAS SWITCH MOVE - BLACK - 13.5
280148460005,4.06676E+12,ADIDAS SWITCH MOVE - BLACK - 8
280148460006,4.06676E+12,ADIDAS SWITCH MOVE - BLACK - 8.5
280148460007,4.06676E+12,ADIDAS SWITCH MOVE - BLACK - 9
280148460008,4.06676E+12,ADIDAS SWITCH MOVE - BLACK - 9.5
280148460009,4.06676E+12,ADIDAS SWITCH MOVE - BLACK - 10
280148460010,4.06676E+12,ADIDAS SWITCH MOVE - BLACK - 11
280148460011,4.06676E+12,ADIDAS SWITCH MOVE - BLACK - 12
280148460012,4.06676E+12,ADIDAS SWITCH MOVE - BLACK - 12.5
280148460013,9.07029E+11,ADIDAS SWITCH MOVE - BLACK - 7
280258850000,9076882,ADIDAS SWITCH MOVE
280258850001,4.06676E+12,ADIDAS SWITCH MOVE - WHTSV - 5.5
280258850002,4.06676E+12,ADIDAS SWITCH MOVE - WHTSV - 8
280258850003,4.06676E+12,ADIDAS SWITCH MOVE - WHTSV - 4.5
280258850004,4.06676E+12,ADIDAS SWITCH MOVE - WHTSV - 7
280258850005,4.06676E+12,ADIDAS SWITCH MOVE - WHTSV - 6
280258850006,4.06676E+12,ADIDAS SWITCH MOVE - WHTSV - 4
280258850007,4.06676E+12,ADIDAS SWITCH MOVE - WHTSV - 7.5
280258850008,4.06676E+12,ADIDAS SWITCH MOVE - WHTSV - 6.5
280258850009,4.06676E+12,ADIDAS SWITCH MOVE - WHTSV - 5
280306620000,,ADIDAS SWITCH MOVE
280306620001,4.06789E+12,ADIDAS SWITCH MOVE - GREEN - 3.5
280306620002,4.06789E+12,ADIDAS SWITCH MOVE - GREEN - 4
280306620003,4.06789E+12,ADIDAS SWITCH MOVE - GREEN - 4.5
280306620004,4.06789E+12,ADIDAS SWITCH MOVE - GREEN - 5
280306620005,4.06789E+12,ADIDAS SWITCH MOVE - GREEN - 5.5
280306620006,4.06789E+12,ADIDAS SWITCH MOVE - GREEN - 6
280306620007,4.06789E+12,ADIDAS SWITCH MOVE - GREEN - 6.5
280148540000,9073512,ADIDAS SWITCH MOVE
280148540001,4.06677E+12,ADIDAS SWITCH MOVE - NVYWH - 7.5
280148540002,4.06677E+12,ADIDAS SWITCH MOVE - NVYWH - 13.5
280148540003,4.06677E+12,ADIDAS SWITCH MOVE - NVYWH - 8
280148540004,4.06677E+12,ADIDAS SWITCH MOVE - NVYWH - 8.5
280148540005,4.06677E+12,ADIDAS SWITCH MOVE - NVYWH - 9
280148540006,4.06677E+12,ADIDAS SWITCH MOVE - NVYWH - 9.5
280148540007,4.06677E+12,ADIDAS SWITCH MOVE - NVYWH - 10
280148540008,4.06677E+12,ADIDAS SWITCH MOVE - NVYWH - 11
280148540009,4.06677E+12,ADIDAS SWITCH MOVE - NVYWH - 12
280148540010,4.06677E+12,ADIDAS SWITCH MOVE - NVYWH - 12.5
280148540011,4.06677E+12,ADIDAS SWITCH MOVE - NVYWH - 6
280148540012,4.06677E+12,ADIDAS SWITCH MOVE - NVYWH - 7
280149190000,9074816,ADIDAS SWITCH MOVE
280149190001,4.06789E+12,ADIDAS SWITCH MOVE - PEACH - 4
280149190002,4.06789E+12,ADIDAS SWITCH MOVE - PEACH - 4.5
280149190003,4.06789E+12,ADIDAS SWITCH MOVE - PEACH - 5
280149190004,4.06789E+12,ADIDAS SWITCH MOVE - PEACH - 5.5
280149190005,4.06789E+12,ADIDAS SWITCH MOVE - PEACH - 6
280149190006,4.06789E+12,ADIDAS SWITCH MOVE - PEACH - 6.5
280149190007,4.06789E+12,ADIDAS SWITCH MOVE - PEACH - 7
280149190008,4.06789E+12,ADIDAS SWITCH MOVE - PEACH - 7.5
280259580000,9076938,ADIDAS SWITCH MOVE
280259580001,4.06789E+12,ADIDAS SWITCH MOVE - WHTPK - 4
280259580002,4.06789E+12,ADIDAS SWITCH MOVE - WHTPK - 4.5
280259580003,4.06789E+12,ADIDAS SWITCH MOVE - WHTPK - 5
280259580004,4.06789E+12,ADIDAS SWITCH MOVE - WHTPK - 5.5
280259580005,4.06789E+12,ADIDAS SWITCH MOVE - WHTPK - 6
280259580006,4.06789E+12,ADIDAS SWITCH MOVE - WHTPK - 6.5
280259580007,4.06789E+12,ADIDAS SWITCH MOVE - WHTPK - 7
280150040000,9076029,ADIDAS SWITCH MOVE CGREEN/ZEROMT/OAT
280150040001,4.06789E+12,ADIDAS SWITCH MOVE CGREEN/ZEROMT/OAT - D
280150040002,4.06789E+12,ADIDAS SWITCH MOVE CGREEN/ZEROMT/OAT - D
280150040003,4.06789E+12,ADIDAS SWITCH MOVE CGREEN/ZEROMT/OAT - D
280150040004,4.06789E+12,ADIDAS SWITCH MOVE CGREEN/ZEROMT/OAT - D
280150040005,4.06789E+12,ADIDAS SWITCH MOVE CGREEN/ZEROMT/OAT - D
280150040006,4.06789E+12,ADIDAS SWITCH MOVE CGREEN/ZEROMT/OAT - D
280150040007,4.06789E+12,ADIDAS SWITCH MOVE CGREEN/ZEROMT/OAT - D
280150040008,4.06789E+12,ADIDAS SWITCH MOVE CGREEN/ZEROMT/OAT - D
280150040009,4.06789E+12,ADIDAS SWITCH MOVE CGREEN/ZEROMT/OAT - D
280150040010,4.06789E+12,ADIDAS SWITCH MOVE CGREEN/ZEROMT/OAT - D
280150040011,4.06789E+12,ADIDAS SWITCH MOVE CGREEN/ZEROMT/OAT - D
280259590000,9076945,ADIDAS SWITCH MOVE
280259590001,4.06789E+12,ADIDAS SWITCH MOVE - WHTGR - 7
280259590002,4.06789E+12,ADIDAS SWITCH MOVE - WHTGR - 7.5
280259590003,4.06789E+12,ADIDAS SWITCH MOVE - WHTGR - 8
280259590004,4.06789E+12,ADIDAS SWITCH MOVE - WHTGR - 8.5
280259590005,4.06789E+12,ADIDAS SWITCH MOVE - WHTGR - 9
280259590006,4.06789E+12,ADIDAS SWITCH MOVE - WHTGR - 9.5
280259590007,4.06789E+12,ADIDAS SWITCH MOVE - WHTGR - 10
280302400000,,ADIDAS ADIDAS SWITCH MOVE
280302400001,4.06789E+12,ADIDAS SWITCH MOVE - SILGR - 4
280302400002,4.06789E+12,ADIDAS SWITCH MOVE - SILGR - 4.5
280302400003,4.06789E+12,ADIDAS SWITCH MOVE - SILGR - 5
280302400004,4.06789E+12,ADIDAS SWITCH MOVE - SILGR - 5.5
280302400005,4.06789E+12,ADIDAS SWITCH MOVE - SILGR - 6
280138850000,9072520,ADIDAS STARLANCER CLB
280138850001,4.06789E+12,ADIDAS STARLANCER CLB - WHTBK - 5
280138860000,9072521,ADIDAS STARLANCER CLB
280138860001,4.06789E+12,ADIDAS STARLANCER CLB - BLUWH - 5
280187720000,9019097,KAPPA JERSEY
280187720001,12155000000L,KAPPA JERSEY - GREY - L
280187720002,12155000000M,KAPPA JERSEY - GREY - M
280187720003,12155000000S,KAPPA JERSEY - GREY - S
280187720004,1215500000XL,KAPPA JERSEY - GREY - L
280187720005,1215500002XL,KAPPA JERSEY - GREY - 2XL
280187720006,12155000100L,KAPPA JERSEY - RED - L
280187720007,12155000100M,KAPPA JERSEY - RED - M
280187720008,12155000100S,KAPPA JERSEY - RED - S
280187720009,1215500010XL,KAPPA JERSEY - RED - XL
280187720010,1215500012XL,KAPPA JERSEY - RED - 2XL
280187720011,12155000200L,KAPPA JERSEY - NAVY - L
280187720012,12155000200M,KAPPA JERSEY - NAVY - M
280187720013,12155000200S,KAPPA JERSEY - NAVY - S
280187720014,1215500020XL,KAPPA JERSEY - NAVY - XL
280187720015,1215500022XL,KAPPA JERSEY - NAVY - 2XL
280187720016,12155000300L,KAPPA JERSEY - GREEN - L
280187720017,12155000300M,KAPPA JERSEY - GREEN - M
280187720018,12155000300S,KAPPA JERSEY - GREEN - S
280187720019,1215500030XL,KAPPA JERSEY - GREEN - XL
280187720020,1215500032XL,KAPPA JERSEY - GREEN - 2XL
280187720021,121550004,KAPPA JERSEY
280187720022,1.2155E+11,KAPPA JERSEY - BLKRD - N/A
280187720023,1.2155E+11,KAPPA JERSEY - BLKGY - N/A
280187720024,1.2155E+11,KAPPA JERSEY - BLKGR - N/A
280187720025,1.2155E+11,KAPPA JERSEY - GRYRD - N/A
280187720026,1.2155E+11,KAPPA JERSEY - BLKPK - N/A
280187720027,1.2155E+11,KAPPA JERSEY - PKBLK - N/A
280187750000,9019706,KAPPA JERSEY
280187750001,1.2185E+11,KAPPA JERSEY - WHTRD - N/A
280187750002,1.2185E+11,KAPPA JERSEY - RYLWH - N/A
280187750003,1.2185E+11,KAPPA JERSEY - NVYGR - N/A
280187750004,1.2185E+11,KAPPA JERSEY - ORGWH - N/A
280187750005,1.2185E+11,KAPPA JERSEY - BLKYL - N/A
280187790000,9019695,KAPPA JERSEY
280187790001,1.2231E+11,KAPPA JERSEY - ROYAL - N/A
280187790002,1.2231E+11,KAPPA JERSEY - YELOW - N/A
280187790003,1.2231E+11,KAPPA JERSEY - NAVY - N/A
280187790004,1.2231E+11,KAPPA JERSEY - RED - N/A
280187790005,1.2231E+11,KAPPA JERSEY - BLACK - N/A
280187790006,1.2231E+11,KAPPA JERSEY - WHITE - N/A
280187790007,1.2231E+11,KAPPA JERSEY - GREEN - N/A
280187790008,1.2231E+12,KAPPA JERSEY - ORNG - N/A
280187800000,9064615,KAPPA JERSEY
280187800001,1.22311E+12,KAPPA JERSEY - RED - ALLSZ
280187800002,1.22311E+12,KAPPA JERSEY - NAVY - ALLSZ
280187800003,1.22311E+12,KAPPA JERSEY - BLACK - ALLSZ
280187840000,9019699,KAPPA JERSEY
280187840001,1.3327E+11,KAPPA JERSEY - BLKYL - N/A
280187840002,1.3327E+11,KAPPA JERSEY - WHTRD - N/A
280187840003,1.3327E+11,KAPPA JERSEY - BLKPK - N/A
280187840004,1.3327E+11,KAPPA JERSEY - NAVY - N/A
280187850000,9019364,KAPPA MENS TEE
280187850001,13121000100S,KAPPA MENS TEE - ORNG - S
280187850002,13121000100M,KAPPA MENS TEE - ORNG - M
280187850003,13121000000S,KAPPA MENS TEE - BLACK - S
280187850004,13121000000M,KAPPA MENS TEE - BLACK - M
280187850005,13121000000L,KAPPA MENS TEE - BLACK - L
280187850006,K13BTS121-ORN-XXL,KAPPA MENS TEE - ORNG - 2XL
280187850007,K13BTS121-ORN-XL,KAPPA MENS TEE - ORNG - XL
280187850008,K13BTS121-ORN-S,KAPPA MENS TEE - ORNG - S
280187850009,K13BTS121-ORN-M,KAPPA MENS TEE - ORNG - M
280187850010,K13BTS121-ORN-L,KAPPA MENS TEE - ORNG - L
280187850011,K13BTS121-LIME-XXL,KAPPA MENS TEE - LIME - 2XL
280187850012,K13BTS121-LIME-XL,KAPPA MENS TEE - LIME - XL
280187850013,K13BTS121-LIME-S,KAPPA MENS TEE - LIME - S
280187850014,K13BTS121-LIME-M,KAPPA MENS TEE - LIME - M
280187850015,K13BTS121-LIME-L,KAPPA MENS TEE - LIME - L
280187850016,K13BTS121-BLK-XXL,KAPPA MENS TEE - BLACK - 2XL
280187850017,K13BTS121-BLK-XL,KAPPA MENS TEE - BLACK - XL
280187850018,K13BTS121-BLK-S,KAPPA MENS TEE - BLACK - S
280187850019,K13BTS121-BLK-M,KAPPA MENS TEE - BLACK - M
280187850020,K13BTS121-BLK-L,KAPPA MENS TEE - BLACK - L
280187860000,9019690,KAPPA JERSEY
280187860001,1.3313E+11,KAPPA JERSEY - RYLOR - N/A
280187860002,1.3313E+11,KAPPA JERSEY - BLKWH - N/A
280187860003,1.3313E+11,KAPPA JERSEY - NVYYL - N/A
280187860004,1.3313E+11,KAPPA JERSEY - REDBK - N/A
280187860005,1.3313E+11,KAPPA JERSEY - PURPE - N/A
280187870000,9019099,KAPPA JERSEY
280187870001,1.3319E+11,KAPPA JERSEY - REDBL - N/A
280187870002,1.3319E+11,KAPPA JERSEY - BLKRD - N/A
280187870003,1.3319E+11,KAPPA JERSEY - YELBK - N/A
280187870004,1.3319E+11,KAPPA JERSEY - ROYAL - N/A
280187870005,1.3319E+11,KAPPA JERSEY - RYLWH - N/A
280187870006,133190000,KAPPA JERSEY
280187890000,9019710,KAPPA JERSEY
280187890001,1.3367E+11,KAPPA JERSEY - BLUNY - N/A
280187890002,1.3367E+11,KAPPA JERSEY - YELBK - N/A
280187890003,1.3367E+11,KAPPA JERSEY - REDRY - N/A
280187890004,1.3367E+11,KAPPA JERSEY - BLKRD - N/A
280187910000,9019082,KAPPA-K14APM409
280187910001,110110009,KAPPA-K14APM409
280187910002,1.4409E+11,KAPPA-K14APM409 - WHTBK - N/A
280187910003,1.4409E+11,KAPPA-K14APM409 - BLUBK - N/A
280187910004,1.4409E+11,KAPPA-K14APM409 - BLACK - N/A
280187910005,1.4409E+11,KAPPA-K14APM409 - BLKRD - N/A
280187910006,1.4409E+11,KAPPA-K14APM409 - REDBK - N/A
280187910007,144090000,KAPPA-K14APM409
280187910008,110110009,KAPPA-K14APM409
280187920000,9019697,KAPPA JERSEY
280187920001,1.4375E+11,KAPPA JERSEY - GRNPK - N/A
280187920002,1.4375E+11,KAPPA JERSEY - GRNBK - N/A
280187920003,1.4375E+11,KAPPA JERSEY - REDWH - N/A
280187920004,1.4375E+11,KAPPA JERSEY - BLKRD - N/A
280187920005,1.4375E+11,KAPPA JERSEY - NAVY - N/A
280187920006,1.4375E+11,KAPPA JERSEY
280188010000,9062113,KAPPA JERSEY
280188010001,60000000400,KAPPA JERSEY - BLKSV - ALLSZ
280188010002,60000000100,KAPPA JERSEY - BLKWH - ALLSZ
280188010003,60000000200,KAPPA JERSEY - NVYPK - ALLSZ
280188010004,60000000300,KAPPA JERSEY - WHTPK - ALLSZ
280188020000,9062112,KAPPA JERSEY
280188020001,62000000200,KAPPA JERSEY - BLKWH - ALLSZ
280188020002,62000000600,KAPPA JERSEY - NVYPU - ALLSZ
280188020003,62000000100,KAPPA JERSEY - PINK - ALLSZ
280188020004,62000000500,KAPPA JERSEY - PURNY - ALLSZ
280188020005,62000000300,KAPPA JERSEY - BLKGY - ALLSZ
280188020006,62000000400,KAPPA JERSEY - WHTBK - ALLSZ
280188030000,9062111,KAPPA JERSEY
280188030001,64000000400,KAPPA JERSEY - WHTBK - ALLSZ
280188030002,64000000100,KAPPA JERSEY - WHITE - ALLSZ
280188030003,64000000600,KAPPA JERSEY - PURNY - ALLSZ
280188030004,64000000300,KAPPA JERSEY - NVYBL - ALLSZ
280188030005,64000000200,KAPPA JERSEY - BLKWH - ALLSZ
280188030006,64000000500,KAPPA JERSEY - BLKGY - ALLSZ
280188040000,9062108,KAPPA JERSEY
280188040001,6.73E+11,KAPPA JERSEY - DRKGY - ALLSZ
280188040002,6.73E+11,KAPPA JERSEY - BLKGD - ALLSZ
280188040003,6.73E+11,KAPPA JERSEY - BLKWH - ALLSZ
280188040004,6.73E+11,KAPPA JERSEY - NVYRD - ALLSZ
280188040005,6.73E+11,KAPPA JERSEY - WHTBK - ALLSZ
280188050000,9062109,KAPPA JERSEY
280188050001,6.75E+11,KAPPA JERSEY - BLKGD - ALLSZ
280188050002,6.75E+11,KAPPA JERSEY - BLKGY - ALLSZ
280188050003,6.75E+11,KAPPA JERSEY - GRYBK - ALLSZ
280188050004,6.75E+11,KAPPA JERSEY - NVYGY - ALLSZ
280188050005,6.75E+11,KAPPA JERSEY - ORGBK - ALLSZ
280188050006,6.75E+11,KAPPA JERSEY - WHTGD - ALLSZ
280188060000,9062110,KAPPA JERSEY
280188060001,6.77E+11,KAPPA JERSEY - AMYGR - ALLSZ
280188060002,6.77E+11,KAPPA JERSEY - BLACK - ALLSZ
280188060003,6.77E+11,KAPPA JERSEY - BLUE - ALLSZ
280188060004,6.77E+11,KAPPA JERSEY - DRKGY - ALLSZ
280188060005,6.77E+11,KAPPA JERSEY - GREEN - ALLSZ
280188060006,6.77E+11,KAPPA JERSEY - NAVY - ALLSZ
280188270000,9019101,KAPPA JERSEY
280188270001,4.473E+11,KAPPA JERSEY - BLKGR - N/A
280188270002,4.473E+11,KAPPA JERSEY - BLKPK - N/A
280188270003,4.473E+11,KAPPA JERSEY - GRYRD - N/A
280188270004,4.473E+11,KAPPA JERSEY - BLKGY - N/A
280188270005,4.473E+11,KAPPA JERSEY - BLKRD - N/A
280188270006,447300015,KAPPA JERSEY
280188280000,9064491,KRN Q FORCE
280188280001,4.47308E+11,KRN Q FORCE - BLKPK - ALLSZ
280188280002,4.47308E+11,KRN Q FORCE - GRYRD - ALLSZ
280188280003,4.47308E+11,KRN Q FORCE - BLKYL - ALLSZ
280188280004,4.47308E+11,KRN Q FORCE - BLKGY - ALLSZ
280188280005,4.47308E+11,KRN Q FORCE - BLKGR - ALLSZ
280188280006,4.47308E+11,KRN Q FORCE - BLKRD - ALLSZ
280188610000,9019729,KAPPA JERSEY
280188610001,2.051E+11,KAPPA JERSEY - GREY - N/A
280188610002,2.051E+11,KAPPA JERSEY - NAVY - N/A
280188610003,2.051E+11,KAPPA JERSEY - YELOW - N/A
280188610004,2.051E+11,KAPPA JERSEY - RED - N/A
280188610005,2.051E+11,KAPPA JERSEY - ROYAL - N/A
280188610006,2.051E+11,KAPPA JERSEY - BLACK - N/A
280188610007,2.051E+11,KAPPA JERSEY - ROYAL - N/A
280188620000,9064616,KAPPA JERSEY
280188620001,2.05108E+11,KAPPA JERSEY - BLACK - ALLSZ
280188620002,2.05108E+11,KAPPA JERSEY - DKGY - ALLSZ
280188620003,2.05108E+11,KAPPA JERSEY - NAVY - ALLSZ
280188620004,2.05108E+11,KAPPA JERSEY - RED - ALLSZ
280188620005,2.05108E+11,KAPPA JERSEY - RLYBL - ALLSZ
280188620006,2.05108E+11,KAPPA JERSEY - YELOW - ALLSZ
280188630000,9019730,KAPPA JERSEY
280188630001,2.30464E+12,KAPPA JERSEY - ROYAL - N/A
280188630002,2.053E+11,KAPPA JERSEY - GREY - N/A
280188630003,2.053E+11,KAPPA JERSEY - ORNG - N/A
280188630004,2.053E+11,KAPPA JERSEY - NAVY - N/A
280188630005,2.053E+11,KAPPA JERSEY - YELOW - N/A
280188630006,2.053E+11,KAPPA JERSEY - RED - N/A
280188630007,2.053E+11,KAPPA JERSEY - ROYAL - N/A
280188630008,2.053E+11,KAPPA JERSEY - BLACK - N/A
280189950000,9018893,KAPPA JC TEE-ALL COLOR
280189950001,26590000600,KAPPA JC TEE-ALL COLOR - ALLCL - ALLSZ
280189950002,26570000600,KAPPA JC TEE-ALL COLOR - WHTBK - ALLSZ
280189950003,26570000200,KAPPA JC TEE-ALL COLOR - REDWH - ALLSZ
280189950004,9.01889E+11,KAPPA JC TEE-ALL COLOR - DGYBL - ALLSZ
280189950005,26570000300,KAPPA JC TEE-ALL COLOR - BLKGR - ALLSZ
280189950006,9.01889E+11,KAPPA JC TEE-ALL COLOR - N/A - ALLSZ
280189950007,9.01889E+11,KAPPA JC TEE-ALL COLOR - NVYRD - ALLSZ
280189950008,9.01889E+11,KAPPA JC TEE-ALL COLOR - WHTRD - ALLSZ
280189950009,26570000500,KAPPA JC TEE-ALL COLOR - RBLWH - ALLSZ
280189950010,26570000400,KAPPA JC TEE-ALL COLOR - BLKGR - ALLSZ
280189950011,26570000100,KAPPA JC TEE-ALL COLOR - ALLCL - ALLSZ
280189960000,9019820,KAPPA JC TEE-ALL COLOR
280189960001,26590000400,KAPPA JC TEE-ALL COLOR - NVYWH - ALLSZ
280189960002,26590000200,KAPPA JC TEE-ALL COLOR - DGYWH - ALLSZ
280189960003,26590000300,KAPPA JC TEE-ALL COLOR - BLKGY - ALLSZ
280189960004,9.01982E+11,KAPPA JC TEE-ALL COLOR - BLKGR - ALLSZ
280189960005,9.01982E+11,KAPPA JC TEE-ALL COLOR - WHTRD - ALLSZ
280189960006,26590000500,KAPPA JC TEE-ALL COLOR - RBLOR - ALLSZ
280189960007,26590000100,KAPPA JC TEE-ALL COLOR - N/A - ALLSZ
280189970000,9018894,KAPPA JC TEE-ALL COLOR
280189970001,26610000600,KAPPA JC TEE-ALL COLOR - WHTBK - ALLSZ
280189970002,26610000400,KAPPA JC TEE-ALL COLOR - DGYRD - ALLSZ
280189970003,26610000300,KAPPA JC TEE-ALL COLOR - BLKWH - ALLSZ
280189970004,26610000200,KAPPA JC TEE-ALL COLOR - REDWH - ALLSZ
280189970005,26610000500,KAPPA JC TEE-ALL COLOR - RBLWH - ALLSZ
280189970006,9.01889E+11,KAPPA JC TEE-ALL COLOR - NVYRD - ALLSZ
280189970007,9.01889E+11,KAPPA JC TEE-ALL COLOR - N/A - ALLSZ
280189970008,26610000100,KAPPA JC TEE-ALL COLOR - ALLCL - ALLSZ
280191850000,9056237,KAPPA SLIPPER
280191850001,9.05624E+11,KAPPA SLIPPER - NVYOR - 45
280191850002,9.05624E+11,KAPPA SLIPPER - BLKRD - 45
280191850003,9.05624E+11,KAPPA SLIPPER - BLACK - 45
280191850004,9.05624E+11,KAPPA SLIPPER - BLKRD - 44
280191850005,9.05624E+11,KAPPA SLIPPER - BLKRD - 43
280191850006,9.05624E+11,KAPPA SLIPPER - BLKRD - 42
280191850007,9.05624E+11,KAPPA SLIPPER - BLKRD - 41
280191850008,9.05624E+11,KAPPA SLIPPER - BLKRD - 40
280191850009,9.05624E+11,KAPPA SLIPPER - BLACK - 44
280191850010,9.05624E+11,KAPPA SLIPPER - BLACK - 43
280191850011,9.05624E+11,KAPPA SLIPPER - BLACK - 42
280191850012,9.05624E+11,KAPPA SLIPPER - BLACK - 41
280191850013,9.05624E+11,KAPPA SLIPPER - BLACK - 40
280191850014,9.05624E+11,KAPPA SLIPPER - NVYOR - 44
280191850015,9.05624E+11,KAPPA SLIPPER - NVYOR - 43
280191850016,9.05624E+11,KAPPA SLIPPER - NVYOR - 42
280191850017,9.05624E+11,KAPPA SLIPPER - NVYOR - 41
280191850018,9.05624E+11,KAPPA SLIPPER - NVYOR - 40
280191870000,9019985,KAPPA MEN KP 92
280191870001,2.01912E+11,KAPPA MEN KP 92 - BLACK - 39
280191870002,2.01903E+12,KAPPA MEN KP 92 - WHITE - 44
280191870003,2.01903E+12,KAPPA MEN KP 92 - WHITE - 43
280191870004,2.01903E+12,KAPPA MEN KP 92 - WHITE - 42
280191870005,2.01903E+12,KAPPA MEN KP 92 - WHITE - 41
280191870006,2.01903E+12,KAPPA MEN KP 92 - WHITE - 40
280191870007,2.01903E+11,KAPPA MEN KP 92 - WHITE - 45
280191870008,2.01903E+12,KAPPA MEN KP 92 - RED - 44
280191870009,2.01903E+12,KAPPA MEN KP 92 - RED - 43
280191870010,2.01903E+12,KAPPA MEN KP 92 - RED - 42
280191870011,2.01903E+12,KAPPA MEN KP 92 - RED - 41
280191870012,2.01903E+12,KAPPA MEN KP 92 - RED - 40
280191870013,2.01903E+11,KAPPA MEN KP 92 - RED - 45
280191870014,2.01903E+12,KAPPA MEN KP 92 - BLACK - 44
280191870015,2.01903E+12,KAPPA MEN KP 92 - BLACK - 43
280191870016,2.01903E+12,KAPPA MEN KP 92 - BLACK - 42
280191870017,2.01903E+12,KAPPA MEN KP 92 - BLACK - 41
280191870018,2.01903E+12,KAPPA MEN KP 92 - BLACK - 40
280191870019,2.01903E+12,KAPPA MEN KP 92 - BLACK - 45
280191870020,9.01999E+11,KAPPA MEN KP 92 - WHITE - 39
280191870021,9.01999E+11,KAPPA MEN KP 92 - RED - 39
280191870022,2.01912E+11,KAPPA MEN KP 92 - GREY - 45
280191870023,2.01912E+11,KAPPA MEN KP 92 - GREY - 39
280191870024,2.01912E+11,KAPPA MEN KP 92 - GREY - 44
280191870025,2.01912E+11,KAPPA MEN KP 92 - GREY - 43
280191870026,2.01912E+11,KAPPA MEN KP 92 - GREY - 42
280191870027,2.01912E+11,KAPPA MEN KP 92 - GREY - 41
280191870028,2.01912E+11,KAPPA MEN KP 92 - GREY - 40
280291640000,,KAPPA JERSEY
280291640001,KP1SJ097-PUR-XS,KAPPA JERSEY - PURPE - XS
280291640002,KP1SJ097-PUR-S,KAPPA JERSEY - PURPE - S
280291640003,KP1SJ097-PUR-M,KAPPA JERSEY - PURPE - M
280291640004,KP1SJ097-PUR-L,KAPPA JERSEY - PURPE - L
280291640005,KP1SJ097-PUR-XL,KAPPA JERSEY - PURPE - XL
280291640006,KP1SJ097-PUR-XXL,KAPPA JERSEY - PURPE - 2XL
280291640007,KP1SJ097-PUR-3XL,KAPPA JERSEY - PURPE - 3XL
280190270000,9070575,KAPPA JERSEY
280190270001,KP2SJ105-BKWE-XXL,KAPPA JERSEY - BLKWH - 2XL
280190270002,KP2SJ105-BKWE-L,KAPPA JERSEY - BLKWH - L
280190270003,KP2SJ105-BKWE-M,KAPPA JERSEY - BLKWH - M
280190270004,KP2SJ105-BKWE-S,KAPPA JERSEY - BLKWH - S
280190270005,KP2SJ105-BKWE-XL,KAPPA JERSEY - BLKWH - XL
280190270006,KP2SJ105-BKGY-XXL,KAPPA JERSEY - BLKGY - 2XL
280190270007,KP2SJ105-BKGY-L,KAPPA JERSEY - BLKGY - L
280190270008,KP2SJ105-BKGY-M,KAPPA JERSEY - BLKGY - M
280190270009,KP2SJ105-BKGY-S,KAPPA JERSEY - BLKGY - S
280190270010,KP2SJ105-BKGY-XL,KAPPA JERSEY - BLKGY - XL
280190270011,KP2SJ105-BKRD-XXL,KAPPA JERSEY - BLKRD - 2XL
280190270012,KP2SJ105-BKRD-L,KAPPA JERSEY - BLKRD - L
280190270013,KP2SJ105-BKRD-M,KAPPA JERSEY - BLKRD - M
280190270014,KP2SJ105-BKRD-S,KAPPA JERSEY - BLKRD - S
280190270015,KP2SJ105-BKRD-XL,KAPPA JERSEY - BLKRD - XL
280190270016,KP2SJ105-BKGD-XXL,KAPPA JERSEY - BLKGD - 2XL
280190270017,KP2SJ105-BKGD-L,KAPPA JERSEY - BLKGD - L
280190270018,KP2SJ105-BKGD-M,KAPPA JERSEY - BLKGD - M
280190270019,KP2SJ105-BKGD-S,KAPPA JERSEY - BLKGD - S
280190270020,KP2SJ105-BKGD-XL,KAPPA JERSEY - BLKGD - XL
280190270021,KP2SJ105-DGWE-XXL,KAPPA JERSEY - DGYWH - 2XL
280190270022,KP2SJ105-DGWE-L,KAPPA JERSEY - DGYWH - L
280190270023,KP2SJ105-DGWE-M,KAPPA JERSEY - DGYWH - M
280190270024,KP2SJ105-DGWE-S,KAPPA JERSEY - DGYWH - S
280190270025,KP2SJ105-DGWE-XL,KAPPA JERSEY - DGYWH - XL
280190270026,KP2SJ105-NYWE-XXL,KAPPA JERSEY - NVYWH - 2XL
280190270027,KP2SJ105-NYWE-L,KAPPA JERSEY - NVYWH - L
280190270028,KP2SJ105-NYWE-M,KAPPA JERSEY - NVYWH - M
280190270029,KP2SJ105-NYWE-S,KAPPA JERSEY - NVYWH - S
280190270030,KP2SJ105-NYWE-XL,KAPPA JERSEY - NVYWH - XL
280190270031,9.07058E+11,KAPPA JERSEY - NVYWH - XL
280190270032,9.07058E+11,KAPPA JERSEY - NVYWH - S
280190270033,9.07058E+11,KAPPA JERSEY - NVYWH - M
280190270034,9.07058E+11,KAPPA JERSEY - NVYWH - L
280190270035,9.07058E+11,KAPPA JERSEY - NVYWH - 2XL
280190270036,9.07058E+11,KAPPA JERSEY - DGYWH - XL
280190270037,9.07058E+11,KAPPA JERSEY - DGYWH - S
280190270038,9.07058E+11,KAPPA JERSEY - DGYWH - M
280190270039,9.07058E+11,KAPPA JERSEY - DGYWH - L
280190270040,9.07058E+11,KAPPA JERSEY - DGYWH - 2XL
280190270041,9.07058E+11,KAPPA JERSEY - BLKGD - XL
280190270042,9.07058E+11,KAPPA JERSEY - BLKGD - S
280190270043,9.07058E+11,KAPPA JERSEY - BLKGD - M
280190270044,9.07058E+11,KAPPA JERSEY - BLKGD - L
280190270045,9.07058E+11,KAPPA JERSEY - BLKGD - 2XL
280190270046,9.07058E+11,KAPPA JERSEY - BLKRD - XL
280190270047,9.07058E+11,KAPPA JERSEY - BLKRD - S
280190270048,9.07058E+11,KAPPA JERSEY - BLKRD - M
280190270049,9.07058E+11,KAPPA JERSEY - BLKRD - L
280190270050,9.07058E+11,KAPPA JERSEY - BLKRD - 2XL
280190270051,9.07058E+11,KAPPA JERSEY - BLKGY - XL
280190270052,9.07058E+11,KAPPA JERSEY - BLKGY - S
280190270053,9.07058E+11,KAPPA JERSEY - BLKGY - M
280190270054,9.07058E+11,KAPPA JERSEY - BLKGY - L
280190270055,9.07058E+11,KAPPA JERSEY - BLKGY - 2XL
280190270056,9.07058E+11,KAPPA JERSEY - BLKWH - XL
280190270057,9.07058E+11,KAPPA JERSEY - BLKWH - S
280190270058,9.07058E+11,KAPPA JERSEY - BLKWH - M
280190270059,9.07058E+11,KAPPA JERSEY - BLKWH - L
280190270060,9.07058E+11,KAPPA JERSEY - BLKWH - 2XL
280190270061,KP2SJ105-DGWE-2XL,KAPPA JERSEY - DGYWH - 2XL
280190270062,KP2SJ105-BKRD-2XL,KAPPA JERSEY - BLKRD - 2XL
280190270063,9.07058E+11,KAPPA JERSEY - BLKRD - 4XL
280190270064,9.07058E+11,KAPPA JERSEY - BLKRD - 3XL
280190270065,9.07058E+11,KAPPA JERSEY - BLKGY - 5XL
280190270066,9.07058E+11,KAPPA JERSEY - BLKGY - 4XL
280190270067,9.07058E+11,KAPPA JERSEY - BLKGY - 3XL
280190270068,9.07058E+11,KAPPA JERSEY - BLKWH - 5XL
280190270069,9.07058E+11,KAPPA JERSEY - BLKWH - 4XL
280190270070,9.07058E+11,KAPPA JERSEY - BLKWH - 3XL
280190270071,9.07058E+11,KAPPA JERSEY - NAVY - 5XL
280190270072,9.07058E+11,KAPPA JERSEY - NAVY - 4XL
280190270073,9.07058E+11,KAPPA JERSEY - NAVY - 3XL
280190270074,9.07058E+11,KAPPA JERSEY - BLACK - 5XL
280190270075,9.07058E+11,KAPPA JERSEY - BLACK - 4XL
280190270076,9.07058E+11,KAPPA JERSEY - BLACK - 3XL
280190270077,9.07058E+11,KAPPA JERSEY - NVYWH - 5XL
280190270078,9.07058E+11,KAPPA JERSEY - NVYWH - 4XL
280190270079,9.07058E+11,KAPPA JERSEY - NVYWH - 3XL
280190270080,9.07058E+11,KAPPA JERSEY - DGYWH - 5XL
280190270081,9.07058E+11,KAPPA JERSEY - DGYWH - 4XL
280190270082,9.07058E+11,KAPPA JERSEY - DGYWH - 3XL
280190270083,9.07058E+11,KAPPA JERSEY - BLKGD - 5XL
280190270084,9.07058E+11,KAPPA JERSEY - BLKGD - 4XL
280190270085,9.07058E+11,KAPPA JERSEY - BLKGD - 3XL
280190270086,9.07058E+11,KAPPA JERSEY - BLKRD - 5XL
280190270087,KP2SJ105-BLK-XXL,KAPPA JERSEY - BLACK - 2XL
280190270088,KP2SJ105-NVY-XXL,KAPPA JERSEY - NAVY - 2XL
280190270089,KP2SJ105-BKGD-5XL,KAPPA JERSEY - BLKGD - 5XL
280190270090,KP2SJ105-BKGD-4XL,KAPPA JERSEY - BLKGD - 4XL
280190270091,KP2SJ105-BKGD-3XL,KAPPA JERSEY - BLKGD - 3XL
280190270092,KP2SJ105-BKGY-5XL,KAPPA JERSEY - BLKGY - 5XL
280190270093,KP2SJ105-BKGY-4XL,KAPPA JERSEY - BLKGY - 4XL
280190270094,KP2SJ105-BKGY-3XL,KAPPA JERSEY - BLKGY - 3XL
280190270095,KP2SJ105-BKRD-5XL,KAPPA JERSEY - BLKRD - 5XL
280190270096,KP2SJ105-BKRD-4XL,KAPPA JERSEY - BLKRD - 4XL
280190270097,KP2SJ105-BKRD-3XL,KAPPA JERSEY - BLKRD - 3XL
280190270098,KP2SJ105-BKWE-5XL,KAPPA JERSEY - BLKWH - 5XL
280190270099,KP2SJ105-BKWE-4XL,KAPPA JERSEY - BLKWH - 4XL
280190270100,KP2SJ105-BKWE-3XL,KAPPA JERSEY - BLKWH - 3XL
280190270101,KP2SJ105-DGWE-5XL,KAPPA JERSEY - DGYWH - 5XL
280190270102,KP2SJ105-DGWE-4XL,KAPPA JERSEY - DGYWH - 4XL
280190270103,KP2SJ105-DGWE-3XL,KAPPA JERSEY - DGYWH - 3XL
280190270104,KP2SJ105-NYWE-5XL,KAPPA JERSEY - NVYWH - 5XL
280190270105,KP2SJ105-NYWE-4XL,KAPPA JERSEY - NVYWH - 4XL
280190270106,KP2SJ105-NYWE-3XL,KAPPA JERSEY - NVYWH - 3XL
280190270107,KP2SJ105-NVY-2XL,KAPPA JERSEY - NAVY - 2XL
280190270108,KP2SJ105-NVY-L,KAPPA JERSEY - NAVY - L
280190270109,KP2SJ105-NVY-M,KAPPA JERSEY - NAVY - M
280190270110,KP2SJ105-NVY-S,KAPPA JERSEY - NAVY - S
280190270111,KP2SJ105-NVY-XL,KAPPA JERSEY - NAVY - XL
280190270112,KP2SJ105-BLK-2XL,KAPPA JERSEY - BLACK - 2XL
280190270113,KP2SJ105-BLK-L,KAPPA JERSEY - BLACK - L
280190270114,KP2SJ105-BLK-M,KAPPA JERSEY - BLACK - M
280190270115,KP2SJ105-BLK-XL,KAPPA JERSEY - BLACK - XL
280190270116,KP2SJ105-BLK-S,KAPPA JERSEY - BLACK - S
280190270117,KP2SJ105-BKGY-2XL,KAPPA JERSEY - BLKGY - 2XL
280190270118,KP2SJ105-BKGD-2XL,KAPPA JERSEY - BLKGD - 2XL
280190270119,KP2SJ105-NYWE-2XL,KAPPA JERSEY - NVYWH - 2XL
280190270120,KP2SJ105-BKWE-2XL,KAPPA JERSEY - BLKWH - 2XL
280190280000,9070576,KAPPA JERSEY
280190280001,KP2SJ107-BKRD-2XL,KAPPA JERSEY - BLKRD - XXL
280190280002,KP2SJ107-DGWE-2XL,KAPPA JERSEY - DGYWH - XXL
280190280003,KP2SJ107-BKWE-2XL,KAPPA JERSEY - BLKWH - XXL
280190280004,KP2SJ107-BKGY-2XL,KAPPA JERSEY - BLKGY - XXL
280190280005,KP2SJ107-BKGD-2XL,KAPPA JERSEY - BLKGD - XXL
280190280006,KP2SJ107-NYWE-2XL,KAPPA JERSEY - NVYWH - XXL
280190280007,KP2SJ107-BLK-XXL,KAPPA JERSEY - BLACK - 2XL
280190280008,KP2SJ107-NVY-XXL,KAPPA JERSEY - NAVY - 2XL
280190280009,KP2SJ107-NVY-2XL,KAPPA JERSEY - NAVY - 2XL
280190280010,KP2SJ107-NVY-XL,KAPPA JERSEY - NAVY - XL
280190280011,KP2SJ107-NVY-L,KAPPA JERSEY - NAVY - L
280190280012,KP2SJ107-NVY-M,KAPPA JERSEY - NAVY - M
280190280013,KP2SJ107-NVY-S,KAPPA JERSEY - NAVY - S
280190280014,KP2SJ107-BLK-XL,KAPPA JERSEY - BLACK - XL
280190280015,KP2SJ107-BLK-2XL,KAPPA JERSEY - BLACK - 2XL
280190280016,KP2SJ107-BLK-L,KAPPA JERSEY - BLACK - L
280190280017,KP2SJ107-BLK-M,KAPPA JERSEY - BLACK - M
280190280018,KP2SJ107-BLK-S,KAPPA JERSEY - BLACK - S
280190280019,9.07058E+11,KAPPA JERSEY - BLKWH - XL
280190280020,9.07058E+11,KAPPA JERSEY - BLKWH - S
280190280021,9.07058E+11,KAPPA JERSEY - BLKWH - M
280190280022,9.07058E+11,KAPPA JERSEY - BLKWH - L
280190280023,9.07058E+11,KAPPA JERSEY - BLKWH - 5XL
280190280024,9.07058E+11,KAPPA JERSEY - BLKWH - 4XL
280190280025,9.07058E+11,KAPPA JERSEY - BLKWH - 3XL
280190280026,9.07058E+11,KAPPA JERSEY - BLKWH - 2XL
280190280027,9.07058E+11,KAPPA JERSEY - BLKRD - XL
280190280028,9.07058E+11,KAPPA JERSEY - BLKRD - S
280190280029,9.07058E+11,KAPPA JERSEY - BLKRD - M
280190280030,9.07058E+11,KAPPA JERSEY - BLKRD - L
280190280031,9.07058E+11,KAPPA JERSEY - BLKRD - 5XL
280190280032,9.07058E+11,KAPPA JERSEY - BLKRD - 4XL
280190280033,9.07058E+11,KAPPA JERSEY - BLKRD - 3XL
280190280034,9.07058E+11,KAPPA JERSEY - BLKRD - 2XL
280190280035,9.07058E+11,KAPPA JERSEY - BLKGY - XL
280190280036,9.07058E+11,KAPPA JERSEY - BLKGY - S
280190280037,9.07058E+11,KAPPA JERSEY - BLKGY - M
280190280038,9.07058E+11,KAPPA JERSEY - BLKGY - L
280190280039,9.07058E+11,KAPPA JERSEY - BLKGY - 5XL
280190280040,9.07058E+11,KAPPA JERSEY - BLKGY - 4XL
280190280041,9.07058E+11,KAPPA JERSEY - BLKGY - 3XL
280190280042,9.07058E+11,KAPPA JERSEY - BLKGY - 2XL
280190280043,9.07058E+11,KAPPA JERSEY - BLKGD - XL
280190280044,9.07058E+11,KAPPA JERSEY - BLKGD - S
280190280045,9.07058E+11,KAPPA JERSEY - BLKGD - M
280190280046,9.07058E+11,KAPPA JERSEY - BLKGD - L
280190280047,9.07058E+11,KAPPA JERSEY - BLKGD - 5XL
280190280048,9.07058E+11,KAPPA JERSEY - BLKGD - 4XL
280190280049,9.07058E+11,KAPPA JERSEY - BLKGD - 3XL
280190280050,9.07058E+11,KAPPA JERSEY - BLKGD - 2XL
280190280051,9.07058E+11,KAPPA JERSEY - NAVY - 5XL
280190280052,9.07058E+11,KAPPA JERSEY - NAVY - 4XL
280190280053,9.07058E+11,KAPPA JERSEY - NAVY - 3XL
280190280054,9.07058E+11,KAPPA JERSEY - BLACK - 5XL
280190280055,9.07058E+11,KAPPA JERSEY - BLACK - 4XL
280190280056,9.07058E+11,KAPPA JERSEY - BLACK - 3XL
280190280057,KP2SJ107-DGWE-5XL,KAPPA JERSEY - DGYWH - 5XL
280190280058,KP2SJ107-DGWE-4XL,KAPPA JERSEY - DGYWH - 4XL
280190280059,KP2SJ107-DGWE-3XL,KAPPA JERSEY - DGYWH - 3XL
280190280060,KP2SJ107-DGWE-XXL,KAPPA JERSEY - DGYWH - XXL
280190280061,KP2SJ107-DGWE-XL,KAPPA JERSEY - DGYWH - XL
280190280062,KP2SJ107-DGWE-L,KAPPA JERSEY - DGYWH - L
280190280063,KP2SJ107-DGWE-M,KAPPA JERSEY - DGYWH - M
280190280064,KP2SJ107-DGWE-S,KAPPA JERSEY - DGYWH - S
280190280065,KP2SJ107-NYWE-5XL,KAPPA JERSEY - NVYWH - 5XL
280190280066,KP2SJ107-NYWE-4XL,KAPPA JERSEY - NVYWH - 4XL
280190280067,KP2SJ107-NYWE-3XL,KAPPA JERSEY - NVYWH - 3XL
280190280068,KP2SJ107-NYWE-XXL,KAPPA JERSEY - NVYWH - XXL
280190280069,KP2SJ107-NYWE-XL,KAPPA JERSEY - NVYWH - XL
280190280070,KP2SJ107-NYWE-L,KAPPA JERSEY - NVYWH - L
280190280071,KP2SJ107-NYWE-M,KAPPA JERSEY - NVYWH - M
280190280072,KP2SJ107-NYWE-S,KAPPA JERSEY - NVYWH - S
280190280073,KP2SJ107-BKGD-5XL,KAPPA JERSEY - BLKGD - 5XL
280190280074,KP2SJ107-BKGD-4XL,KAPPA JERSEY - BLKGD - 4XL
280190280075,KP2SJ107-BKGD-3XL,KAPPA JERSEY - BLKGD - 3XL
280190280076,KP2SJ107-BKGD-XXL,KAPPA JERSEY - BLKGD - XXL
280190280077,KP2SJ107-BKGD-XL,KAPPA JERSEY - BLKGD - XL
280190280078,KP2SJ107-BKGD-L,KAPPA JERSEY - BLKGD - L
280190280079,KP2SJ107-BKGD-M,KAPPA JERSEY - BLKGD - M
280190280080,KP2SJ107-BKGD-S,KAPPA JERSEY - BLKGD - S
280190280081,KP2SJ107-BKRD-5XL,KAPPA JERSEY - BLKRD - 5XL
280190280082,KP2SJ107-BKRD-4XL,KAPPA JERSEY - BLKRD - 4XL
280190280083,KP2SJ107-BKRD-3XL,KAPPA JERSEY - BLKRD - 3XL
280190280084,KP2SJ107-BKRD-XXL,KAPPA JERSEY - BLKRD - XXL
280190280085,KP2SJ107-BKRD-XL,KAPPA JERSEY - BLKRD - XL
280190280086,KP2SJ107-BKRD-L,KAPPA JERSEY - BLKRD - L
280190280087,KP2SJ107-BKRD-M,KAPPA JERSEY - BLKRD - M
280190280088,KP2SJ107-BKRD-S,KAPPA JERSEY - BLKRD - S
280190280089,KP2SJ107-BKGY-5XL,KAPPA JERSEY - BLKGY - 5XL
280190280090,KP2SJ107-BKGY-4XL,KAPPA JERSEY - BLKGY - 4XL
280190280091,KP2SJ107-BKGY-3XL,KAPPA JERSEY - BLKGY - 3XL
280190280092,KP2SJ107-BKGY-XXL,KAPPA JERSEY - BLKGY - XXL
280190280093,KP2SJ107-BKGY-XL,KAPPA JERSEY - BLKGY - XL
280190280094,KP2SJ107-BKGY-L,KAPPA JERSEY - BLKGY - L
280190280095,KP2SJ107-BKGY-M,KAPPA JERSEY - BLKGY - M
280190280096,KP2SJ107-BKGY-S,KAPPA JERSEY - BLKGY - S
280190280097,KP2SJ107-BKWE-5XL,KAPPA JERSEY - BLKWH - 5XL
280190280098,KP2SJ107-BKWE-4XL,KAPPA JERSEY - BLKWH - 4XL
280190280099,KP2SJ107-BKWE-3XL,KAPPA JERSEY - BLKWH - 3XL
280190280100,KP2SJ107-BKWE-XXL,KAPPA JERSEY - BLKWH - XXL
280190280101,KP2SJ107-BKWE-XL,KAPPA JERSEY - BLKWH - XL
280190280102,KP2SJ107-BKWE-L,KAPPA JERSEY - BLKWH - L
280190280103,KP2SJ107-BKWE-M,KAPPA JERSEY - BLKWH - M
280190280104,KP2SJ107-BKWE-S,KAPPA JERSEY - BLKWH - S
280190280105,9.07058E+11,KAPPA JERSEY - NVYWH - XL
280190280106,9.07058E+11,KAPPA JERSEY - NVYWH - S
280190280107,9.07058E+11,KAPPA JERSEY - NVYWH - M
280190280108,9.07058E+11,KAPPA JERSEY - NVYWH - L
280190280109,9.07058E+11,KAPPA JERSEY - NVYWH - 5XL
280190280110,9.07058E+11,KAPPA JERSEY - NVYWH - 4XL
280190280111,9.07058E+11,KAPPA JERSEY - NVYWH - 3XL
280190280112,9.07058E+11,KAPPA JERSEY - NVYWH - 2XL
280190280113,9.07058E+11,KAPPA JERSEY - DGYWH - XL
280190280114,9.07058E+11,KAPPA JERSEY - DGYWH - S
280190280115,9.07058E+11,KAPPA JERSEY - DGYWH - M
280190280116,9.07058E+11,KAPPA JERSEY - DGYWH - L
280190280117,9.07058E+11,KAPPA JERSEY - DGYWH - 5XL
280190280118,9.07058E+11,KAPPA JERSEY - DGYWH - 4XL
280190280119,9.07058E+11,KAPPA JERSEY - DGYWH - 3XL
280190280120,9.07058E+11,KAPPA JERSEY - DGYWH - 2XL
280190280121,KP2SJ107-LTGY-XS,KAPPA JERSEY - LTGRY - XS
280190280122,KP2SJ107-LTGY-S,KAPPA JERSEY - LTGRY - S
280190280123,KP2SJ107-LTGY-M,KAPPA JERSEY - LTGRY - M
280190280124,KP2SJ107-LTGY-L,KAPPA JERSEY - LTGRY - L
280190280125,KP2SJ107-LTGY-XL,KAPPA JERSEY - LTGRY - XL
280190280126,KP2SJ107-LTGY-XXL,KAPPA JERSEY - LTGRY - 2XL
280190280127,KP2SJ107-LTGY-3XL,KAPPA JERSEY - LTGRY - 3XL
280190320000,9073478,KAPPA JERSEY
280190320001,KP3PM777-BEBK-5XL,KAPPA JERSEY - BLUBK - 5XL
280190320002,KP3PM777-DKBE-5XL,KAPPA JERSEY - BLKBL - 5XL
280190320003,KP3PM77-DKBE-2XL,KAPPA JERSEY - BLKBL - 2XL
280190320004,KP3PM77-DKBE-3XL,KAPPA JERSEY - BLKBL - 3XL
280190320005,KP3PM77-DKBE-4XL,KAPPA JERSEY - BLKBL - 4XL
280190320006,KP3PM77-DKBE-5XL,KAPPA JERSEY - BLKBL - 5XL
280190320007,KP3PM777-BKDB-2XL,KAPPA JERSEY - BKDBL - 2XL
280190320008,KP3PM777-BKDB-3XL,KAPPA JERSEY - BKDBL - 3XL
280190320009,KP3PM777-BKDB-4XL,KAPPA JERSEY - BKDBL - 4XL
280190320010,KP3PM777-BKDB-5XL,KAPPA JERSEY - BKDBL - 5XL
280190320011,KP3PM777-DBBK-2XL,KAPPA JERSEY - DKKBK - 2XL
280190320012,KP3PM777-DBBK-4XL,KAPPA JERSEY - DKKBK - 4XL
280190320013,KP3PM777-DBBK-5XL,KAPPA JERSEY - DKKBK - 5XL
280190320014,KP3PM777-BEBK-2XL,KAPPA JERSEY - BLUBK - 2XL
280190320015,KP3PM777-BEBK-3XL,KAPPA JERSEY - BLUBK - 3XL
280190320016,KP3PM777-BEBK-4XL,KAPPA JERSEY - BLUBK - 4XL
280190320017,KP3PM777-YEBK-2XL,KAPPA JERSEY - YELBK - XXL
280190320018,KP3PM777-YEBK-3XL,KAPPA JERSEY - YELBK - 3XL
280190320019,KP3PM777-YEBK-4XL,KAPPA JERSEY - YELBK - 4XL
280190320020,KP3PM777-YEBK-5XL,KAPPA JERSEY - YELBK - 5XL
280190320021,KP3PM777-DKBE-2XL,KAPPA JERSEY - BLKBL - 2XL
280190320022,KP3PM777-DKBE-3XL,KAPPA JERSEY - BLKBL - 3XL
280190320023,KP3PM777-DKBE-4XL,KAPPA JERSEY - BLKBL - 4XL
280190320024,KP3PM777-DBBK-3XL,KAPPA JERSEY - DKKBK - 3XL
280190320025,KP3PM777-DBBK-XXXL,KAPPA JERSEY - DKKBK - 3XL
280190320026,KP3PM777-DKBE-XXXXXL,KAPPA JERSEY - BLKBL - 5XL
280190320027,KP3PM777-DKBE-XXXXL,KAPPA JERSEY - BLKBL - 4XL
280190320028,KP3PM777-DKBE-XXXL,KAPPA JERSEY - BLKBL - 3XL
280190320029,KP3PM777-DKBE-XXL,KAPPA JERSEY - BLKBL - 2XL
280190320030,KP3PM777-DKBE-XL,KAPPA JERSEY - BLKBL - XL
280190320031,KP3PM777-DKBE-L,KAPPA JERSEY - BLKBL - L
280190320032,KP3PM777-DKBE-M,KAPPA JERSEY - BLKBL - M
280190320033,KP3PM777-DKBE-S,KAPPA JERSEY - BLKBL - S
280190320034,KP3PM777-DKBE-XS,KAPPA JERSEY - BLKBL - XS
280190320035,KP3PM777-YEBK-XXXXXL,KAPPA JERSEY - YELBK - 5XL
280190320036,KP3PM777-YEBK-XXXXL,KAPPA JERSEY - YELBK - 4XL
280190320037,KP3PM777-YEBK-XXXL,KAPPA JERSEY - YELBK - 3XL
280190320038,KP3PM777-YEBK-XXL,KAPPA JERSEY - YELBK - XXL
280190320039,KP3PM777-YEBK-XL,KAPPA JERSEY - YELBK - XL
280190320040,KP3PM777-YEBK-L,KAPPA JERSEY - YELBK - L
280190320041,KP3PM777-YEBK-M,KAPPA JERSEY - YELBK - M
280190320042,KP3PM777-YEBK-S,KAPPA JERSEY - YELBK - S
280190320043,KP3PM777-YEBK-XS,KAPPA JERSEY - YELBK - XS
280190320044,KP3PM777-BEBK-XXXXXL,KAPPA JERSEY - BLUBK - 5XL
280190320045,KP3PM777-BEBK-XXXXL,KAPPA JERSEY - BLUBK - 4XL
280190320046,KP3PM777-BEBK-XXXL,KAPPA JERSEY - BLUBK - 3XL
280190320047,KP3PM777-BEBK-XXL,KAPPA JERSEY - BLUBK - 2XL
280190320048,KP3PM777-BEBK-XL,KAPPA JERSEY - BLUBK - XL
280190320049,KP3PM777-BEBK-L,KAPPA JERSEY - BLUBK - L
280190320050,KP3PM777-BEBK-M,KAPPA JERSEY - BLUBK - M
280190320051,KP3PM777-BEBK-S,KAPPA JERSEY - BLUBK - S
280190320052,KP3PM777-BEBK-XS,KAPPA JERSEY - BLUBK - XS
280190320053,KP3PM777-DBBK-XXXXXL,KAPPA JERSEY - DKKBK - 5XL
280190320054,KP3PM777-DBBK-XXXXL,KAPPA JERSEY - DKKBK - 4XL
280190320055,KP3PM777-DBBK-XXL,KAPPA JERSEY - DKKBK - 2XL
280190320056,KP3PM777-DBBK-XL,KAPPA JERSEY - DKKBK - XL
280190320057,KP3PM777-DBBK-L,KAPPA JERSEY - DKKBK - L
280190320058,KP3PM777-DBBK-M,KAPPA JERSEY - DKKBK - M
280190320059,KP3PM777-DBBK-S,KAPPA JERSEY - DKKBK - S
280190320060,KP3PM777-DBBK-XS,KAPPA JERSEY - DKKBK - XS
280190320061,KP3PM777-BKDB-XXXXXL,KAPPA JERSEY - BKDBL - 5XL
280190320062,KP3PM777-BKDB-XXXXL,KAPPA JERSEY - BKDBL - 4XL
280190320063,KP3PM777-BKDB-XXXL,KAPPA JERSEY - BKDBL - 3XL
280190320064,KP3PM777-BKDB-XXL,KAPPA JERSEY - BKDBL - 2XL
280190320065,KP3PM777-BKDB-XL,KAPPA JERSEY - BKDBL - XL
280190320066,KP3PM777-BKDB-L,KAPPA JERSEY - BKDBL - L
280190320067,KP3PM777-BKDB-M,KAPPA JERSEY - BKDBL - M
280190320068,KP3PM777-BKDB-S,KAPPA JERSEY - BKDBL - S
280190320069,KP3PM777-BKDB-XS,KAPPA JERSEY - BKDBL - XS
280190320070,KP3PM77-DKBE-XXXXXL,KAPPA JERSEY - BLKBL - 5XL
280190320071,KP3PM77-DKBE-XXXXL,KAPPA JERSEY - BLKBL - 4XL
280190320072,KP3PM77-DKBE-XXXL,KAPPA JERSEY - BLKBL - 3XL
280190320073,KP3PM77-DKBE-XXL,KAPPA JERSEY - BLKBL - 2XL
280190320074,KP3PM77-DKBE-XL,KAPPA JERSEY - BLKBL - XL
280190320075,KP3PM77-DKBE-L,KAPPA JERSEY - BLKBL - L
280190320076,KP3PM77-DKBE-M,KAPPA JERSEY - BLKBL - M
280190320077,KP3PM77-DKBE-S,KAPPA JERSEY - BLKBL - S
280190320078,KP3PM77-DKBE-XS,KAPPA JERSEY - BLKBL - XS
280190330000,9073479,KAPPA JERSEY
280190330001,KP3PM785-BKBE-2XL,KAPPA JERSEY - BLKBL - XXL
280190330002,KP3PM785-BKDB-4XL,KAPPA JERSEY - BKDBL - 4XL
280190330003,KP3PM785-BKDB-L,KAPPA JERSEY - BKDBL - L
280190330004,KP3PM785-BKDB-5XL,KAPPA JERSEY - BKDBL - 5XL
280190330005,KP3PM785-BKDB-3XL,KAPPA JERSEY - BKDBL - 3XL
280190330006,KP3PM785-BKDB-M,KAPPA JERSEY - BKDBL - M
280190330007,KP3PM785-BKBE-3XL,KAPPA JERSEY - BLKBL - 3XL
280190330008,KP3PM785-BKBE-4XL,KAPPA JERSEY - BLKBL - 4XL
280190330009,KP3PM785-BKBE-5XL,KAPPA JERSEY - BLKBL - 5XL
280190330010,KP3PM785-BKDB-2XL,KAPPA JERSEY - BKDBL - XXL
280190330011,KP3PM785-BKBD-3XL,KAPPA JERSEY - BKDBL - 3XL
280190330012,KP3PM785-BKBD-4XL,KAPPA JERSEY - BKDBL - 4XL
280190330013,KP3PM785-BKYE-2XL,KAPPA JERSEY - BLKYL - XXL
280190330014,KP3PM785-BKYE-4XL,KAPPA JERSEY - BLKYL - 4XL
280190330015,KP3PM785-BKYE-3XL,KAPPA JERSEY - BLKYL - 3XL
280190330016,KP3PM785-BKYE-5XL,KAPPA JERSEY - BLKYL - 5XL
280190330017,KP3PM785-BKLB-2XL,KAPPA JERSEY - BKGBL - XXL
280190330018,KP3PM785-BKLB-3XL,KAPPA JERSEY - BKGBL - 3XL
280190330019,KP3PM785-BKLB-4XL,KAPPA JERSEY - BKGBL - 4XL
280190330020,KP3PM785-BKLB-5XL,KAPPA JERSEY - BKGBL - 5XL
280190330021,KP3PM785-BKPE-2XL,KAPPA JERSEY - BLKPK - XXL
280190330022,KP3PM785-BKPE-3XL,KAPPA JERSEY - BLKPK - 3XL
280190330023,KP3PM785-BKPE-4XL,KAPPA JERSEY - BLKPK - 4XL
280190330024,KP3PM785-BKPE-5XL,KAPPA JERSEY - BLKPK - 5XL
280190330025,KP3PM785-BKPE-XXXXXL,KAPPA JERSEY - BLKPK - 5XL
280190330026,KP3PM785-BKPE-XXXXL,KAPPA JERSEY - BLKPK - 4XL
280190330027,KP3PM785-BKPE-XXXL,KAPPA JERSEY - BLKPK - 3XL
280190330028,KP3PM785-BKPE-XXL,KAPPA JERSEY - BLKPK - XXL
280190330029,KP3PM785-BKPE-XL,KAPPA JERSEY - BLKPK - XL
280190330030,KP3PM785-BKPE-L,KAPPA JERSEY - BLKPK - L
280190330031,KP3PM785-BKPE-M,KAPPA JERSEY - BLKPK - M
280190330032,KP3PM785-BKPE-S,KAPPA JERSEY - BLKPK - S
280190330033,KP3PM785-BKPE-XS,KAPPA JERSEY - BLKPK - XS
280190330034,KP3PM785-BKLB-XXXXXL,KAPPA JERSEY - BKGBL - 5XL
280190330035,KP3PM785-BKLB-XXXXL,KAPPA JERSEY - BKGBL - 4XL
280190330036,KP3PM785-BKLB-XXXL,KAPPA JERSEY - BKGBL - 3XL
280190330037,KP3PM785-BKLB-XXL,KAPPA JERSEY - BKGBL - XXL
280190330038,KP3PM785-BKLB-XL,KAPPA JERSEY - BKGBL - XL
280190330039,KP3PM785-BKLB-L,KAPPA JERSEY - BKGBL - L
280190330040,KP3PM785-BKLB-M,KAPPA JERSEY - BKGBL - M
280190330041,KP3PM785-BKLB-S,KAPPA JERSEY - BKGBL - S
280190330042,KP3PM785-BKLB-XS,KAPPA JERSEY - BKGBL - XS
280190330043,KP3PM785-BKYE-XXXXXL,KAPPA JERSEY - BLKYL - 5XL
280190330044,KP3PM785-BKYE-XXXXL,KAPPA JERSEY - BLKYL - 4XL
280190330045,KP3PM785-BKYE-XXXL,KAPPA JERSEY - BLKYL - 3XL
280190330046,KP3PM785-BKYE-XXL,KAPPA JERSEY - BLKYL - XXL
280190330047,KP3PM785-BKYE-XL,KAPPA JERSEY - BLKYL - XL
280190330048,KP3PM785-BKYE-L,KAPPA JERSEY - BLKYL - L
280190330049,KP3PM785-BKYE-M,KAPPA JERSEY - BLKYL - M
280190330050,KP3PM785-BKYE-S,KAPPA JERSEY - BLKYL - S
280190330051,KP3PM785-BKYE-XS,KAPPA JERSEY - BLKYL - XS
280190330052,KP3PM785-BKBD-XXXXXL,KAPPA JERSEY - BKDBL - 3XL
280190330053,KP3PM785-BKBD-XXXXL,KAPPA JERSEY - BKDBL - 4XL
280190330054,KP3PM785-BKBD-XXXL,KAPPA JERSEY - BKDBL - 3XL
280190330055,KP3PM785-BKDB-XXL,KAPPA JERSEY - BKDBL - XXL
280190330056,KP3PM785-BKDB-XL,KAPPA JERSEY - BKDBL - XL
280190330057,KP3PM785-BKBD-L,KAPPA JERSEY - BKDBL - L
280190330058,KP3PM785-BKBD-M,KAPPA JERSEY - BKDBL - M
280190330059,KP3PM785-BKDB-S,KAPPA JERSEY - BKDBL - S
280190330060,KP3PM785-BKDB-XS,KAPPA JERSEY - BKDBL - XS
280190330061,KP3PM785-BKBE-XXXXXL,KAPPA JERSEY - BLKBL - 3XL
280190330062,KP3PM785-BKBE-XXXXL,KAPPA JERSEY - BLKBL - 3XL
280190330063,KP3PM785-BKBE-XXXL,KAPPA JERSEY - BLKBL - 3XL
280190330064,KP3PM785-BKBE-XXL,KAPPA JERSEY - BLKBL - XXL
280190330065,KP3PM785-BKBE-XL,KAPPA JERSEY - BLKBL - XL
280190330066,KP3PM785-BKBE-L,KAPPA JERSEY - BLKBL - L
280190330067,KP3PM785-BKBE-M,KAPPA JERSEY - BLKBL - M
280190330068,KP3PM785-BKBE-S,KAPPA JERSEY - BLKBL - S
280190330069,KP3PM785-BKBE-XS,KAPPA JERSEY - BLKBL - XS
280190340000,9073480,KAPPA JERSEY
280190340001,KP3PM787-LTBE-2XL,KAPPA JERSEY - BLUE - XXL
280190340002,KP3PM787-LTBE-3XL,KAPPA JERSEY - BLUE - 3XL
280190340003,KP3PM787-LTBE-5XL,KAPPA JERSEY - BLUE - 5XL
280190340004,KP3PM787-DKBE-2XL,KAPPA JERSEY - DKYBL - XXL
280190340005,KP3PM787-DKBE-3XL,KAPPA JERSEY - DKYBL - 3XL
280190340006,KP3PM787-DKBE-4XL,KAPPA JERSEY - DKYBL - 4XL
280190340007,KP3PM787-DKBE-5XL,KAPPA JERSEY - DKYBL - 5XL
280190340008,KP3PM787-YEL-3XL,KAPPA JERSEY - MAIZE - 3XL
280190340009,KP3PM787-YEL-4XL,KAPPA JERSEY - MAIZE - 4XL
280190340010,KP3PM787-YEL-5XL,KAPPA JERSEY - MAIZE - 5XL
280190340011,KP3PM787-BLK-2XL,KAPPA JERSEY - BLACK - XXL
280190340012,KP3PM787-BLK-3XL,KAPPA JERSEY - BLACK - 3XL
280190340013,KP3PM787-BLK-5XL,KAPPA JERSEY - BLACK - 5XL
280190340014,KP3PM787-GBE-2XL,KAPPA JERSEY - GRYBL - XXL
280190340015,KP3PM787-GBE-3XL,KAPPA JERSEY - GRYBL - 3XL
280190340016,KP3PM787-GBE-4,KAPPA JERSEY - GRYBL - 4XL
280190340017,KP3PM787-GBE-5XL,KAPPA JERSEY - GRYBL - 5XL
280190340018,KP3PM787-LTBE-4XL,KAPPA JERSEY - BLUE - 4XL
280190340019,KP3PM787-GBE-4XL,KAPPA JERSEY - GRYBL - 4XL
280190340020,KP3PM787-BLK-4XL,KAPPA JERSEY - BLACK - 4XL
280190340021,KP3PM787-GBE-XXXXXL,KAPPA JERSEY - GRYBL - 5XL
280190340022,KP3PM787-GBE-XXXXL,KAPPA JERSEY - GRYBL - 4XL
280190340023,KP3PM787-GBE-XXXL,KAPPA JERSEY - GRYBL - 3XL
280190340024,KP3PM787-GBE-XXL,KAPPA JERSEY - GRYBL - XXL
280190340025,KP3PM787-GBE-XL,KAPPA JERSEY - GRYBL - XL
280190340026,KP3PM787-GBE-L,KAPPA JERSEY - GRYBL - L
280190340027,KP3PM787-GBE-M,KAPPA JERSEY - GRYBL - M
280190340028,KP3PM787-GBE-S,KAPPA JERSEY - GRYBL - S
280190340029,KP3PM787-GBE-XS,KAPPA JERSEY - GRYBL - XS
280190340030,KP3PM787-BLK-XXXXXL,KAPPA JERSEY - BLACK - 4XL
280190340031,KP3PM787-BLK-XXXXL,KAPPA JERSEY - BLACK - 4XL
280190340032,KP3PM787-BLK-XXXL,KAPPA JERSEY - BLACK - 3XL
280190340033,KP3PM787-BLK-XXL,KAPPA JERSEY - BLACK - XXL
280190340034,KP3PM787-BLK-XL,KAPPA JERSEY - BLACK - XL
280190340035,KP3PM787-BLK-L,KAPPA JERSEY - BLACK - L
280190340036,KP3PM787-BLK-M,KAPPA JERSEY - BLACK - M
280190340037,KP3PM787-BLK-S,KAPPA JERSEY - BLACK - S
280190340038,KP3PM787-BLK-XS,KAPPA JERSEY - BLACK - XS
280190340039,KP3PM787-YEL-XXXXXL,KAPPA JERSEY - MAIZE - 4XL
280190340040,KP3PM787-YEL-XXXXL,KAPPA JERSEY - MAIZE - 4XL
280190340041,KP3PM787-YEL-XXXL,KAPPA JERSEY - MAIZE - 3XL
280190340042,KP3PM787-YEL-XXL,KAPPA JERSEY - MAIZE - XXL
280190340043,KP3PM787-YEL-XL,KAPPA JERSEY - MAIZE - XL
280190340044,KP3PM787-YEL-L,KAPPA JERSEY - MAIZE - L
280190340045,KP3PM787-YEL-M,KAPPA JERSEY - MAIZE - M
280190340046,KP3PM787-YEL-S,KAPPA JERSEY - MAIZE - S
280190340047,KP3PM787-YEL-XS,KAPPA JERSEY - MAIZE - XS
280190340048,KP3PM787-DKBE-XXXXXL,KAPPA JERSEY - DKYBL - 5XL
280190340049,KP3PM787-DKBE-XXXXL,KAPPA JERSEY - DKYBL - 4XL
280190340050,KP3PM787-DKBE-XXXL,KAPPA JERSEY - DKYBL - 3XL
280190340051,KP3PM787-DKBE-XXL,KAPPA JERSEY - DKYBL - XXL
280190340052,KP3PM787-DKBE-XL,KAPPA JERSEY - DKYBL - XL
280190340053,KP3PM787-DKBE-L,KAPPA JERSEY - DKYBL - L
280190340054,KP3PM787-DKBE-M,KAPPA JERSEY - DKYBL - M
280190340055,KP3PM787-DKBE-S,KAPPA JERSEY - DKYBL - S
280190340056,KP3PM787-DKBE-XS,KAPPA JERSEY - DKYBL - XS
280190340057,KP3PM787-LTBE-XXXXXL,KAPPA JERSEY - BLUE - 4XL
280190340058,KP3PM787-LTBE-XXXXL,KAPPA JERSEY - BLUE - 3XL
280190340059,KP3PM787-LTBE-XXXL,KAPPA JERSEY - BLUE - 3XL
280190340060,KP3PM787-LTBE-XXL,KAPPA JERSEY - BLUE - XXL
280190340061,KP3PM787-LTBE-XL,KAPPA JERSEY - BLUE - XL
280190340062,KP3PM787-LTBE-L,KAPPA JERSEY - BLUE - L
280190340063,KP3PM787-LTBE-M,KAPPA JERSEY - BLUE - M
280190340064,KP3PM787-LTBE-S,KAPPA JERSEY - BLUE - S
280190340065,KP3PM787-LTBE-XS,KAPPA JERSEY - BLUE - XS
280190340066,KP3PM787-YEL-2XL,KAPPA JERSEY - MAIZE - XXL
280190350000,9073483,KAPPA JERSEY
280190350001,KP3PM789-LTBE-2XL,KAPPA JERSEY - BLUE - XXL
280190350002,KP3PM789-LTBE-3XL,KAPPA JERSEY - BLUE - 3XL
280190350003,KP3PM789-LTBE-4XL,KAPPA JERSEY - BLUE - 4XL
280190350004,KP3PM789-DKBE-2XL,KAPPA JERSEY - DKYBL - XXL
280190350005,KP3PM789-DKBE-3XL,KAPPA JERSEY - DKYBL - 3XL
280190350006,KP3PM789-DKBE-4XL,KAPPA JERSEY - DKYBL - 4XL
280190350007,KP3PM789-DKBE-5XL,KAPPA JERSEY - DKYBL - 5XL
280190350008,KP3PM789-PUR-2XL,KAPPA JERSEY - PURPE - XXL
280190350009,KP3PM789-PUR-3XL,KAPPA JERSEY - PURPE - 3XL
280190350010,KP3PM789-PUR-4XL,KAPPA JERSEY - PURPE - 4XL
280190350011,KP3PM789-PUR-5XL,KAPPA JERSEY - PURPE - 5XL
280190350012,KP3PM789-BLK-3XL,KAPPA JERSEY - BLACK - 3XL
280190350013,KP3PM789-BLK-4XL,KAPPA JERSEY - BLACK - 4XL
280190350014,KP3PM789-BLK-5XL,KAPPA JERSEY - BLACK - 5XL
280190350015,KP3PM789-NVY-2XL,KAPPA JERSEY - NAVY - XXL
280190350016,KP3PM789-NVY-3XL,KAPPA JERSEY - NAVY - 3XL
280190350017,KP3PM789-NVY-4XL,KAPPA JERSEY - NAVY - 4XL
280190350018,KP3PM789-NVY-5XL,KAPPA JERSEY - NAVY - 5XL
280190350019,KP3PM789-LTBE-5XL,KAPPA JERSEY - BLUE - 5XL
280190350020,KP3PM789-BLK-2XL,KAPPA JERSEY - BLACK - XXL
280190350021,KP3PM789-NVY-XXXXXL,KAPPA JERSEY - NAVY - 5XL
280190350022,KP3PM789-NVY-XXXXL,KAPPA JERSEY - NAVY - 4XL
280190350023,KP3PM789-NVY-XXXL,KAPPA JERSEY - NAVY - 3XL
280190350024,KP3PM789-NVY-XXL,KAPPA JERSEY - NAVY - XXL
280190350025,KP3PM789-NVY-XL,KAPPA JERSEY - NAVY - XL
280190350026,KP3PM789-NVY-L,KAPPA JERSEY - NAVY - L
280190350027,KP3PM789-NVY-M,KAPPA JERSEY - NAVY - M
280190350028,KP3PM789-NVY-S,KAPPA JERSEY - NAVY - S
280190350029,KP3PM789-NVY-XS,KAPPA JERSEY - NAVY - XS
280190350030,KP3PM789-BLK-XXXXXL,KAPPA JERSEY - BLACK - 5XL
280190350031,KP3PM789-BLK-XXXXL,KAPPA JERSEY - BLACK - 4XL
280190350032,KP3PM789-BLK-XXXL,KAPPA JERSEY - BLACK - 3XL
280190350033,KP3PM789-BLK-XXL,KAPPA JERSEY - BLACK - XXL
280190350034,KP3PM789-BLK-XL,KAPPA JERSEY - BLACK - XL
280190350035,KP3PM789-BLK-L,KAPPA JERSEY - BLACK - L
280190350036,KP3PM789-BLK-M,KAPPA JERSEY - BLACK - M
280190350037,KP3PM789-BLK-S,KAPPA JERSEY - BLACK - S
280190350038,KP3PM789-BLK-XS,KAPPA JERSEY - BLACK - XS
280190350039,KP3PM789-PUR-XXXXXL,KAPPA JERSEY - PURPE - 5XL
280190350040,KP3PM789-PUR-XXXXL,KAPPA JERSEY - PURPE - 4XL
280190350041,KP3PM789-PUR-XXXL,KAPPA JERSEY - PURPE - 3XL
280190350042,KP3PM789-PUR-XXL,KAPPA JERSEY - PURPE - XXL
280190350043,KP3PM789-PUR-XL,KAPPA JERSEY - PURPE - XL
280190350044,KP3PM789-PUR-L,KAPPA JERSEY - PURPE - L
280190350045,KP3PM789-PUR-M,KAPPA JERSEY - PURPE - M
280190350046,KP3PM789-PUR-S,KAPPA JERSEY - PURPE - S
280190350047,KP3PM789-PUR-XS,KAPPA JERSEY - PURPE - XS
280190350048,KP3PM789-DKBE-XXXXXL,KAPPA JERSEY - DKYBL - 3XL
280190350049,KP3PM789-DKBE-XXXXL,KAPPA JERSEY - DKYBL - 4XL
280190350050,KP3PM789-DKBE-XXXL,KAPPA JERSEY - DKYBL - 3XL
280190350051,KP3PM789-DKBE-XXL,KAPPA JERSEY - DKYBL - XXL
280190350052,KP3PM789-DKBE-XL,KAPPA JERSEY - DKYBL - XL
280190350053,KP3PM789-DKBE-L,KAPPA JERSEY - DKYBL - L
280190350054,KP3PM789-DKBE-M,KAPPA JERSEY - DKYBL - M
280190350055,KP3PM789-DKBE-S,KAPPA JERSEY - DKYBL - S
280190350056,KP3PM789-DKBE-XS,KAPPA JERSEY - DKYBL - XS
280190350057,KP3PM789-LTBE-XXXXXL,KAPPA JERSEY - BLUE - 3XL
280190350058,KP3PM789-LTBE-XXXXL,KAPPA JERSEY - BLUE - 3XL
280190350059,KP3PM789-LTBE-XXXL,KAPPA JERSEY - BLUE - 3XL
280190350060,KP3PM789-LTBE-XXL,KAPPA JERSEY - BLUE - XXL
280190350061,KP3PM789-LTBE-XL,KAPPA JERSEY - BLUE - XL
280190350062,KP3PM789-LTBE-L,KAPPA JERSEY - BLUE - L
280190350063,KP3PM789-LTBE-M,KAPPA JERSEY - BLUE - M
280190350064,KP3PM789-LTBE-S,KAPPA JERSEY - BLUE - S
280190350065,KP3PM789-LTBE-XS,KAPPA JERSEY - BLUE - XS
280190360000,9073482,KAPPA JERSEY
280190360001,KP3PM791-BLUE-2XL,KAPPA JERSEY - BLUE - XXL
280190360002,KP3PM791-BLUE-3XL,KAPPA JERSEY - BLUE - 3XL
280190360003,KP3PM791-BLUE-4XL,KAPPA JERSEY - BLUE - 4XL
280190360004,KP3PM791-BLUE-5XL,KAPPA JERSEY - BLUE - 5XL
280190360005,KP3PM791-BKBE-2XL,KAPPA JERSEY - DKYBL - XXL
280190360006,KP3PM791-BKBE-3XL,KAPPA JERSEY - DKYBL - 3XL
280190360007,KP3PM791-BKBE-4XL,KAPPA JERSEY - DKYBL - 4XL
280190360008,KP3PM791-BKBE-5XL,KAPPA JERSEY - DKYBL - 5XL
280190360009,KP3PM791-PUR-2XL,KAPPA JERSEY - PURPE - XXL
280190360010,KP3PM791-PUR-3XL,KAPPA JERSEY - PURPE - 3XL
280190360011,KP3PM791-PUR-4XL,KAPPA JERSEY - PURPE - 4XL
280190360012,KP3PM791-PUR-5XL,KAPPA JERSEY - PURPE - 5XL
280190360013,KP3PM791-NVY-2XL,KAPPA JERSEY - NAVY - XXL
280190360014,KP3PM791-NVY-3XL,KAPPA JERSEY - NAVY - 3XL
280190360015,KP3PM791-NVY-4XL,KAPPA JERSEY - NAVY - 4XL
280190360016,KP3PM791-BLK-2XL,KAPPA JERSEY - BLACK - XXL
280190360017,KP3PM791-BLK-3XL,KAPPA JERSEY - BLACK - 3XL
280190360018,KP3PM791-BLK-4XL,KAPPA JERSEY - BLACK - 4XL
280190360019,KP3PM791-BLK-5XL,KAPPA JERSEY - BLACK - 5XL
280190360020,KP3PM791-NVY-5XL,KAPPA JERSEY - NAVY - 5XL
280190360021,KP3PM791-NVY-XXXXXL,KAPPA JERSEY - NAVY - 4XL
280190360022,KP3PM791-BLK-XXXXXL,KAPPA JERSEY - BLACK - 5XL
280190360023,KP3PM791-BLK-XXXXL,KAPPA JERSEY - BLACK - 4XL
280190360024,KP3PM791-BLK-XXXL,KAPPA JERSEY - BLACK - 3XL
280190360025,KP3PM791-BLK-XXL,KAPPA JERSEY - BLACK - XXL
280190360026,KP3PM791-BLK-XL,KAPPA JERSEY - BLACK - XL
280190360027,KP3PM791-BLK-L,KAPPA JERSEY - BLACK - L
280190360028,KP3PM791-BLK-M,KAPPA JERSEY - BLACK - M
280190360029,KP3PM791-BLK-S,KAPPA JERSEY - BLACK - S
280190360030,KP3PM791-NVY-XXXXL,KAPPA JERSEY - NAVY - 4XL
280190360031,KP3PM791-NVY-XXXL,KAPPA JERSEY - NAVY - 3XL
280190360032,KP3PM791-NVY-XXL,KAPPA JERSEY - NAVY - XXL
280190360033,KP3PM791-NVY-XL,KAPPA JERSEY - NAVY - XL
280190360034,KP3PM791-NVY-L,KAPPA JERSEY - NAVY - L
280190360035,KP3PM791-NVY-M,KAPPA JERSEY - NAVY - M
280190360036,KP3PM791-NVY-S,KAPPA JERSEY - NAVY - S
280190360037,KP3PM791-NVY-XS,KAPPA JERSEY - NAVY - XS
280190360038,KP3PM791-BLK-XS,KAPPA JERSEY - BLACK - XS
280190360039,KP3PM791-PUR-XXXXXL,KAPPA JERSEY - PURPE - 5XL
280190360040,KP3PM791-PUR-XXXXL,KAPPA JERSEY - PURPE - 4XL
280190360041,KP3PM791-PUR-XXXL,KAPPA JERSEY - PURPE - 3XL
280190360042,KP3PM791-PUR-XXL,KAPPA JERSEY - PURPE - XXL
280190360043,KP3PM791-PUR-XL,KAPPA JERSEY - PURPE - XL
280190360044,KP3PM791-PUR-L,KAPPA JERSEY - PURPE - L
280190360045,KP3PM791-PUR-M,KAPPA JERSEY - PURPE - M
280190360046,KP3PM791-PUR-S,KAPPA JERSEY - PURPE - S
280190360047,KP3PM791-PUR-XS,KAPPA JERSEY - PURPE - XS
280190360048,KP3PM791-BKBE-XXXXXL,KAPPA JERSEY - DKYBL - 5XL
280190360049,KP3PM791-BKBE-XXXXL,KAPPA JERSEY - DKYBL - 4XL
280190360050,KP3PM791-BKBE-XXXL,KAPPA JERSEY - DKYBL - 3XL
280190360051,KP3PM791-BKBE-XXL,KAPPA JERSEY - DKYBL - XXL
280190360052,KP3PM791-BKBE-XL,KAPPA JERSEY - DKYBL - XL
280190360053,KP3PM791-BKBE-L,KAPPA JERSEY - DKYBL - L
280190360054,KP3PM791-BKBE-M,KAPPA JERSEY - DKYBL - M
280190360055,KP3PM791-BKBE-S,KAPPA JERSEY - DKYBL - S
280190360056,KP3PM791-BKBE-XS,KAPPA JERSEY - DKYBL - XS
280190360057,KP3PM791-BLUE-XXXXXL,KAPPA JERSEY - BLUE - 5XL
280190360058,KP3PM791-BLUE-XXXXL,KAPPA JERSEY - BLUE - 4XL
280190360059,KP3PM791-BLUE-XXXL,KAPPA JERSEY - BLUE - 3XL
280190360060,KP3PM791-BLUE-XXL,KAPPA JERSEY - BLUE - XXL
280190360061,KP3PM791-BLUE-XL,KAPPA JERSEY - BLUE - XL
280190360062,KP3PM791-BLUE-L,KAPPA JERSEY - BLUE - L
280190360063,KP3PM791-BLUE-M,KAPPA JERSEY - BLUE - M
280190360064,KP3PM791-BLUE-S,KAPPA JERSEY - BLUE - S
280190360065,KP3PM791-BLUE-XS,KAPPA JERSEY - BLUE - XS
280325100000,,METRIX SCHOOL SOCKS 3PCS
280325100001,2.80325E+11,METRIX SCHOOL SOCKS 3PCS - BLACK - S
280325100002,2.80325E+11,METRIX SCHOOL SOCKS 3PCS - BLACK - M
280325100003,2.80325E+11,METRIX SCHOOL SOCKS 3PCS - BLACK - L
280325100004,2.80325E+11,METRIX SCHOOL SOCKS 3PCS - BLACK - XS
280079270000,9020172,RED-BLK
280079270001,6.93189E+12,RED-BLK - REDBK - 10L
280325580000,,METRIX SPORT BRA
280325580001,9.0782E+11,METRIX SPORT BRA - AMYGN - S
280325580002,9.0782E+11,METRIX SPORT BRA - AMYGN - M
280325580003,9.0782E+11,METRIX SPORT BRA - AMYGN - L
280325580004,9.0782E+11,METRIX SPORT BRA - AMYGN - XL
280325580005,9.0782E+11,METRIX SPORT BRA - AMYGN - 2XL
280325560000,,METRIX SPORT BRA
280325560001,9.0782E+11,METRIX SPORT BRA - BLACK - S
280325560002,9.0782E+11,METRIX SPORT BRA - BLACK - M
280325560003,9.0782E+11,METRIX SPORT BRA - BLACK - L
280325560004,9.0782E+11,METRIX SPORT BRA - BLACK - XL
280325560005,9.0782E+11,METRIX SPORT BRA - BLACK - 2XL
280325570000,,METRIX SPORT BRA
280325570001,9.0782E+11,METRIX SPORT BRA - METAL - S
280325570002,9.0782E+11,METRIX SPORT BRA - METAL - M
280325570003,9.0782E+11,METRIX SPORT BRA - METAL - L
280325570004,9.0782E+11,METRIX SPORT BRA - METAL - XL
280325570005,9.0782E+11,METRIX SPORT BRA - METAL - 2XL
280325590000,,METRIX SPORT BRA
280325590001,9.0782E+11,METRIX SPORT BRA - SUBMR - S
280325590002,9.0782E+11,METRIX SPORT BRA - SUBMR - M
280325590003,9.0782E+11,METRIX SPORT BRA - SUBMR - L
280325590004,9.0782E+11,METRIX SPORT BRA - SUBMR - XL
280325590005,9.0782E+11,METRIX SPORT BRA - SUBMR - 2XL
280325600000,,METRIX SPORT BRA
280325600001,9.0782E+11,METRIX SPORT BRA - BLACK - S
280325600002,9.0782E+11,METRIX SPORT BRA - BLACK - M
280325600003,9.0782E+11,METRIX SPORT BRA - BLACK - L
280325600004,9.0782E+11,METRIX SPORT BRA - BLACK - XL
280325600005,9.0782E+11,METRIX SPORT BRA - BLACK - 2XL
280325610000,,METRIX SPORT BRA
280325610001,9.0782E+11,METRIX SPORT BRA - SUBMR - S
280325610002,9.0782E+11,METRIX SPORT BRA - SUBMR - M
280325610003,9.0782E+11,METRIX SPORT BRA - SUBMR - L
280325610004,9.0782E+11,METRIX SPORT BRA - SUBMR - XL
280325610005,9.0782E+11,METRIX SPORT BRA - SUBMR - 2XL
280069780000,9051627,SPORT WATER BOTTLE
280069780001,8.87791E+11,SPORT WATER BOTTLE
280069800000,9024110,SPORT WATER BOTTLE
280069800001,8.4584E+11,SPORT WATER BOTTLE - N/A - OS
280078000000,9054493,METRIX SANDAL
280078000001,6.94111E+12,METRIX SANDAL - ALLCL - ALLSZ
280077990000,9055365,METRIX SANDAL
280077990001,6.94111E+12,METRIX SANDAL - ALLCL - ALLSZ
280077980000,9055547,METRIX SANDAL
280077980001,6.94111E+12,METRIX SANDAL - ALLCL - ALLSZ
280077970000,9055548,METRIX SANDAL
280077970001,6.94111E+12,METRIX SANDAL - ALLCL - ALLSZ
280077960000,9055910,METRIX SANDAL
280077960001,6.94111E+12,METRIX SANDAL - ALLCL - ALLSZ
280077950000,9056007,METRIX SANDAL
280077950001,6.94111E+12,METRIX SANDAL - ALLCL - ALLSZ
280077940000,9056298,METRIX SANDAL
280077940001,6.94111E+12,METRIX SANDAL - ALLCL - ALLSZ
280077930000,9057533,METRIX DANDAL
280077930001,6.94111E+12,METRIX DANDAL - ALLCL - ALLSZ
280077910000,9057865,METRIX SANDAL
280077910001,6.94111E+12,METRIX SANDAL - ALLCL - ALLSZ
280077780000,9057532,METRIX SANDAL
280077780001,6.94111E+12,METRIX SANDAL - ALLCL - ALLSZ
280077730000,9037301,METRIX LIFESTYLE
280077730001,6.94111E+12,METRIX LIFESTYLE - ALLCL - ALLSZ
280077720000,9037302,METRIX LIFESTYLE
280077720001,6.94111E+12,METRIX LIFESTYLE - ALLCL - ALLSZ
280077710000,9037303,METRIX LIFESTYLE
280077710001,6.94111E+12,METRIX LIFESTYLE - ALLCL - ALLSZ
280077700000,9053543,METRIX LIFESTYLE
280077700001,6.94111E+12,METRIX LIFESTYLE - ALLCL - ALLSZ
280077690000,9053542,METRIX LIFESTYLE
280077690001,6.94111E+12,METRIX LIFESTYLE - ALLCL - ALLSZ
280077680000,9054894,METRIX LIFESTYLE
280077680001,6.94111E+12,METRIX LIFESTYLE - ALLCL - ALLSZ
280077670000,9054896,METRIX LIFESTYLE
280077670001,6.94111E+12,METRIX LIFESTYLE - ALLCL - ALLSZ
280077660000,9055322,METRIX CANVAS
280077660001,9.05532E+11,METRIX CANVAS - ALLCL - ALLSZ
280077650000,9055476,METRIX LIFESTYLE
280077650001,6.94111E+12,METRIX LIFESTYLE - ALLCL - ALLSZ
280077640000,9055128,METRIX LIFESTYLE
280077640001,9.05513E+11,METRIX LIFESTYLE - S - UNIT
280077640002,6.94111E+12,METRIX LIFESTYLE - ALLCL - ALLSZ
280077640003,9.05513E+11,METRIX LIFESTYLE - ALLCL - UNIT
280077640004,9.05513E+11,METRIX LIFESTYLE - S - ALLSZ
280077630000,9055497,METRIX LIFESTYLE
280077630001,6.94111E+12,METRIX LIFESTYLE - ALLCL - ALLSZ
280077620000,9055357,METRIX LIFESTYLE
280077620001,6.94111E+12,METRIX LIFESTYLE - ALLCL - ALLSZ
280077610000,9055362,METRIX LIFESTYLE
280077610001,6.94111E+12,METRIX LIFESTYLE - ALLCL - ALLSZ
280077600000,9055477,METRIX LIFESTYLE
280077600001,6.94111E+12,METRIX LIFESTYLE - ALLCL - ALLSZ
280077590000,9055363,METRIX LIFESTYLE
280077590001,6.94111E+12,METRIX LIFESTYLE - ALLCL - ALLSZ
280077580000,9055358,METRIX LIFESTYLE
280077580001,6.94111E+12,METRIX LIFESTYLE - ALLCL - ALLSZ
280077570000,9055364,METRIX LIFESTYLE
280077570001,6.94111E+12,METRIX LIFESTYLE - ALLCL - ALLSZ
280077560000,9055478,METRIX LIFESTYLE
280077560001,6.94111E+12,METRIX LIFESTYLE - ALLCL - ALLSZ
280077550000,9055495,METRIX LIFESTYLE
280077550001,6.94111E+12,METRIX LIFESTYLE - ALLCL - ALLSZ
280077540000,9055911,METRIX LIFESTYLE
280077540001,6.94111E+12,METRIX LIFESTYLE - ALLCL - ALLSZ
280077530000,9055496,METRIX LIFESTYLE
280077530001,6.94111E+12,METRIX LIFESTYLE - ALLCL - ALLSZ
280077520000,9055546,METRIX LIFESTYLE
280077520001,6.94111E+12,METRIX LIFESTYLE - ALLCL - ALLSZ
280077510000,9056008,METRIX LIFESTYLE
280077510001,6.94111E+12,METRIX LIFESTYLE - ALLCL - ALLSZ
280077500000,9056913,METRIX LIFESTYLE
280077500001,6.94111E+12,METRIX LIFESTYLE - ALLCL - ALLSZ
280077490000,9056300,METRIX LIFESTYLE
280077490001,6.94111E+12,METRIX LIFESTYLE - ALLCL - ALLSZ
280077480000,9057662,METRIX LIFESTYLE
280077480001,6.94111E+12,METRIX LIFESTYLE - ALLCL - ALLSZ
280077470000,9057869,METRIX LIFESTYLE
280077470001,6.94111E+12,METRIX LIFESTYLE - ALLCL - ALLSZ
280077460000,9057863,METRIX LIFESTYLE
280077460001,6.94111E+12,METRIX LIFESTYLE - ALLCL - ALLSZ
280077450000,9058570,METRIX LIFESTYLE
280077450001,6.94111E+12,METRIX LIFESTYLE - ALLCL - ALLSZ
280077440000,9058569,METRIX LIFESTYLE
280077440001,6.94111E+12,METRIX LIFESTYLE - ALLCL - ALLSZ
280077430000,9059621,METRIX-LIFESTYLE
280077430001,6.94111E+12,METRIX-LIFESTYLE - NA - ALLSZ
280077420000,9059736,METRIX LIFESTYLE SHOE
280077420001,6.94111E+12,METRIX LIFESTYLE SHOE - ALLCL - ALLSZ
280077410000,9059856,METRIX LIFESTYLE SHOE
280077410001,6.94111E+12,METRIX LIFESTYLE SHOE - ALLCL - ALLSZ
280077400000,9059855,METRIX LIFESTYLE SHOE
280077400001,9.05986E+11,METRIX LIFESTYLE SHOE - ALLCL - ALLSZ
280077400002,6.94111E+12,METRIX LIFESTYLE SHOE - ALLCL - ALLSZ
280077390000,9022794,ALL COLOR
280077390001,6.94111E+12,ALL COLOR - ALLCL - ALLSZ
280077350000,9059723,METRIX LIFESTYLE SHOE-ALL SIZE
280077350001,6.94111E+12,METRIX LIFESTYLE SHOE-ALL SIZE - ALLCL -
280077120000,9059854,METRIX LIFESTYLE SHOE
280077120001,6.94111E+12,METRIX LIFESTYLE SHOE - ALLCL - ALLSZ
280076280000,9054454,METRIX BAGPACK
280076280001,6.94111E+12,METRIX BAGPACK - ALLCL - 16
280076100000,9060593,METRIX SLING BAG
280076100001,6.94111E+12,METRIX SLING BAG - ALLCL - NA
280075970000,9061395,METRIX KIDS LIFESTYLE
280075970001,6.94111E+12,METRIX KIDS LIFESTYLE - ALLCL - ALLSZ
280075960000,9061477,METRIX KIDS LIFESTYLE
280075960001,9.06148E+11,METRIX KIDS LIFESTYLE - ALLCL - ALLSZ
280075960002,6.94111E+12,METRIX KIDS LIFESTYLE - ALLCL - ALLSZ
280075950000,9062044,METRIX SHOE KIDS
280075950001,6.94111E+12,METRIX SHOE KIDS - ALLCL - ALLSZ
280075940000,9062060,METRIX KIDS LIFESTYLE
280075940001,6.94111E+12,METRIX KIDS LIFESTYLE - ALLCL - ALLSZ
280075930000,9064480,METRIX KIDS SHOE
280075930001,6.94111E+11,METRIX KIDS SHOE - ALLCL - ALLSZ
280075920000,9064479,METRIX KIDS SHOE
280075920001,6.94111E+11,METRIX KIDS SHOE - ALLCL - ALLSZ
280075910000,9064728,METRIX KIDS SHOE
280075910001,6.94111E+12,METRIX KIDS SHOE - ALLCL - ALLSZ
280075900000,9064679,METRIX KID SANDAL
280075900001,6.94111E+12,METRIX KID SANDAL - ALLCL - ALLSZ
280075890000,9064680,METRIX KID SANDAL
280075890001,6.94111E+12,METRIX KID SANDAL - ALLCL - ALLSZ
280075880000,9064628,METRIX KIDS SHOE
280075880001,6.94111E+12,METRIX KIDS SHOE - ALLCL - ALLSZ
280075870000,9065983,METRIX KIDS SHOE
280075870001,6.94111E+12,METRIX KIDS SHOE - ALLCL - ALLSZ
280075860000,9065755,METRIX KIDS SHOE
280075860001,6.94111E+12,METRIX KIDS SHOE - ALLCL - ALLSZ
280075850000,9065987,METRIX KIDS SANDAL
280075850001,6.94111E+12,METRIX KIDS SANDAL - ALLCL - ALLSZ
280075840000,9067432,METRIX KIDS LIFESTYLE
280075840001,6.94111E+12,METRIX KIDS LIFESTYLE - ALLCL - ALLSZ
280075830000,9067169,METRIX KIDS LIFESTYLE
280075830001,6.94111E+12,METRIX KIDS LIFESTYLE - ALLCL - ALLSZ
280075530000,9061076,METRIX SANDAL
280075530001,6.94111E+12,METRIX SANDAL - ALLCL - ALLSZ
280075440000,9069021,METRIX SANDAL
280075440001,6.94111E+12,METRIX SANDAL - ALLCL - ALLSZ
280230200000,9011711,ROUND NECK T-SHIRT
280230200001,8.88726E+12,ROUND NECK T-SHIRT - BLKGR - 120
280230200002,8.88726E+12,ROUND NECK T-SHIRT - BLKGR - 130
280230200003,8.88726E+12,ROUND NECK T-SHIRT - BLKGR - 140
280230200004,8.88726E+12,ROUND NECK T-SHIRT - BLKGR - 150
280230200005,8.88726E+12,ROUND NECK T-SHIRT - BLKGR - 160
280230200006,8.88726E+12,ROUND NECK T-SHIRT - BLKNE - 120
280230200007,8.88726E+12,ROUND NECK T-SHIRT - BLKNE - 130
280230200008,8.88726E+12,ROUND NECK T-SHIRT - BLKNE - 140
280230200009,8.88726E+12,ROUND NECK T-SHIRT - BLKNE - 150
280230200010,8.88726E+12,ROUND NECK T-SHIRT - BLKNE - 160
280230200011,8.88726E+12,ROUND NECK T-SHIRT - WHTGD - 120
280230200012,8.88726E+12,ROUND NECK T-SHIRT - WHTGD - 130
280230200013,8.88726E+12,ROUND NECK T-SHIRT - WHTGD - 140
280230200014,8.88726E+12,ROUND NECK T-SHIRT - WHTGD - 150
280230200015,8.88726E+12,ROUND NECK T-SHIRT - WHTGD - 160
280230200016,8.88726E+12,ROUND NECK T-SHIRT - BLKRY - 120
280230200017,8.88726E+12,ROUND NECK T-SHIRT - BLKRY - 130
280230200018,8.88726E+12,ROUND NECK T-SHIRT - BLKRY - 140
280230200019,8.88726E+12,ROUND NECK T-SHIRT - BLKRY - 150
280230200020,8.88726E+12,ROUND NECK T-SHIRT - BLKRY - 160
280230200021,8.88726E+12,ROUND NECK T-SHIRT - BLACK - 120
280230200022,8.88726E+12,ROUND NECK T-SHIRT - BLACK - 130
280230200023,8.88726E+12,ROUND NECK T-SHIRT - BLACK - 140
280230200024,8.88726E+12,ROUND NECK T-SHIRT - BLACK - 150
280230200025,8.88726E+12,ROUND NECK T-SHIRT - BLACK - 160
280230200026,8.88726E+12,ROUND NECK T-SHIRT - BLKSV - 120
280230200027,8.88726E+12,ROUND NECK T-SHIRT - BLKSV - 130
280230200028,8.88726E+12,ROUND NECK T-SHIRT - BLKSV - 140
280230200029,8.88726E+12,ROUND NECK T-SHIRT - BLKSV - 150
280230200030,8.88726E+12,ROUND NECK T-SHIRT - BLKSV - 160
280230200031,8.88726E+12,ROUND NECK T-SHIRT - BLKWH - 120
280230200032,8.88726E+12,ROUND NECK T-SHIRT - BLKWH - 130
280230200033,8.88726E+12,ROUND NECK T-SHIRT - BLKWH - 140
280230200034,8.88726E+12,ROUND NECK T-SHIRT - BLKWH - 150
280230200035,8.88726E+12,ROUND NECK T-SHIRT - BLKWH - 160
280230200036,8.88726E+12,ROUND NECK T-SHIRT - WHTBK - 120
280230200037,8.88726E+12,ROUND NECK T-SHIRT - WHTBK - 130
280230200038,8.88726E+12,ROUND NECK T-SHIRT - WHTBK - 140
280230200039,8.88726E+12,ROUND NECK T-SHIRT - WHTBK - 150
280230200040,8.88726E+12,ROUND NECK T-SHIRT - WHTBK - 160
280230200041,8.88726E+12,ROUND NECK T-SHIRT - WHTSV - 120
280230200042,8.88726E+12,ROUND NECK T-SHIRT - WHTSV - 130
280230200043,8.88726E+12,ROUND NECK T-SHIRT - WHTSV - 140
280230200044,8.88726E+12,ROUND NECK T-SHIRT - WHTSV - 150
280230200045,8.88726E+12,ROUND NECK T-SHIRT - WHTSV - 160
280230200046,8.88726E+12,ROUND NECK T-SHIRT - WHTMT - 120
280230200047,8.88726E+12,ROUND NECK T-SHIRT - WHTMT - 130
280230200048,8.88726E+12,ROUND NECK T-SHIRT - WHTMT - 140
280230200049,8.88726E+12,ROUND NECK T-SHIRT - WHTMT - 150
280230200050,8.88726E+12,ROUND NECK T-SHIRT - WHTMT - 160
280230160000,9000141,YONEX JUNIOR ROUND NECK T SHIRT
280230160001,8.88726E+12,YONEX JUNIOR ROUND NECK T SHIRT - BLKWH
280230160002,8.88726E+12,YONEX JUNIOR ROUND NECK T SHIRT - BLKSV
280230160003,8.88726E+12,YONEX JUNIOR ROUND NECK T SHIRT - BLKSV
280230160004,8.88726E+12,YONEX JUNIOR ROUND NECK T SHIRT - BLKSV
280230160005,8.88726E+12,YONEX JUNIOR ROUND NECK T SHIRT - NAVY -
280230160006,8.88726E+12,YONEX JUNIOR ROUND NECK T SHIRT - NAVY -
280230160007,8.88726E+12,YONEX JUNIOR ROUND NECK T SHIRT - NAVY -
280230160008,8.88726E+12,YONEX JUNIOR ROUND NECK T SHIRT - NAVY -
280230160009,8.88726E+12,YONEX JUNIOR ROUND NECK T SHIRT - BLKWH
280230160010,8.88726E+12,YONEX JUNIOR ROUND NECK T SHIRT - BLKWH
280230160011,8.88726E+12,YONEX JUNIOR ROUND NECK T SHIRT - BLKWH
280230160012,8.88726E+12,YONEX JUNIOR ROUND NECK T SHIRT - BLKWH
280230160013,8.88726E+12,YONEX JUNIOR ROUND NECK T SHIRT - BLKTM
280230160014,8.88726E+12,YONEX JUNIOR ROUND NECK T SHIRT - BLKTM
280230160015,8.88726E+12,YONEX JUNIOR ROUND NECK T SHIRT - BLKTM
280230160016,8.88726E+12,YONEX JUNIOR ROUND NECK T SHIRT - BLKTM
280230160017,8.88726E+12,YONEX JUNIOR ROUND NECK T SHIRT - BLKGD
280230160018,8.88726E+12,YONEX JUNIOR ROUND NECK T SHIRT - BLKGD
280230160019,8.88726E+12,YONEX JUNIOR ROUND NECK T SHIRT - BLKGD
280230160020,8.88726E+12,YONEX JUNIOR ROUND NECK T SHIRT - BLKGD
280230160021,8.88726E+12,YONEX JUNIOR ROUND NECK T SHIRT - BLKSV
280230160022,8.88726E+12,YONEX JUNIOR ROUND NECK T SHIRT - BLKSV
280230160023,8.88726E+12,YONEX JUNIOR ROUND NECK T SHIRT - BLKSV
280230160024,8.88726E+12,YONEX JUNIOR ROUND NECK T SHIRT - BLKSV
280230160025,8.88726E+12,YONEX JUNIOR ROUND NECK T SHIRT - BLKSV
280230160026,8.88726E+12,YONEX JUNIOR ROUND NECK T SHIRT - NAVY -
280230160027,8.88726E+12,YONEX JUNIOR ROUND NECK T SHIRT - NAVY -
280230160028,8.88726E+12,YONEX JUNIOR ROUND NECK T SHIRT - NAVY -
280293800000,,YONEX RUNAWAY TEE
280293800001,8.8879E+12,YONEX RUNAWAY TEE - NIGHT SKY - XS
280293800002,8.8879E+12,YONEX RUNAWAY TEE - NIGHT SKY - S
280293800003,8.8879E+12,YONEX RUNAWAY TEE - NIGHT SKY - M
280293800004,8.8879E+12,YONEX RUNAWAY TEE - NIGHT SKY - L
280293800005,8.8879E+12,YONEX RUNAWAY TEE - NIGHT SKY - XL
280293800006,8.8879E+12,YONEX RUNAWAY TEE - NIGHT SKY - 2XL
280293800007,8.8879E+12,YONEX RUNAWAY TEE - CRYSTAL BLUE - XS
280293800008,8.8879E+12,YONEX RUNAWAY TEE - CRYSTAL BLUE - S
280293800009,8.8879E+12,YONEX RUNAWAY TEE - CRYSTAL BLUE - M
280293800010,8.8879E+12,YONEX RUNAWAY TEE - CRYSTAL BLUE - L
280293800011,8.8879E+12,YONEX RUNAWAY TEE - CRYSTAL BLUE - XL
280293800012,8.8879E+12,YONEX RUNAWAY TEE - CRYSTAL BLUE - 2XL
280293800013,8.8879E+12,YONEX RUNAWAY TEE - OATMEAL - XS
280293800014,8.8879E+12,YONEX RUNAWAY TEE - OATMEAL - S
280293800015,8.8879E+12,YONEX RUNAWAY TEE - OATMEAL - M
280293800016,8.8879E+12,YONEX RUNAWAY TEE - OATMEAL - L
280293800017,8.8879E+12,YONEX RUNAWAY TEE - OATMEAL - XL
280293800018,8.8879E+12,YONEX RUNAWAY TEE - OATMEAL - 2XL
280307180000,,YONEX RUNAWAY 1.2 TEE
280307180001,8.8879E+12,YONEX RUNAWAY 1.2 TEE - MINTGR - XS
280307180002,8.8879E+12,YONEX RUNAWAY 1.2 TEE - MINTGR - S
280307180003,8.8879E+12,YONEX RUNAWAY 1.2 TEE - MINTGR - M
280307180004,8.8879E+12,YONEX RUNAWAY 1.2 TEE - MINTGR - L
280307180005,8.8879E+12,YONEX RUNAWAY 1.2 TEE - MINTGR - XL
280307180006,8.8879E+12,YONEX RUNAWAY 1.2 TEE - MINTGR - 2XL
280307180007,8.8879E+12,YONEX RUNAWAY 1.2 TEE - DKNVY - XS
280307180008,8.8879E+12,YONEX RUNAWAY 1.2 TEE - DKNVY - S
280307180009,8.8879E+12,YONEX RUNAWAY 1.2 TEE - DKNVY - M
280307180010,8.8879E+12,YONEX RUNAWAY 1.2 TEE - DKNVY - L
280307180011,8.8879E+12,YONEX RUNAWAY 1.2 TEE - DKNVY - XL
280307180012,8.8879E+12,YONEX RUNAWAY 1.2 TEE - DKNVY - 2XL
280307180013,8.8879E+12,YONEX RUNAWAY 1.2 TEE - GREY - XS
280307180014,8.8879E+12,YONEX RUNAWAY 1.2 TEE - GREY - S
280307180015,8.8879E+12,YONEX RUNAWAY 1.2 TEE - GREY - M
280307180016,8.8879E+12,YONEX RUNAWAY 1.2 TEE - GREY - L
280307180017,8.8879E+12,YONEX RUNAWAY 1.2 TEE - GREY - XL
280307180018,8.8879E+12,YONEX RUNAWAY 1.2 TEE - GREY - 2XL
280323430000,,YONEX RUNAWAY TEE
280323430001,8.8879E+12,YONEX RUNAWAY TEE - BLACK - S
280323430002,8.8879E+12,YONEX RUNAWAY TEE - BLACK - M
280323430003,8.8879E+12,YONEX RUNAWAY TEE - BLACK - L
280323430004,8.8879E+12,YONEX RUNAWAY TEE - BLACK - XL
280323430005,8.8879E+12,YONEX RUNAWAY TEE - BLACK - 2XL
280323430006,8.8879E+12,YONEX RUNAWAY TEE - RED - S
280323430007,8.8879E+12,YONEX RUNAWAY TEE - RED - M
280323430008,8.8879E+12,YONEX RUNAWAY TEE - RED - L
280323430009,8.8879E+12,YONEX RUNAWAY TEE - RED - XL
280323430010,8.8879E+12,YONEX RUNAWAY TEE - RED - 2XL
280287550000,,YONEX RUNAWAY TEE
280287550001,8.8879E+12,YONEX RUNAWAY TEE - DKNVY - S
280287550002,8.8879E+12,YONEX RUNAWAY TEE - DKNVY - M
280287550003,8.8879E+12,YONEX RUNAWAY TEE - DKNVY - L
280287550004,8.8879E+12,YONEX RUNAWAY TEE - DKNVY - XL
280287550005,8.8879E+12,YONEX RUNAWAY TEE - DKNVY - 2XL
280287550006,8.8879E+12,YONEX RUNAWAY TEE - BLUE - S
280287550007,8.8879E+12,YONEX RUNAWAY TEE - BLUE - M
280287550008,8.8879E+12,YONEX RUNAWAY TEE - BLUE - L
280287550009,8.8879E+12,YONEX RUNAWAY TEE - BLUE - XL
280287550010,8.8879E+12,YONEX RUNAWAY TEE - BLUE - 2XL
280293820000,,YONEX RUNAWAY TEE
280293820001,8.8879E+12,YONEX RUNAWAY TEE - WHITE - S
280293820002,8.8879E+12,YONEX RUNAWAY TEE - WHITE - M
280293820003,8.8879E+12,YONEX RUNAWAY TEE - WHITE - L
280293820004,8.8879E+12,YONEX RUNAWAY TEE - WHITE - XL
280293820005,8.8879E+12,YONEX RUNAWAY TEE - WHITE - 2XL
280293820006,8.8879E+12,YONEX RUNAWAY TEE - DARK NAVY - S
280293820007,8.8879E+12,YONEX RUNAWAY TEE - DARK NAVY - M
280293820008,8.8879E+12,YONEX RUNAWAY TEE - DARK NAVY - L
280293820009,8.8879E+12,YONEX RUNAWAY TEE - DARK NAVY - XL
280293820010,8.8879E+12,YONEX RUNAWAY TEE - DARK NAVY - 2XL
280230360000,9011712,ROUND NECK T-SHIRT
280230360001,8.88726E+12,ROUND NECK T-SHIRT - BLKGR - S
280230360002,8.88726E+12,ROUND NECK T-SHIRT - BLKGR - M
280230360003,8.88726E+12,ROUND NECK T-SHIRT - BLKGR - L
280230360004,8.88726E+12,ROUND NECK T-SHIRT - BLKGR - XL
280230360005,8.88726E+12,ROUND NECK T-SHIRT - BLKGR - 2XL
280230360006,8.88726E+12,ROUND NECK T-SHIRT - BLKGR - 3XL
280230360007,8.88726E+12,ROUND NECK T-SHIRT - BLKNE - S
280230360008,8.88726E+12,ROUND NECK T-SHIRT - BLKNE - M
280230360009,8.88726E+12,ROUND NECK T-SHIRT - BLKNE - L
280230360010,8.88726E+12,ROUND NECK T-SHIRT - BLKNE - XL
280230360011,8.88726E+12,ROUND NECK T-SHIRT - BLKNE - 2XL
280230360012,8.88726E+12,ROUND NECK T-SHIRT - BLKNE - 3XL
280230360013,8.88726E+12,ROUND NECK T-SHIRT - WHTGD - XS
280230360014,8.88726E+12,ROUND NECK T-SHIRT - WHTGD - S
280230360015,8.88726E+12,ROUND NECK T-SHIRT - WHTGD - M
280230360016,8.88726E+12,ROUND NECK T-SHIRT - WHTGD - L
280230360017,8.88726E+12,ROUND NECK T-SHIRT - WHTGD - XL
280230360018,8.88726E+12,ROUND NECK T-SHIRT - WHTGD - 2XL
280230360019,8.88726E+12,ROUND NECK T-SHIRT - BLKRY - S
280230360020,8.88726E+12,ROUND NECK T-SHIRT - BLKRY - M
280230360021,8.88726E+12,ROUND NECK T-SHIRT - BLKRY - L
280230360022,8.88726E+12,ROUND NECK T-SHIRT - BLKRY - XL
280230360023,8.88726E+12,ROUND NECK T-SHIRT - BLKRY - 2XL
280230360024,8.88726E+12,ROUND NECK T-SHIRT - BLKRY - 3XL
280230360025,8.88726E+12,ROUND NECK T-SHIRT - BLACK - S
280230360026,8.88726E+12,ROUND NECK T-SHIRT - BLACK - M
280230360027,8.88726E+12,ROUND NECK T-SHIRT - BLACK - L
280230360028,8.88726E+12,ROUND NECK T-SHIRT - BLACK - XL
280230360029,8.88726E+12,ROUND NECK T-SHIRT - BLACK - 2XL
280230360030,8.88726E+12,ROUND NECK T-SHIRT - BLACK - 3XL
280230360031,8.88726E+12,ROUND NECK T-SHIRT - BLKSV - S
280230360032,8.88726E+12,ROUND NECK T-SHIRT - BLKSV - M
280230360033,8.88726E+12,ROUND NECK T-SHIRT - BLKSV - L
280230360034,8.88726E+12,ROUND NECK T-SHIRT - BLKSV - XL
280230360035,8.88726E+12,ROUND NECK T-SHIRT - BLKSV - 2XL
280230360036,8.88726E+12,ROUND NECK T-SHIRT - BLKSV - 3XL
280230360037,8.88726E+12,ROUND NECK T-SHIRT - BLKWH - S
280230360038,8.88726E+12,ROUND NECK T-SHIRT - BLKWH - M
280230360039,8.88726E+12,ROUND NECK T-SHIRT - BLKWH - L
280230360040,8.88726E+12,ROUND NECK T-SHIRT - BLKWH - XL
280230360041,8.88726E+12,ROUND NECK T-SHIRT - BLKWH - 2XL
280230360042,8.88726E+12,ROUND NECK T-SHIRT - BLKWH - 3XL
280230360043,8.88726E+12,ROUND NECK T-SHIRT - WHTBK - S
280230360044,8.88726E+12,ROUND NECK T-SHIRT - WHTBK - M
280230360045,8.88726E+12,ROUND NECK T-SHIRT - WHTBK - L
280230360046,8.88726E+12,ROUND NECK T-SHIRT - WHTBK - XL
280230360047,8.88726E+12,ROUND NECK T-SHIRT - WHTBK - 2XL
280230360048,8.88726E+12,ROUND NECK T-SHIRT - WHTBK - 3XL
280230360049,8.88726E+12,ROUND NECK T-SHIRT - WHTSV - S
280230360050,8.88726E+12,ROUND NECK T-SHIRT - WHTSV - M
280230360051,8.88726E+12,ROUND NECK T-SHIRT - WHTSV - L
280230360052,8.88726E+12,ROUND NECK T-SHIRT - WHTSV - XL
280230360053,8.88726E+12,ROUND NECK T-SHIRT - WHTMT - S
280230360054,8.88726E+12,ROUND NECK T-SHIRT - WHTMT - M
280230360055,8.88726E+12,ROUND NECK T-SHIRT - WHTMT - L
280230360056,8.88726E+12,ROUND NECK T-SHIRT - WHTMT - XL
280230360057,9.01171E+11,ROUND NECK T-SHIRT - BLKGR - XS
280230360058,9.01171E+11,ROUND NECK T-SHIRT - BLKNE - XS
280230360059,9.01171E+11,ROUND NECK T-SHIRT - WHTGD - 3XL
280230360060,9.01171E+11,ROUND NECK T-SHIRT - BLKRY - XS
280230360061,9.01171E+11,ROUND NECK T-SHIRT - BLACK - XS
280230360062,9.01171E+11,ROUND NECK T-SHIRT - BLKSV - XS
280230360063,9.01171E+11,ROUND NECK T-SHIRT - BLKWH - XS
280230360064,9.01171E+11,ROUND NECK T-SHIRT - WHTBK - XS
280230360065,9.01171E+11,ROUND NECK T-SHIRT - WHTSV - 2XL
280230360066,9.01171E+11,ROUND NECK T-SHIRT - WHTSV - 3XL
280230360067,9.01171E+11,ROUND NECK T-SHIRT - WHTSV - XS
280230360068,9.01171E+11,ROUND NECK T-SHIRT - WHTMT - 2XL
280230360069,9.01171E+11,ROUND NECK T-SHIRT - WHTMT - 3XL
280230360070,9.01171E+11,ROUND NECK T-SHIRT - WHTMT - XS
280230370000,9011724,ROUND NECK
280230370001,8.88726E+12,ROUND NECK - BLUOR - M
280230370002,8.88726E+12,ROUND NECK - BLUOR - L
280230370003,8.88726E+12,ROUND NECK - BLUOR - M
280230370004,8.88726E+12,ROUND NECK - BLUOR - L
280230380000,9011714,ROUND NECK T-SHIRT
280230380001,8.88726E+12,ROUND NECK T-SHIRT - WHTGD - S
280230380002,8.88726E+12,ROUND NECK T-SHIRT - WHTGD - M
280230380003,8.88726E+12,ROUND NECK T-SHIRT - WHTGD - L
280230380004,8.88726E+12,ROUND NECK T-SHIRT - WHTGD - XL
280230380005,8.88726E+12,ROUND NECK T-SHIRT - WHTGD - 3XL
280230380006,8.88726E+12,ROUND NECK T-SHIRT - BLKRY - S
280230380007,8.88726E+12,ROUND NECK T-SHIRT - BLKRY - M
280230380008,8.88726E+12,ROUND NECK T-SHIRT - BLKRY - L
280230380009,8.88726E+12,ROUND NECK T-SHIRT - BLKRY - XL
280230380010,8.88726E+12,ROUND NECK T-SHIRT - BLKRY - 2XL
280230380011,8.88726E+12,ROUND NECK T-SHIRT - BLKRY - 3XL
280230380012,8.88726E+12,ROUND NECK T-SHIRT - BLKGD - S
280230380013,8.88726E+12,ROUND NECK T-SHIRT - BLKGD - M
280230380014,8.88726E+12,ROUND NECK T-SHIRT - BLKGD - L
280230380015,8.88726E+12,ROUND NECK T-SHIRT - BLKGD - XL
280230380016,8.88726E+12,ROUND NECK T-SHIRT - BLKGD - 2XL
280230380017,8.88726E+12,ROUND NECK T-SHIRT - BLKGD - 3XL
280230380018,8.88726E+12,ROUND NECK T-SHIRT - BLKSV - S
280230380019,8.88726E+12,ROUND NECK T-SHIRT - BLKSV - M
280230380020,8.88726E+12,ROUND NECK T-SHIRT - BLKSV - L
280230380021,8.88726E+12,ROUND NECK T-SHIRT - BLKSV - XL
280230380022,8.88726E+12,ROUND NECK T-SHIRT - BLKSV - 2XL
280230380023,8.88726E+12,ROUND NECK T-SHIRT - BLKSV - 3XL
280230380024,8.88726E+12,ROUND NECK T-SHIRT - WHTBK - S
280230380025,8.88726E+12,ROUND NECK T-SHIRT - WHTBK - M
280230380026,8.88726E+12,ROUND NECK T-SHIRT - WHTBK - L
280230380027,8.88726E+12,ROUND NECK T-SHIRT - WHTBK - XL
280230380028,8.88726E+12,ROUND NECK T-SHIRT - WHTBK - 2XL
280230380029,8.88726E+12,ROUND NECK T-SHIRT - WHTBK - 3XL
280230380030,8.88726E+12,ROUND NECK T-SHIRT - WHTSV - S
280230380031,8.88726E+12,ROUND NECK T-SHIRT - WHTSV - M
280230380032,8.88726E+12,ROUND NECK T-SHIRT - WHTSV - L
280230380033,8.88726E+12,ROUND NECK T-SHIRT - WHTSV - XL
280230380034,8.88726E+12,ROUND NECK T-SHIRT - WHTSV - 3XL
280230380035,8.88726E+12,ROUND NECK T-SHIRT - WHTMT - S
280230380036,8.88726E+12,ROUND NECK T-SHIRT - WHTMT - M
280230380037,8.88726E+12,ROUND NECK T-SHIRT - WHTMT - L
280230380038,8.88726E+12,ROUND NECK T-SHIRT - WHTMT - XL
280230380039,8.88726E+12,ROUND NECK T-SHIRT - WHTMT - 3XL
280230380040,9.01171E+11,ROUND NECK T-SHIRT - WHTGD - 2XL
280230380041,9.01171E+11,ROUND NECK T-SHIRT - WHTSV - 2XL
280230380042,9.01171E+11,ROUND NECK T-SHIRT - WHTMT - 2XL
280230390000,9011725,ROUND NECK
280230390001,8.88726E+12,ROUND NECK - BLUOR - M
280230390002,8.88726E+12,ROUND NECK - BLUOR - L
280230390003,8.88726E+12,ROUND NECK - BLUWH - M
280230390004,8.88726E+12,ROUND NECK - BLUWH - L
280230400000,9055667,ROUND NECK T-SHIRT
280230400001,8.88726E+12,ROUND NECK T-SHIRT - BLKRD - L
280230400002,8.88726E+12,ROUND NECK T-SHIRT - GREY - L
280230400003,8.88726E+12,ROUND NECK T-SHIRT - BLKWH - L
280230400004,8.88726E+12,ROUND NECK T-SHIRT - BLKWH - S
280230400005,8.88726E+12,ROUND NECK T-SHIRT - BLKWH - XL
280230400006,8.88726E+12,ROUND NECK T-SHIRT - RED - M
280230400007,8.88726E+12,ROUND NECK T-SHIRT - RED - S
280230410000,9054606,ROUND NECK T-SHIRT
280230410001,8.88726E+12,ROUND NECK T-SHIRT - BLKRD - M
280230410002,8.88726E+12,ROUND NECK T-SHIRT - BLKWH - L
280230410003,8.88726E+12,ROUND NECK T-SHIRT - BLKRD - XL
280230410004,9.05461E+11,ROUND NECK T-SHIRT - BLKRD - L
280230410005,9.05461E+11,ROUND NECK T-SHIRT - BLKWH - M
280230410006,9.05461E+11,ROUND NECK T-SHIRT - BLKWH - XL
280230410007,8.88726E+12,ROUND NECK T-SHIRT - CHYTM - XS
280230410008,8.88726E+12,ROUND NECK T-SHIRT - METAL - M
280230410009,8.88726E+12,ROUND NECK T-SHIRT - RED - XL
280230410010,8.88726E+12,ROUND NECK T-SHIRT - RED - S
280230410011,,ROUND NECK T-SHIRT - RED - M
280230410012,8.88726E+12,ROUND NECK T-SHIRT - MTLRD - L
280230410013,8.88726E+12,ROUND NECK T-SHIRT - BLUE - XS
280230230000,9000139,YONEX MENS ROUND NECK
280230230001,9.00014E+11,YONEX MENS ROUND NECK - YELOW - XS
280230230002,9.00014E+11,YONEX MENS ROUND NECK - YELOW - XL
280230230003,9.00014E+11,YONEX MENS ROUND NECK - YELOW - S
280230230004,9.00014E+11,YONEX MENS ROUND NECK - YELOW - M
280230230005,9.00014E+11,YONEX MENS ROUND NECK - YELOW - L
280230230006,9.00014E+11,YONEX MENS ROUND NECK - YELOW - 2XL
280230230007,8.88726E+12,YONEX MENS ROUND NECK - DGNMT - 2XL
280230230008,8.88726E+12,YONEX MENS ROUND NECK - DGNMT - XL
280230230009,8.88726E+12,YONEX MENS ROUND NECK - DGNMT - L
280230230010,8.88726E+12,YONEX MENS ROUND NECK - DGNMT - M
280230230011,8.88726E+12,YONEX MENS ROUND NECK - DGNMT - S
280230230012,8.88726E+12,YONEX MENS ROUND NECK - DGNMT - XS
280230230013,8.88726E+12,YONEX MENS ROUND NECK - NVYLM - 2XL
280230230014,8.88726E+12,YONEX MENS ROUND NECK - NVYLM - XL
280230230015,8.88726E+12,YONEX MENS ROUND NECK - NVYLM - L
280230230016,8.88726E+12,YONEX MENS ROUND NECK - NVYLM - M
280230230017,8.88726E+12,YONEX MENS ROUND NECK - NVYLM - S
280230230018,8.88726E+12,YONEX MENS ROUND NECK - NVYLM - XS
280230230019,8.88726E+12,YONEX MENS ROUND NECK - NVYSV - 2XL
280230230020,8.88726E+12,YONEX MENS ROUND NECK - NVYSV - XL
280230230021,8.88726E+12,YONEX MENS ROUND NECK - NVYSV - L
280230230022,8.88726E+12,YONEX MENS ROUND NECK - NVYSV - M
280230230023,8.88726E+12,YONEX MENS ROUND NECK - NVYSV - S
280230230024,8.88726E+12,YONEX MENS ROUND NECK - NVYSV - XS
280230230025,8.88726E+12,YONEX MENS ROUND NECK - WHTBK - 2XL
280230230026,8.88726E+12,YONEX MENS ROUND NECK - WHTBK - XL
280230230027,8.88726E+12,YONEX MENS ROUND NECK - WHTBK - L
280230230028,8.88726E+12,YONEX MENS ROUND NECK - WHTBK - M
280230230029,8.88726E+12,YONEX MENS ROUND NECK - WHTBK - S
280230230030,8.88726E+12,YONEX MENS ROUND NECK - WHTBK - XS
280230230031,8.88726E+12,YONEX MENS ROUND NECK - WHTBL - 2XL
280230230032,8.88726E+12,YONEX MENS ROUND NECK - WHTBL - XL
280230230033,8.88726E+12,YONEX MENS ROUND NECK - WHTBL - L
280230230034,8.88726E+12,YONEX MENS ROUND NECK - WHTBL - M
280230230035,8.88726E+12,YONEX MENS ROUND NECK - WHTBL - S
280230230036,8.88726E+12,YONEX MENS ROUND NECK - WHTBL - XS
280230230037,8.88726E+12,YONEX MENS ROUND NECK - WHTMT - 2XL
280230230038,8.88726E+12,YONEX MENS ROUND NECK - WHTMT - XL
280230230039,8.88726E+12,YONEX MENS ROUND NECK - WHTMT - L
280230230040,8.88726E+12,YONEX MENS ROUND NECK - WHTMT - M
280230230041,8.88726E+12,YONEX MENS ROUND NECK - WHTMT - S
280230230042,8.88726E+12,YONEX MENS ROUND NECK - WHTMT - XS
280230230043,9.00014E+11,YONEX MENS ROUND NECK - SAND - XL
280230230044,9.00014E+11,YONEX MENS ROUND NECK - SAND - M
280230230045,9.00014E+11,YONEX MENS ROUND NECK - SAND - L
280230230046,9.00014E+11,YONEX MENS ROUND NECK - SAND - 2XL
280230230047,9.00014E+11,YONEX MENS ROUND NECK - NEON - S
280230230048,9.00014E+11,YONEX MENS ROUND NECK - NEON - L
280230230049,9.00014E+11,YONEX MENS ROUND NECK - NEON - 2XL
280230230050,9.00014E+11,YONEX MENS ROUND NECK - GRNBL - XS
280230230051,9.00014E+11,YONEX MENS ROUND NECK - N/A - XL
280230230052,9.00014E+11,YONEX MENS ROUND NECK - N/A - S
280230230053,9.00014E+11,YONEX MENS ROUND NECK - N/A - M
280230230054,9.00014E+11,YONEX MENS ROUND NECK - N/A - L
280230230055,9.00014E+11,YONEX MENS ROUND NECK - N/A - 2XL
280230230056,9.00014E+11,YONEX MENS ROUND NECK - WSAND - XS
280230230057,9.00014E+11,YONEX MENS ROUND NECK - WSAND - S
280230230058,9.00014E+11,YONEX MENS ROUND NECK - SILVR - S
280230230059,9.00014E+11,YONEX MENS ROUND NECK - SILVR - XS
280230230060,8.88726E+12,YONEX MENS ROUND NECK - WHTSV - 2XL
280230230061,8.88726E+12,YONEX MENS ROUND NECK - WHTSV - XL
280230230062,8.88726E+12,YONEX MENS ROUND NECK - WHTSV - L
280230230063,8.88726E+12,YONEX MENS ROUND NECK - WHTSV - M
280230230064,8.88726E+12,YONEX MENS ROUND NECK - WHTSV - S
280230230065,8.88726E+12,YONEX MENS ROUND NECK - WHTSV - XS
280230230066,8.88726E+12,YONEX MENS ROUND NECK - SAND - S
280230230067,8.88726E+12,YONEX MENS ROUND NECK - SAND - XS
280230230068,8.88726E+12,YONEX MENS ROUND NECK - BLUE - 2XL
280230230069,8.88726E+12,YONEX MENS ROUND NECK - BLUE - XL
280230230070,8.88726E+12,YONEX MENS ROUND NECK - BLUE - L
280230230071,8.88726E+12,YONEX MENS ROUND NECK - BLUE - M
280230230072,8.88726E+12,YONEX MENS ROUND NECK - BLUE - S
280230230073,8.88726E+12,YONEX MENS ROUND NECK - BLUE - XS
280230230074,8.88726E+12,YONEX MENS ROUND NECK - BLUE - 2XL
280230230075,8.88726E+12,YONEX MENS ROUND NECK - BLUE - XL
280230230076,8.88726E+12,YONEX MENS ROUND NECK - BLUE - L
280230230077,8.88726E+12,YONEX MENS ROUND NECK - BLUE - M
280230230078,8.88726E+12,YONEX MENS ROUND NECK - BLUE - S
280230230079,8.88726E+12,YONEX MENS ROUND NECK - BLUE - XS
280230230080,8.88726E+12,YONEX MENS ROUND NECK - NEON - XL
280230230081,8.88726E+12,YONEX MENS ROUND NECK - NEON - M
280230230082,8.88726E+12,YONEX MENS ROUND NECK - NEON - XS
280230230083,8.88726E+12,YONEX MENS ROUND NECK - GREEN - 2XL
280230230084,8.88726E+12,YONEX MENS ROUND NECK - GREEN - XL
280230230085,8.88726E+12,YONEX MENS ROUND NECK - GREEN - L
280230230086,8.88726E+12,YONEX MENS ROUND NECK - GREEN - M
280230230087,8.88726E+12,YONEX MENS ROUND NECK - GREEN - S
280230230088,8.88726E+12,YONEX MENS ROUND NECK - GREEN - XS
280230230089,8.88726E+12,YONEX MENS ROUND NECK - BLUWH - 2XL
280230230090,8.88726E+12,YONEX MENS ROUND NECK - BLUWH - XL
280230230091,8.88726E+12,YONEX MENS ROUND NECK - BLUWH - L
280230230092,8.88726E+12,YONEX MENS ROUND NECK - BLUWH - M
280230230093,8.88726E+12,YONEX MENS ROUND NECK - BLUWH - XS
280230230094,8.88726E+12,YONEX MENS ROUND NECK - BLKSV - 2XL
280230230095,8.88726E+12,YONEX MENS ROUND NECK - BLKSV - XL
280230230096,8.88726E+12,YONEX MENS ROUND NECK - BLKSV - L
280230230097,8.88726E+12,YONEX MENS ROUND NECK - BLKSV - M
280230230098,8.88726E+12,YONEX MENS ROUND NECK - BLKSV - S
280230230099,8.88726E+12,YONEX MENS ROUND NECK - BLKSV - XS
280230230100,8.88726E+12,YONEX MENS ROUND NECK - BLKGD - 2XL
280230230101,8.88726E+12,YONEX MENS ROUND NECK - BLKGD - XL
280230230102,8.88726E+12,YONEX MENS ROUND NECK - BLKGD - L
280230230103,8.88726E+12,YONEX MENS ROUND NECK - BLKGD - M
280230230104,8.88726E+12,YONEX MENS ROUND NECK - BLKGD - S
280230230105,8.88726E+12,YONEX MENS ROUND NECK - BLKGD - XS
280230230106,8.88726E+12,YONEX MENS ROUND NECK - NVYRD - 2XL
280230230107,8.88726E+12,YONEX MENS ROUND NECK - NVYRD - XL
280230230108,8.88726E+12,YONEX MENS ROUND NECK - NVYRD - L
280230230109,8.88726E+12,YONEX MENS ROUND NECK - NVYRD - M
280230230110,8.88726E+12,YONEX MENS ROUND NECK - NVYRD - S
280230230111,8.88726E+12,YONEX MENS ROUND NECK - NVYRD - XS
280230230112,8.88726E+12,YONEX MENS ROUND NECK - REDOR - 2XL
280230230113,8.88726E+12,YONEX MENS ROUND NECK - REDOR - XL
280230230114,8.88726E+12,YONEX MENS ROUND NECK - REDOR - L
280230230115,8.88726E+12,YONEX MENS ROUND NECK - REDOR - M
280230230116,8.88726E+12,YONEX MENS ROUND NECK - REDOR - S
280230230117,8.88726E+12,YONEX MENS ROUND NECK - REDOR - XS
280230230118,8.88726E+12,YONEX MENS ROUND NECK - LIME - XL
280230230119,8.88726E+12,YONEX MENS ROUND NECK - LIME - L
280230230120,8.88726E+12,YONEX MENS ROUND NECK - LIME - M
280230230121,8.88726E+12,YONEX MENS ROUND NECK - LIME - S
280230230122,8.88726E+12,YONEX MENS ROUND NECK - LIME - XS
280230230123,8.88726E+12,YONEX MENS ROUND NECK - REDSV - 2XL
280230230124,8.88726E+12,YONEX MENS ROUND NECK - REDSV - XL
280230230125,8.88726E+12,YONEX MENS ROUND NECK - REDSV - L
280230230126,8.88726E+12,YONEX MENS ROUND NECK - REDSV - M
280230230127,8.88726E+12,YONEX MENS ROUND NECK - REDSV - S
280230230128,8.88726E+12,YONEX MENS ROUND NECK - REDSV - XS
280230230129,8.88726E+12,YONEX MENS ROUND NECK - BLUWH - S
280230230130,8.88726E+12,YONEX MENS ROUND NECK - BLUWH - 2XL
280230230131,8.88726E+12,YONEX MENS ROUND NECK - BLUWH - XL
280230230132,8.88726E+12,YONEX MENS ROUND NECK - BLUWH - L
280230230133,8.88726E+12,YONEX MENS ROUND NECK - BLUWH - M
280230230134,8.88726E+12,YONEX MENS ROUND NECK - BLUWH - S
280230230135,8.88726E+12,YONEX MENS ROUND NECK - BLUWH - XS
280230230136,8.88726E+12,YONEX MENS ROUND NECK - BLUWH - 2XL
280230230137,8.88726E+12,YONEX MENS ROUND NECK - BLUWH - XL
280230230138,8.88726E+12,YONEX MENS ROUND NECK - BLUWH - L
280230230139,8.88726E+12,YONEX MENS ROUND NECK - BLUWH - M
280230230140,8.88726E+12,YONEX MENS ROUND NECK - BLUWH - S
280230230141,8.88726E+12,YONEX MENS ROUND NECK - BLUWH - XS
280230230142,8.88726E+12,YONEX MENS ROUND NECK - BLUTM - 2XL
280230230143,8.88726E+12,YONEX MENS ROUND NECK - BLUTM - XL
280230230144,8.88726E+12,YONEX MENS ROUND NECK - BLUTM - L
280230230145,8.88726E+12,YONEX MENS ROUND NECK - BLUTM - M
280230230146,8.88726E+12,YONEX MENS ROUND NECK - BLUTM - S
280230230147,8.88726E+12,YONEX MENS ROUND NECK - BLUTM - XS
280230230148,8.88726E+12,YONEX MENS ROUND NECK - BLKWH - 2XL
280230230149,8.88726E+12,YONEX MENS ROUND NECK - BLKWH - XL
280230230150,8.88726E+12,YONEX MENS ROUND NECK - BLKWH - L
280230230151,8.88726E+12,YONEX MENS ROUND NECK - BLKWH - M
280230230152,8.88726E+12,YONEX MENS ROUND NECK - BLKWH - S
280230230153,8.88726E+12,YONEX MENS ROUND NECK - BLKWH - XS
280230230154,8.88726E+12,YONEX MENS ROUND NECK - REDOR - 2XL
280230230155,8.88726E+12,YONEX MENS ROUND NECK - REDOR - XL
280230230156,8.88726E+12,YONEX MENS ROUND NECK - REDOR - L
280230230157,8.88726E+12,YONEX MENS ROUND NECK - REDOR - M
280230230158,8.88726E+12,YONEX MENS ROUND NECK - REDOR - S
280230230159,8.88726E+12,YONEX MENS ROUND NECK - REDOR - XS
280230230160,8.88726E+12,YONEX MENS ROUND NECK - BLKTM - 2XL
280230230161,8.88726E+12,YONEX MENS ROUND NECK - BLKTM - XL
280230230162,8.88726E+12,YONEX MENS ROUND NECK - BLKTM - L
280230230163,8.88726E+12,YONEX MENS ROUND NECK - BLKTM - M
280230230164,8.88726E+12,YONEX MENS ROUND NECK - BLKTM - S
280230230165,8.88726E+12,YONEX MENS ROUND NECK - BLKTM - XS
280230230166,8.88726E+12,YONEX MENS ROUND NECK - NAVY - 2XL
280230230167,8.88726E+12,YONEX MENS ROUND NECK - NAVY - XL
280230230168,8.88726E+12,YONEX MENS ROUND NECK - NAVY - L
280230230169,8.88726E+12,YONEX MENS ROUND NECK - NAVY - M
280230230170,8.88726E+12,YONEX MENS ROUND NECK - NAVY - S
280230230171,8.88726E+12,YONEX MENS ROUND NECK - NAVY - XS
280230230172,8.88726E+12,YONEX MENS ROUND NECK - REDLM - 2XL
280230230173,8.88726E+12,YONEX MENS ROUND NECK - REDLM - XL
280230230174,8.88726E+12,YONEX MENS ROUND NECK - REDLM - L
280230230175,8.88726E+12,YONEX MENS ROUND NECK - REDLM - M
280230230176,8.88726E+12,YONEX MENS ROUND NECK - REDLM - S
280230230177,8.88726E+12,YONEX MENS ROUND NECK - REDLM - XS
280230230178,8.88726E+12,YONEX MENS ROUND NECK - BLKGR - 2XL
280230230179,8.88726E+12,YONEX MENS ROUND NECK - BLKGR - XL
280230230180,8.88726E+12,YONEX MENS ROUND NECK - BLKGR - L
280230230181,8.88726E+12,YONEX MENS ROUND NECK - BLKGR - M
280230230182,8.88726E+12,YONEX MENS ROUND NECK - BLKGR - S
280230230183,8.88726E+12,YONEX MENS ROUND NECK - BLKGR - XS
280230230184,8.88726E+12,YONEX MENS ROUND NECK - RED - 2XL
280230230185,8.88726E+12,YONEX MENS ROUND NECK - RED - XL
280230230186,8.88726E+12,YONEX MENS ROUND NECK - RED - L
280230230187,8.88726E+12,YONEX MENS ROUND NECK - RED - M
280230230188,8.88726E+12,YONEX MENS ROUND NECK - RED - S
280230230189,8.88726E+12,YONEX MENS ROUND NECK - RED - XS
280230230190,8.88726E+12,YONEX MENS ROUND NECK - GRNBL - 2XL
280230230191,8.88726E+12,YONEX MENS ROUND NECK - GRNBL - XL
280230230192,8.88726E+12,YONEX MENS ROUND NECK - GRNBL - L
280230230193,8.88726E+12,YONEX MENS ROUND NECK - GRNBL - M
280230230194,8.88726E+12,YONEX MENS ROUND NECK - GRNBL - S
280230230195,8.88726E+12,YONEX MENS ROUND NECK - N/A - XS
280230230196,8.88726E+12,YONEX MENS ROUND NECK - GRYSV - 2XL
280230230197,8.88726E+12,YONEX MENS ROUND NECK - GRYSV - XL
280230230198,8.88726E+12,YONEX MENS ROUND NECK - GRYSV - L
280230230199,8.88726E+12,YONEX MENS ROUND NECK - GRYSV - M
280230230200,8.88726E+12,YONEX MENS ROUND NECK - GRYSV - S
280230230201,8.88726E+12,YONEX MENS ROUND NECK - GRYSV - XS
280230230202,8.88726E+12,YONEX MENS ROUND NECK - GREEN - 2XL
280230230203,8.88726E+12,YONEX MENS ROUND NECK - GREEN - XL
280230230204,8.88726E+12,YONEX MENS ROUND NECK - GREEN - L
280230230205,8.88726E+12,YONEX MENS ROUND NECK - GREEN - M
280230230206,8.88726E+12,YONEX MENS ROUND NECK - GREEN - S
280230230207,8.88726E+12,YONEX MENS ROUND NECK - GREEN - XS
280230230208,8.88726E+12,YONEX MENS ROUND NECK - REDWH - 2XL
280230230209,8.88726E+12,YONEX MENS ROUND NECK - REDWH - XL
280230230210,8.88726E+12,YONEX MENS ROUND NECK - REDWH - L
280230230211,8.88726E+12,YONEX MENS ROUND NECK - REDWH - M
280230230212,8.88726E+12,YONEX MENS ROUND NECK - REDWH - S
280230230213,8.88726E+12,YONEX MENS ROUND NECK - REDWH - XS
280230230214,8.88726E+12,YONEX MENS ROUND NECK - BLUSV - 2XL
280230230215,8.88726E+12,YONEX MENS ROUND NECK - BLUSV - XL
280230230216,8.88726E+12,YONEX MENS ROUND NECK - BLUSV - L
280230230217,8.88726E+12,YONEX MENS ROUND NECK - BLUSV - M
280230230218,8.88726E+12,YONEX MENS ROUND NECK - BLUSV - S
280230230219,8.88726E+12,YONEX MENS ROUND NECK - BLUSV - XS
280230230220,8.88726E+12,YONEX MENS ROUND NECK - REDNY - 2XL
280230230221,8.88726E+12,YONEX MENS ROUND NECK - REDNY - XL
280230230222,8.88726E+12,YONEX MENS ROUND NECK - REDNY - L
280230230223,8.88726E+12,YONEX MENS ROUND NECK - REDNY - M
280230230224,8.88726E+12,YONEX MENS ROUND NECK - REDNY - S
280230230225,8.88726E+12,YONEX MENS ROUND NECK - REDNY - XS
280230230226,8.88726E+12,YONEX MENS ROUND NECK - REDNY - 2XL
280230230227,8.88726E+12,YONEX MENS ROUND NECK - REDNY - XL
280230230228,8.88726E+12,YONEX MENS ROUND NECK - REDNY - L
280230230229,8.88726E+12,YONEX MENS ROUND NECK - REDNY - M
280230230230,8.88726E+12,YONEX MENS ROUND NECK - REDNY - S
280230230231,8.88726E+12,YONEX MENS ROUND NECK - REDNY - XS
280230230232,8.88726E+12,YONEX MENS ROUND NECK - BLUWH - 2XL
280230230233,8.88726E+12,YONEX MENS ROUND NECK - BLUWH - XL
280230230234,8.88726E+12,YONEX MENS ROUND NECK - BLUWH - L
280230230235,8.88726E+12,YONEX MENS ROUND NECK - BLUWH - M
280230230236,8.88726E+12,YONEX MENS ROUND NECK - BLUWH - S
280230230237,8.88726E+12,YONEX MENS ROUND NECK - BLUWH - XS
280230230238,8.88726E+12,YONEX MENS ROUND NECK - BLULM - 2XL
280230230239,8.88726E+12,YONEX MENS ROUND NECK - BLULM - XL
280230230240,8.88726E+12,YONEX MENS ROUND NECK - BLULM - L
280230230241,8.88726E+12,YONEX MENS ROUND NECK - BLULM - M
280230230242,8.88726E+12,YONEX MENS ROUND NECK - BLULM - S
280230230243,8.88726E+12,YONEX MENS ROUND NECK - BLULM - XS
280230230244,8.88726E+12,YONEX MENS ROUND NECK - BURGU - 2XL
280230230245,8.88726E+12,YONEX MENS ROUND NECK - BURGU - XL
280230230246,8.88726E+12,YONEX MENS ROUND NECK - BURGU - L
280230230247,8.88726E+12,YONEX MENS ROUND NECK - BURGU - M
280230230248,8.88726E+12,YONEX MENS ROUND NECK - BURGU - S
280230230249,8.88726E+12,YONEX MENS ROUND NECK - BURGU - XS
280230230250,8.88726E+12,YONEX MENS ROUND NECK - BLACK - 2XL
280230230251,8.88726E+12,YONEX MENS ROUND NECK - BLACK - XL
280230230252,8.88726E+12,YONEX MENS ROUND NECK - BLACK - L
280230230253,8.88726E+12,YONEX MENS ROUND NECK - BLACK - M
280230230254,8.88726E+12,YONEX MENS ROUND NECK - BLACK - S
280230230255,8.88726E+12,YONEX MENS ROUND NECK - BLACK - XS
280230230256,9.00014E+11,YONEX MENS ROUND NECK - LIME - XL
280230230257,9.00014E+11,YONEX MENS ROUND NECK - LIME - M
280230230258,9.00014E+11,YONEX MENS ROUND NECK - LIME - L
280230230259,8.88726E+12,YONEX MENS ROUND NECK - LIME - 2XL
280230230260,8.88726E+12,YONEX MENS ROUND NECK - WSAND - L
280230230261,8.88726E+12,YONEX MENS ROUND NECK - WSAND - M
280230230262,8.88726E+12,YONEX MENS ROUND NECK - WSAND - XL
280230230263,8.88726E+12,YONEX MENS ROUND NECK - WSAND - 2XL
280230230264,9.00014E+11,YONEX MENS ROUND NECK - SILVR - M
280230230265,8.88726E+12,YONEX MENS ROUND NECK - BLUE - L
280230230266,8.88726E+12,YONEX MENS ROUND NECK - BLUE - 2XL
280230230267,9.00014E+11,YONEX MENS ROUND NECK - SILVR - XL
280230230268,9.00014E+11,YONEX MENS ROUND NECK - BLUE - XL
280230230269,8.88726E+12,YONEX MENS ROUND NECK - BLUE - XL
280230230270,8.88726E+12,YONEX MENS ROUND NECK - BLUE - L
280230230271,8.88726E+12,YONEX MENS ROUND NECK - BLUE - XS
280230230272,8.88726E+12,YONEX MENS ROUND NECK - BLUE - 2XL
280230230273,8.88726E+12,YONEX MENS ROUND NECK - BLUE - XS
280230230274,8.88726E+12,YONEX MENS ROUND NECK - BLUE - XL
280230230275,8.88726E+12,YONEX MENS ROUND NECK - BLUE - S
280230230276,8.88726E+12,YONEX MENS ROUND NECK - BLUE - S
280230230277,8.88726E+12,YONEX MENS ROUND NECK - BLUE - M
280230230278,8.88726E+12,YONEX MENS ROUND NECK - BLUE - M
280230230279,8.88726E+12,YONEX MENS ROUND NECK - SILVR - 2XL
280230230280,8.88726E+12,YONEX MENS ROUND NECK - SILVR - L
280230230281,8.88726E+12,YONEX MENS ROUND NECK - BLUE - S
280230420000,9056155,ROUND NECK T-SHIRT
280230420001,8.88726E+12,ROUND NECK T-SHIRT - DRKBL - S
280230420002,8.88726E+12,ROUND NECK T-SHIRT - DRKBL - XS
280230420003,8.88726E+12,ROUND NECK T-SHIRT - DRKBL - M
280230420004,9.05616E+11,ROUND NECK T-SHIRT - DRKBL - 2XL
280230420005,9.05616E+11,ROUND NECK T-SHIRT - DRKBL - L
280230420006,9.05616E+11,ROUND NECK T-SHIRT - DRKBL - XL
280230420007,8.88726E+12,ROUND NECK T-SHIRT - RED - XS
280230420008,8.88726E+12,ROUND NECK T-SHIRT - RED - S
280230420009,8.88726E+12,ROUND NECK T-SHIRT - RED - M
280230420010,8.88726E+12,ROUND NECK T-SHIRT - RED - L
280230420011,8.88726E+12,ROUND NECK T-SHIRT - RED - XL
280230420012,8.88726E+12,ROUND NECK T-SHIRT - RED - 2XL
280230420013,8.88726E+12,ROUND NECK T-SHIRT - TURQU - XS
280230420014,8.88726E+12,ROUND NECK T-SHIRT - TURQU - S
280230420015,8.88726E+12,ROUND NECK T-SHIRT - TURQU - M
280230420016,8.88726E+12,ROUND NECK T-SHIRT - TURQU - L
280230420017,8.88726E+12,ROUND NECK T-SHIRT - TURQU - XL
280230420018,8.88726E+12,ROUND NECK T-SHIRT - TURQU - 2XL
280230420019,8.88726E+12,ROUND NECK T-SHIRT - ORNG - XS
280230420020,8.88726E+12,ROUND NECK T-SHIRT - ORNG - S
280230420021,8.88726E+12,ROUND NECK T-SHIRT - ORNG - M
280230420022,8.88726E+12,ROUND NECK T-SHIRT - ORNG - L
280230420023,8.88726E+12,ROUND NECK T-SHIRT - ORNG - XL
280230420024,8.88726E+12,ROUND NECK T-SHIRT - ORNG - 2XL
280230420025,8.88726E+12,ROUND NECK T-SHIRT - YELOW - XS
280230420026,8.88726E+12,ROUND NECK T-SHIRT - YELOW - S
280230420027,8.88726E+12,ROUND NECK T-SHIRT - YELOW - M
280230420028,8.88726E+12,ROUND NECK T-SHIRT - YELOW - L
280230420029,8.88726E+12,ROUND NECK T-SHIRT - YELOW - XL
280230420030,8.88726E+12,ROUND NECK T-SHIRT - YELOW - 2XL
280230420031,8.88726E+12,ROUND NECK T-SHIRT - REDBK - XS
280230420032,8.88726E+12,ROUND NECK T-SHIRT - REDBK - S
280230420033,8.88726E+12,ROUND NECK T-SHIRT - REDBK - M
280230420034,8.88726E+12,ROUND NECK T-SHIRT - REDBK - L
280230420035,8.88726E+12,ROUND NECK T-SHIRT - REDBK - XL
280230420036,8.88726E+12,ROUND NECK T-SHIRT - REDBK - 2XL
280230420037,8.88726E+12,ROUND NECK T-SHIRT - BLUE - XS
280230420038,8.88726E+12,ROUND NECK T-SHIRT - BLUE - S
280230420039,8.88726E+12,ROUND NECK T-SHIRT - BLUE - M
280230420040,8.88726E+12,ROUND NECK T-SHIRT - BLUE - L
280230420041,8.88726E+12,ROUND NECK T-SHIRT - BLUE - XL
280230420042,8.88726E+12,ROUND NECK T-SHIRT - BLUE - 2XL
280230440000,9011691,SHIRT
280230440001,7851781690XS,SHIRT - N/A - XS
280230440002,78517816900S,SHIRT - N/A - S
280230440003,78517816900M,SHIRT - N/A - M
280230440004,78517816900L,SHIRT - N/A - L
280230440005,7851781690XL,SHIRT - N/A - XL
280230440006,7851781692XL,SHIRT - N/A - 2XL
280230440007,7851781693XL,SHIRT - N/A - 3XL
280230440008,7851781700XS,SHIRT - BLACK - XS
280230440009,78517817000S,SHIRT - BLACK - S
280230440010,78517817000M,SHIRT - BLACK - M
280230440011,78517817000L,SHIRT - BLACK - L
280230440012,7851781700XL,SHIRT - BLACK - XL
280230440013,7851781702XL,SHIRT - BLACK - 2XL
280230440014,7851781703XL,SHIRT - BLACK - 3XL
280230440015,7851781710XS,SHIRT - BLUE - XS
280230440016,78517817100S,SHIRT - BLUE - S
280230440017,78517817100M,SHIRT - BLUE - M
280230440018,78517817100L,SHIRT - BLUE - L
280230440019,7851781710XL,SHIRT - BLUE - XL
280230440020,7851781712XL,SHIRT - BLUE - 2XL
280230440021,7851781713XL,SHIRT - BLUE - 3XL
280230440022,7851781720XS,SHIRT - BLACK - XS
280230440023,78517817200S,SHIRT - BLACK - S
280230440024,78517817200M,SHIRT - BLACK - M
280230440025,78517817200L,SHIRT - BLACK - L
280230440026,7851781720XL,SHIRT - BLACK - XL
280230440027,7851781722XL,SHIRT - BLACK - 2XL
280230440028,7851781723XL,SHIRT - BLACK - 3XL
280230440029,7851781730XS,SHIRT - BLKWH - XS
280230440030,78517817300S,SHIRT - BLKWH - S
280230440031,78517817300M,SHIRT - BLKWH - M
280230440032,78517817300L,SHIRT - BLKWH - L
280230440033,7851781730XL,SHIRT - BLKWH - XL
280230440034,7851781732XL,SHIRT - BLKWH - 2XL
280230440035,7851781733XL,SHIRT - BLKWH - 3XL
280230440036,7851781740XS,SHIRT - BLUE - XS
280230440037,78517817400S,SHIRT - BLUE - S
280230440038,78517817400M,SHIRT - BLUE - M
280230440039,78517817400L,SHIRT - BLUE - L
280230440040,7851781740XL,SHIRT - BLUE - XL
280230440041,7851781742XL,SHIRT - BLUE - 2XL
280230440042,7851781743XL,SHIRT - BLUE - 3XL
280230440043,7851781750XS,SHIRT - GREY - XS
280230440044,78517817500S,SHIRT - GREY - S
280230440045,78517817500M,SHIRT - GREY - M
280230440046,78517817500L,SHIRT - GREY - L
280230440047,7851781750XL,SHIRT - GREY - XL
280230440048,7851781752XL,SHIRT - GREY - 2XL
280230440049,7851781753XL,SHIRT - GREY - 3XL
280230440050,7851781760XS,SHIRT - GRYRD - XS
280230440051,78517817600S,SHIRT - GRYRD - S
280230440052,78517817600M,SHIRT - GRYRD - M
280230440053,78517817600L,SHIRT - GRYRD - L
280230440054,7851781760XL,SHIRT - GRYRD - XL
280230440055,7851781762XL,SHIRT - GRYRD - 2XL
280230440056,7851781763XL,SHIRT - GRYRD - 3XL
280230450000,9011690,SHIRT
280230450001,7851781610XS,SHIRT - N/A - XS
280230450002,78517816100S,SHIRT - N/A - S
280230450003,78517816100M,SHIRT - N/A - M
280230450004,78517816100L,SHIRT - N/A - L
280230450005,7851781610XL,SHIRT - N/A - XL
280230450006,7851781612XL,SHIRT - N/A - 2XL
280230450007,7851781613XL,SHIRT - N/A - 3XL
280230450008,7851781620XS,SHIRT - BLACK - XS
280230450009,78517816200S,SHIRT - BLACK - S
280230450010,78517816200M,SHIRT - BLACK - M
280230450011,78517816200L,SHIRT - BLACK - L
280230450012,7851781620XL,SHIRT - BLACK - XL
280230450013,7851781622XL,SHIRT - BLACK - 2XL
280230450014,7851781623XL,SHIRT - BLACK - 3XL
280230450015,7851781630XS,SHIRT - BLUE - XS
280230450016,78517816300S,SHIRT - BLUE - S
280230450017,78517816300M,SHIRT - BLUE - M
280230450018,78517816300L,SHIRT - BLUE - L
280230450019,7851781630XL,SHIRT - BLUE - XL
280230450020,7851781632XL,SHIRT - BLUE - 2XL
280230450021,7851781633XL,SHIRT - BLUE - 3XL
280230450022,7851781640XS,SHIRT - BLACK - XS
280230450023,78517816400S,SHIRT - BLACK - S
280230450024,78517816400M,SHIRT - BLACK - M
280230450025,78517816400L,SHIRT - BLACK - L
280230450026,7851781640XL,SHIRT - BLACK - XL
280230450027,8.88726E+12,SHIRT - BLACK - 2XL
280230450028,7851781643XL,SHIRT - BLACK - 3XL
280230450029,7851781650XS,SHIRT - BLKWH - XS
280230450030,78517816500M,SHIRT - BLKWH - M
280230450031,78517816500L,SHIRT - BLKWH - L
280230450032,7851781650XL,SHIRT - BLKWH - XL
280230450033,7851781652XL,SHIRT - BLKWH - 2XL
280230450034,7851781653XL,SHIRT - BLKWH - 3XL
280230450035,7851781660XS,SHIRT - BLUE - XS
280230450036,78517816600S,SHIRT - BLUE - S
280230450037,78517816600M,SHIRT - BLUE - M
280230450038,78517816600L,SHIRT - BLUE - L
280230450039,7851781660XL,SHIRT - BLUE - XL
280230450040,7851781662XL,SHIRT - BLUE - 2XL
280230450041,7851781663XL,SHIRT - BLUE - 3XL
280230450042,7851781670XS,SHIRT - GREY - XS
280230450043,78517816700S,SHIRT - GREY - S
280230450044,78517816700M,SHIRT - GREY - M
280230450045,78517816700L,SHIRT - GREY - L
280230450046,7851781670XL,SHIRT - GREY - XL
280230450047,7851781672XL,SHIRT - GREY - 2XL
280230450048,7851781673XL,SHIRT - GREY - 3XL
280230450049,7851781680XS,SHIRT - GRYRD - XS
280230450050,78517816800S,SHIRT - GRYRD - S
280230450051,78517816800M,SHIRT - GRYRD - M
280230450052,78517816800L,SHIRT - GRYRD - L
280230450053,7851781680XL,SHIRT - GRYRD - XL
280230450054,7851781682XL,SHIRT - GRYRD - 2XL
280230450055,7851781683XL,SHIRT - GRYRD - 3XL
280230450056,785178165002XL,SHIRT - BLKWH - 2XL
280230450057,78517816500XL,SHIRT - BLKWH - XL
280230450058,78517816400XL,SHIRT - BLACK - XL
280230450059,785178164002XL,SHIRT - BLACK - 2XL
280230450060,785178164003XL,SHIRT - BLACK - 3XL
280230450061,8.88726E+12,SHIRT - BLKWH - M
280230450062,8.88726E+12,SHIRT - BLKWH - 3XL
280230450063,8.88726E+12,SHIRT - BLKWH - S
280230450064,8.88726E+12,SHIRT - BLACK - L
280230450065,78617816400M,SHIRT - BLKRD - M
280230550000,9070973,YONEX EASY TEE
280230550001,8.8879E+12,YONEX EASY TEE - BLKWH - J140
280230550002,8.8879E+12,YONEXEASY TEE - BLKWH - J150
280230550003,8.8879E+12,YONEXEASY TEE - BLKGD - J150
280230550004,8.8879E+12,YONEXEASY TEE - BLKGD - J140
280230550005,8.8879E+12,YONEXEASY TEE - BLKGD - J160
280230550006,8.8879E+12,YONEXEASY TEE - WHTBK - J140
280230550007,8.8879E+12,YONEXEASY TEE - WHTBK - J150
280230550008,8.8879E+12,YONEXEASY TEE - WHTBK - J160
280230550009,8.8879E+12,YONEXEASY TEE - BLKWH - J160
280230550010,8.8879E+12,YONEXEASY TEE - GRYSV - J150
280230550011,8.8879E+12,YONEXEASY TEE - GRYSV - J160
280230550012,8.8879E+12,YONEXEASY TEE - REDWH - J160
280230550013,8.8879E+12,YONEXEASY TEE - WHTSV - J140
280230550014,8.8879E+12,YONEXEASY TEE - WHTSV - J150
280230550015,8.8879E+12,YONEXEASY TEE - WHTSV - J160
280230550016,8.8879E+12,YONEXEASY TEE - WHTGD - J160
280230550017,8.8879E+12,YONEXEASY TEE - WHTGD - J150
280230550018,8.8879E+12,YONEXEASY TEE - WHTGD - J140
280230550019,8.8879E+12,YONEXEASY TEE - REDWH - J160
280230550020,8.8879E+12,YONEXEASY TEE - REDWH - J150
280230550021,8.8879E+12,YONEXEASY TEE - REDWH - J140
280230550022,8.8879E+12,YONEXEASY TEE - PURBK - J160
280230550023,8.8879E+12,YONEXEASY TEE - PURBK - J150
280230550024,8.8879E+12,YONEXEASY TEE - PURBK - J140
280230550025,8.8879E+12,YONEXEASY TEE - BLURD - J160
280230550026,8.8879E+12,YONEXEASY TEE - BLURD - J150
280230550027,8.8879E+12,YONEXEASY TEE - BLURD - J140
280230550028,8.8879E+12,YONEXEASY TEE - BLKRD - J160
280230550029,8.8879E+12,YONEXEASY TEE - BLKRD - J150
280230550030,8.8879E+12,YONEXEASY TEE - BLKRD - J140
280230550031,8.8879E+12,YONEXEASY TEE - NVYOR - J160
280230550032,8.8879E+12,YONEXEASY TEE - NVYOR - J150
280230550033,8.8879E+12,YONEXEASY TEE - NVYOR - J140
280230550034,8.8879E+12,YONEXEASY TEE - BLKSV - J140
280230550035,8.8879E+12,YONEXEASY TEE - BLKSV - J150
280230550036,8.8879E+12,YONEXEASY TEE - BLKSV - J160
280230550037,8.8879E+12,YONEXEASY TEE - BLNSV - J140
280230550038,8.8879E+12,YONEXEASY TEE - BLNSV - J150
280230550039,8.8879E+12,YONEXEASY TEE - BLNSV - J160
280230550040,8.8879E+12,YONEXEASY TEE - REDBK - J140
280230550041,8.8879E+12,YONEXEASY TEE - REDBK - J150
280230550042,8.8879E+12,YONEXEASY TEE - REDBK - J160
280230560000,9070974,YONEX EASY TEE
280230560001,8.8879E+12,YONEX EASY TEE - WHTGD - J160
280230560002,8.8879E+12,YONEX EASY TEE - WHTGD - J150
280230560003,8.8879E+12,YONEX EASY TEE - PURBK - J160
280230560004,8.8879E+12,YONEX EASY TEE - PURBK - J150
280230560005,8.8879E+12,YONEX EASY TEE - NVYOR - J160
280230560006,8.8879E+12,YONEX EASY TEE - NVYOR - J150
280230560007,8.8879E+12,YONEX EASY TEE - BLKGD - J160
280230560008,8.8879E+12,YONEX EASY TEE - BLKGD - J150
280230560009,8.8879E+12,YONEX EASY TEE - REDWH - J160
280230560010,8.8879E+12,YONEX EASY TEE - BLKSV - J160
280230560011,8.8879E+12,YONEX EASY TEE - REDWH - J160
280230560012,8.8879E+12,YONEX EASY TEE - BLKWH - J150
280230560013,8.8879E+12,YONEX EASY TEE - BLKWH - J160
280230560014,8.8879E+12,YONEX EASY TEE - WHTBK - J150
280230560015,8.8879E+12,YONEX EASY TEE - WHTBK - J160
280230560016,8.8879E+12,YONEX EASY TEE - BLKRD - J150
280230560017,8.8879E+12,YONEX EASY TEE - BLKRD - J160
280230560018,8.8879E+12,YONEX EASY TEE - BLKSV - J150
280230560019,9.07097E+11,YONEX EASY TEE - REDWH - J150
280230560020,9.07097E+11,YONEX EASY TEE - REDWH - J160
280230560021,8.8879E+12,YONEX EASY TEE - BLNSV - J150
280230560022,8.8879E+12,YONEX EASY TEE - BLNSV - J160
280230720000,9070975,YONEX EASY TEE
280230720001,8.8879E+12,YONEX EASY TEE - WHTGD - XL
280230720002,8.8879E+12,YONEX EASY TEE - WHTGD - S
280230720003,8.8879E+12,YONEX EASY TEE - WHTGD - M
280230720004,8.8879E+12,YONEX EASY TEE - WHTGD - L
280230720005,8.8879E+12,YONEX EASY TEE - WHTGD - 3XL
280230720006,8.8879E+12,YONEX EASY TEE - WHTGD - 2XL
280230720007,8.8879E+12,YONEX EASY TEE - REDWH - XL
280230720008,8.8879E+12,YONEX EASY TEE - REDWH - S
280230720009,8.8879E+12,YONEX EASY TEE - REDWH - M
280230720010,8.8879E+12,YONEX EASY TEE - REDWH - L
280230720011,8.8879E+12,YONEX EASY TEE - PURBK - XL
280230720012,8.8879E+12,YONEX EASY TEE - PURBK - S
280230720013,8.8879E+12,YONEX EASY TEE - PURBK - M
280230720014,8.8879E+12,YONEX EASY TEE - PURBK - L
280230720015,8.8879E+12,YONEX EASY TEE - OLVYL - XL
280230720016,8.8879E+12,YONEX EASY TEE - OLVYL - S
280230720017,8.8879E+12,YONEX EASY TEE - OLVYL - M
280230720018,8.8879E+12,YONEX EASY TEE - OLVYL - L
280230720019,8.8879E+12,YONEX EASY TEE - OLVYL - 3XL
280230720020,8.8879E+12,YONEX EASY TEE - OLVYL - 2XL
280230720021,8.8879E+12,YONEX EASY TEE - NVYOR - XL
280230720022,8.8879E+12,YONEX EASY TEE - NVYOR - S
280230720023,8.8879E+12,YONEX EASY TEE - NVYOR - M
280230720024,8.8879E+12,YONEX EASY TEE - NVYOR - L
280230720025,8.8879E+12,YONEX EASY TEE - NVYOR - 3XL
280230720026,8.8879E+12,YONEX EASY TEE - NVYOR - 2XL
280230720027,8.8879E+12,YONEX EASY TEE - GRYWH - XL
280230720028,8.8879E+12,YONEX EASY TEE - GRYWH - S
280230720029,8.8879E+12,YONEX EASY TEE - GRYWH - M
280230720030,8.8879E+12,YONEX EASY TEE - GRYWH - L
280230720031,8.8879E+12,YONEX EASY TEE - GRYWH - 3XL
280230720032,8.8879E+12,YONEX EASY TEE - GRYWH - 2XL
280230720033,8.8879E+12,YONEX EASY TEE - BLURD - XL
280230720034,8.8879E+12,YONEX EASY TEE - BLURD - S
280230720035,8.8879E+12,YONEX EASY TEE - BLURD - M
280230720036,8.8879E+12,YONEX EASY TEE - BLURD - L
280230720037,9.07098E+11,YONEX EASY TEE - PURBK - 2XL
280230720038,9.07098E+11,YONEX EASY TEE - PURBK - 3XL
280230720039,9.07098E+11,YONEX EASY TEE - REDWH - 2XL
280230720040,9.07098E+11,YONEX EASY TEE - REDWH - 3XL
280230720041,9.07098E+11,YONEX EASY TEE - NVYWH - S
280230720042,9.07098E+11,YONEX EASY TEE - BLKLM - S
280230720043,9.07098E+11,YONEX EASY TEE - REDBK - 2XL
280230720044,9.07098E+11,YONEX EASY TEE - REDBK - 3XL
280230720045,8.8879E+12,YONEX EASY TEE - BLKWH - S
280230720046,8.8879E+12,YONEX EASY TEE - BLKGD - S
280230720047,8.8879E+12,YONEX EASY TEE - BLKGD - M
280230720048,8.8879E+12,YONEX EASY TEE - BLKGD - L
280230720049,8.8879E+12,YONEX EASY TEE - BLKGD - XL
280230720050,8.8879E+12,YONEX EASY TEE - BLKGD - 2XL
280230720051,8.8879E+12,YONEX EASY TEE - BLKGD - 3XL
280230720052,8.8879E+12,YONEX EASY TEE - WHTBK - S
280230720053,8.8879E+12,YONEX EASY TEE - WHTBK - M
280230720054,8.8879E+12,YONEX EASY TEE - WHTBK - L
280230720055,8.8879E+12,YONEX EASY TEE - WHTBK - XL
280230720056,8.8879E+12,YONEX EASY TEE - WHTBK - 2XL
280230720057,8.8879E+12,YONEX EASY TEE - WHTBK - 3XL
280230720058,8.8879E+12,YONEX EASY TEE - BLKLM - M
280230720059,8.8879E+12,YONEX EASY TEE - BLKLM - L
280230720060,8.8879E+12,YONEX EASY TEE - BLKLM - XL
280230720061,8.8879E+12,YONEX EASY TEE - BLKWH - 2XL
280230720062,8.8879E+12,YONEX EASY TEE - BLKWH - M
280230720063,8.8879E+12,YONEX EASY TEE - BLKWH - L
280230720064,8.8879E+12,YONEX EASY TEE - BLKWH - XL
280230720065,8.8879E+12,YONEX EASY TEE - BLKWH - 3XL
280230720066,8.8879E+12,YONEX EASY TEE - BLKLM - 2XL
280230720067,8.8879E+12,YONEX EASY TEE - BLKLM - 3XL
280230720068,8.8879E+12,YONEX EASY TEE - NVYWH - M
280230720069,8.8879E+12,YONEX EASY TEE - NVYWH - L
280230720070,8.8879E+12,YONEX EASY TEE - NVYWH - XL
280230720071,8.8879E+12,YONEX EASY TEE - NVYWH - 2XL
280230720072,8.8879E+12,YONEX EASY TEE - NVYWH - 3XL
280230720073,8.8879E+12,YONEX EASY TEE - GRYSV - S
280230720074,8.8879E+12,YONEX EASY TEE - GRYSV - M
280230720075,8.8879E+12,YONEX EASY TEE - GRYSV - L
280230720076,8.8879E+12,YONEX EASY TEE - GRYSV - XL
280230720077,8.8879E+12,YONEX EASY TEE - GRYSV - 2XL
280230720078,8.8879E+12,YONEX EASY TEE - GRYSV - 3XL
280230720079,8.8879E+12,YONEX EASY TEE - REDWH - S
280230720080,8.8879E+12,YONEX EASY TEE - REDWH - M
280230720081,8.8879E+12,YONEX EASY TEE - REDWH - L
280230720082,8.8879E+12,YONEX EASY TEE - REDWH - XL
280230720083,8.8879E+12,YONEX EASY TEE - WHTSV - S
280230720084,8.8879E+12,YONEX EASY TEE - WHTSV - M
280230720085,8.8879E+12,YONEX EASY TEE - WHTSV - L
280230720086,8.8879E+12,YONEX EASY TEE - WHTSV - XL
280230720087,8.8879E+12,YONEX EASY TEE - WHTSV - 2XL
280230720088,8.8879E+12,YONEX EASY TEE - WHTSV - 3XL
280230720089,8.8879E+12,YONEX EASY TEE - GRYRD - 3XL
280230720090,8.8879E+12,YONEX EASY TEE - REDBK - XL
280230720091,8.8879E+12,YONEX EASY TEE - GRYRD - S
280230720092,8.8879E+12,YONEX EASY TEE - GRYRD - M
280230720093,8.8879E+12,YONEX EASY TEE - GRYRD - L
280230720094,8.8879E+12,YONEX EASY TEE - GRYRD - XL
280230720095,8.8879E+12,YONEX EASY TEE - BLKSV - S
280230720096,8.8879E+12,YONEX EASY TEE - BLKSV - M
280230720097,8.8879E+12,YONEX EASY TEE - BLKSV - L
280230720098,8.8879E+12,YONEX EASY TEE - BLKSV - XL
280230720099,8.8879E+12,YONEX EASY TEE - BLKSV - 2XL
280230720100,8.8879E+12,YONEX EASY TEE - BLKSV - 3XL
280230720101,8.8879E+12,YONEX EASY TEE - BLNSV - 2XL
280230720102,8.8879E+12,YONEX EASY TEE - BLNSV - 3XL
280230720103,8.8879E+12,YONEX EASY TEE - GRYRD - 2XL
280230720104,8.8879E+12,YONEX EASY TEE - BLKWH - S
280230720105,8.8879E+12,YONEX EASY TEE - BLURD - 3XL
280230720106,8.8879E+12,YONEX EASY TEE - BLURD - 2XL
280230720107,8.8879E+12,YONEX EASY TEE - BLKRD - XL
280230720108,8.8879E+12,YONEX EASY TEE - BLKRD - S
280230720109,8.8879E+12,YONEX EASY TEE - BLKRD - M
280230720110,8.8879E+12,YONEX EASY TEE - BLKRD - L
280230720111,8.8879E+12,YONEX EASY TEE - BLKRD - 3XL
280230720112,8.8879E+12,YONEX EASY TEE - BLKRD - 2XL
280230720113,8.8879E+12,YONEX EASY TEE - BLKOR - XL
280230720114,8.8879E+12,YONEX EASY TEE - BLKOR - S
280230720115,8.8879E+12,YONEX EASY TEE - BLKOR - M
280230720116,8.8879E+12,YONEX EASY TEE - BLKOR - L
280230720117,8.8879E+12,YONEX EASY TEE - BLKOR - 3XL
280230720118,8.8879E+12,YONEX EASY TEE - BLKOR - 2XL
280230720119,8.8879E+12,YONEX EASY TEE - BLNSV - S
280230720120,8.8879E+12,YONEX EASY TEE - BLNSV - M
280230720121,8.8879E+12,YONEX EASY TEE - BLNSV - L
280230720122,8.8879E+12,YONEX EASY TEE - BLNSV - XL
280230720123,8.8879E+12,YONEX EASY TEE - REDBK - S
280230720124,8.8879E+12,YONEX EASY TEE - REDBK - M
280230720125,8.8879E+12,YONEX EASY TEE - REDBK - L
280230730000,9070976,YONEX EASY TEE
280230730001,8.8879E+12,YONEX EASY TEE - WHTGD - XL
280230730002,8.8879E+12,YONEX EASY TEE - WHTGD - S
280230730003,8.8879E+12,YONEX EASY TEE - WHTGD - M
280230730004,8.8879E+12,YONEX EASY TEE - WHTGD - L
280230730005,8.8879E+12,YONEX EASY TEE - WHTGD - 3XL
280230730006,8.8879E+12,YONEX EASY TEE - WHTGD - 2XL
280230730007,8.8879E+12,YONEX EASY TEE - PURBK - S
280230730008,8.8879E+12,YONEX EASY TEE - PURBK - M
280230730009,8.8879E+12,YONEX EASY TEE - PURBK - L
280230730010,8.8879E+12,YONEX EASY TEE - OLVYL - XL
280230730011,8.8879E+12,YONEX EASY TEE - OLVYL - S
280230730012,8.8879E+12,YONEX EASY TEE - OLVYL - M
280230730013,8.8879E+12,YONEX EASY TEE - OLVYL - L
280230730014,8.8879E+12,YONEX EASY TEE - OLVYL - 3XL
280230730015,8.8879E+12,YONEX EASY TEE - OLVYL - 2XL
280230730016,8.8879E+12,YONEX EASY TEE - NVYOR - XL
280230730017,8.8879E+12,YONEX EASY TEE - NVYOR - S
280230730018,8.8879E+12,YONEX EASY TEE - NVYOR - M
280230730019,8.8879E+12,YONEX EASY TEE - NVYOR - L
280230730020,8.8879E+12,YONEX EASY TEE - NVYOR - 3XL
280230730021,8.8879E+12,YONEX EASY TEE - NVYOR - 2XL
280230730022,8.8879E+12,YONEX EASY TEE - GRYRD - XL
280230730023,8.8879E+12,YONEX EASY TEE - GRYRD - S
280230730024,8.8879E+12,YONEX EASY TEE - GRYRD - M
280230730025,8.8879E+12,YONEX EASY TEE - GRYRD - L
280230730026,8.8879E+12,YONEX EASY TEE - GRYRD - 3XL
280230730027,8.8879E+12,YONEX EASY TEE - GRYRD - 2XL
280230730028,8.8879E+12,YONEX EASY TEE - BLKGD - XL
280230730029,8.8879E+12,YONEX EASY TEE - BLKGD - S
280230730030,8.8879E+12,YONEX EASY TEE - BLKGD - M
280230730031,8.8879E+12,YONEX EASY TEE - BLKGD - L
280230730032,8.8879E+12,YONEX EASY TEE - BLKGD - 3XL
280230730033,8.8879E+12,YONEX EASY TEE - BLKGD - 2XL
280230730034,8.8879E+12,YONEX EASY TEE - BLKRD - S
280230730035,8.8879E+12,YONEX EASY TEE - BLKRD - M
280230730036,8.8879E+12,YONEX EASY TEE - BLKRD - L
280230730037,8.8879E+12,YONEX EASY TEE - BLKRD - XL
280230730038,8.8879E+12,YONEX EASY TEE - BLKRD - 2XL
280230730039,8.8879E+12,YONEX EASY TEE - BLKRD - 3XL
280230730040,8.8879E+12,YONEX EASY TEE - WHTBK - S
280230730041,8.8879E+12,YONEX EASY TEE - WHTBK - M
280230730042,8.8879E+12,YONEX EASY TEE - WHTBK - L
280230730043,8.8879E+12,YONEX EASY TEE - WHTBK - XL
280230730044,8.8879E+12,YONEX EASY TEE - WHTBK - 2XL
280230730045,8.8879E+12,YONEX EASY TEE - WHTBK - 3XL
280230730046,8.8879E+12,YONEX EASY TEE - GRYWH - S
280230730047,8.8879E+12,YONEX EASY TEE - GRYWH - M
280230730048,8.8879E+12,YONEX EASY TEE - GRYWH - L
280230730049,8.8879E+12,YONEX EASY TEE - GRYWH - XL
280230730050,8.8879E+12,YONEX EASY TEE - GRYWH - 2XL
280230730051,8.8879E+12,YONEX EASY TEE - GRYWH - 3XL
280230730052,8.8879E+12,YONEX EASY TEE - BLKWH - S
280230730053,8.8879E+12,YONEX EASY TEE - BLKWH - M
280230730054,8.8879E+12,YONEX EASY TEE - BLKWH - L
280230730055,8.8879E+12,YONEX EASY TEE - BLKWH - XL
280230730056,8.8879E+12,YONEX EASY TEE - BLKWH - 2XL
280230730057,8.8879E+12,YONEX EASY TEE - BLKWH - 3XL
280230730058,8.8879E+12,YONEX EASY TEE - BLKSV - S
280230730059,8.8879E+12,YONEX EASY TEE - BLKSV - M
280230730060,8.8879E+12,YONEX EASY TEE - BLKSV - L
280230730061,8.8879E+12,YONEX EASY TEE - BLKSV - XL
280230730062,8.8879E+12,YONEX EASY TEE - BLKSV - 2XL
280230730063,8.8879E+12,YONEX EASY TEE - BLKSV - 3XL
280230730064,8.8879E+12,YONEX EASY TEE - WHTSV - S
280230730065,8.8879E+12,YONEX EASY TEE - WHTSV - M
280230730066,8.8879E+12,YONEX EASY TEE - WHTSV - L
280230730067,8.8879E+12,YONEX EASY TEE - WHTSV - XL
280230730068,8.8879E+12,YONEX EASY TEE - WHTSV - 2XL
280230730069,8.8879E+12,YONEX EASY TEE - BLNSV - S
280230730070,8.8879E+12,YONEX EASY TEE - BLNSV - M
280230730071,8.8879E+12,YONEX EASY TEE - BLNSV - L
280230730072,8.8879E+12,YONEX EASY TEE - BLNSV - XL
280230730073,8.8879E+12,YONEX EASY TEE - BLNSV - 2XL
280230730074,8.8879E+12,YONEX EASY TEE - BLNSV - 3XL
280230580000,9011717,ROUND NECK T-SHIRT
280230580001,8.88726E+12,ROUND NECK T-SHIRT - BLACK - S
280230580002,8.88726E+12,ROUND NECK T-SHIRT - BLACK - M
280230580003,8.88726E+12,ROUND NECK T-SHIRT - BLACK - L
280230580004,8.88726E+12,ROUND NECK T-SHIRT - BLACK - XL
280230580005,8.88726E+12,ROUND NECK T-SHIRT - BLKLM - S
280230580006,8.88726E+12,ROUND NECK T-SHIRT - BLKLM - M
280230580007,8.88726E+12,ROUND NECK T-SHIRT - BLKLM - L
280230580008,8.88726E+12,ROUND NECK T-SHIRT - BLKLM - XL
280230580009,8.88726E+12,ROUND NECK T-SHIRT - BLKLM - 2XL
280230580010,8.88726E+12,ROUND NECK T-SHIRT - BLKLM - 3XL
280230580011,8.88726E+12,ROUND NECK T-SHIRT - BLKTM - S
280230580012,8.88726E+12,ROUND NECK T-SHIRT - BLKTM - M
280230580013,8.88726E+12,ROUND NECK T-SHIRT - BLKTM - L
280230580014,8.88726E+12,ROUND NECK T-SHIRT - BLKTM - XL
280230580015,8.88726E+12,ROUND NECK T-SHIRT - BLKTM - 2XL
280230580016,8.88726E+12,ROUND NECK T-SHIRT - BLKTM - 3XL
280230580017,8.88726E+12,ROUND NECK T-SHIRT - BLKSV - S
280230580018,8.88726E+12,ROUND NECK T-SHIRT - BLKSV - M
280230580019,8.88726E+12,ROUND NECK T-SHIRT - BLKSV - L
280230580020,8.88726E+12,ROUND NECK T-SHIRT - BLKSV - XL
280230580021,8.88726E+12,ROUND NECK T-SHIRT - BLKSV - 2XL
280230580022,8.88726E+12,ROUND NECK T-SHIRT - BLKSV - 3XL
280230580023,8.88726E+12,ROUND NECK T-SHIRT - BLKSV - S
280230580024,8.88726E+12,ROUND NECK T-SHIRT - BLKSV - M
280230580025,8.88726E+12,ROUND NECK T-SHIRT - BLKSV - L
280230580026,8.88726E+12,ROUND NECK T-SHIRT - BLKSV - XL
280230580027,8.88726E+12,ROUND NECK T-SHIRT - BLKSV - 2XL
280230580028,8.88726E+12,ROUND NECK T-SHIRT - BLKSV - 3XL
280230580029,8.88726E+12,ROUND NECK T-SHIRT - BLKSV - S
280230580030,8.88726E+12,ROUND NECK T-SHIRT - BLKSV - M
280230580031,8.88726E+12,ROUND NECK T-SHIRT - BLKSV - L
280230580032,8.88726E+12,ROUND NECK T-SHIRT - BLKSV - XL
280230580033,8.88726E+12,ROUND NECK T-SHIRT - BLKSV - 2XL
280230580034,8.88726E+12,ROUND NECK T-SHIRT - BLKSV - 3XL
280230580035,8.88726E+12,ROUND NECK T-SHIRT - BLACK - S
280230580036,8.88726E+12,ROUND NECK T-SHIRT - BLACK - M
280230580037,8.88726E+12,ROUND NECK T-SHIRT - BLACK - L
280230580038,8.88726E+12,ROUND NECK T-SHIRT - BLACK - XL
280230580039,8.88726E+12,ROUND NECK T-SHIRT - BLACK - 2XL
280230580040,8.88726E+12,ROUND NECK T-SHIRT - BLACK - 3XL
280230580041,8.88726E+12,ROUND NECK T-SHIRT - RED - S
280230580042,8.88726E+12,ROUND NECK T-SHIRT - RED - M
280230580043,8.88726E+12,ROUND NECK T-SHIRT - RED - L
280230580044,8.88726E+12,ROUND NECK T-SHIRT - RED - XL
280230580045,8.88726E+12,ROUND NECK T-SHIRT - RED - 2XL
280230580046,8.88726E+12,ROUND NECK T-SHIRT - RED - S
280230580047,8.88726E+12,ROUND NECK T-SHIRT - RED - M
280230580048,8.88726E+12,ROUND NECK T-SHIRT - RED - L
280230580049,8.88726E+12,ROUND NECK T-SHIRT - RED - XL
280230580050,8.88726E+12,ROUND NECK T-SHIRT - RED - 2XL
280230580051,8.88726E+12,ROUND NECK T-SHIRT - GRYRD - S
280230580052,8.88726E+12,ROUND NECK T-SHIRT - GRYRD - M
280230580053,8.88726E+12,ROUND NECK T-SHIRT - GRYRD - L
280230580054,8.88726E+12,ROUND NECK T-SHIRT - GRYRD - XL
280230580055,8.88726E+12,ROUND NECK T-SHIRT - GRYRD - 2XL
280230580056,8.88726E+12,ROUND NECK T-SHIRT - GRYRD - 3XL
280230580057,8.88726E+12,ROUND NECK T-SHIRT - GREY - S
280230580058,9.01172E+11,ROUND NECK T-SHIRT - RED - 3XL
280230580059,9.01172E+11,ROUND NECK T-SHIRT - GREY - 2XL
280230580060,9.01172E+11,ROUND NECK T-SHIRT - GREY - 3XL
280230580061,9.01172E+11,ROUND NECK T-SHIRT - GREY - L
280230580062,9.01172E+11,ROUND NECK T-SHIRT - GREY - M
280230580063,9.01172E+11,ROUND NECK T-SHIRT - GREY - XL
280230580064,9.01172E+11,ROUND NECK T-SHIRT - SILVR - 2XL
280230580065,9.01172E+11,ROUND NECK T-SHIRT - SILVR - 3XL
280230580066,9.01172E+11,ROUND NECK T-SHIRT - SILVR - L
280230580067,9.01172E+11,ROUND NECK T-SHIRT - SILVR - M
280230580068,9.01172E+11,ROUND NECK T-SHIRT - SILVR - S
280230580069,9.01172E+11,ROUND NECK T-SHIRT - SILVR - XL
280230590000,9011718,ROUND NECK T-SHIRT
280230590001,8.88726E+12,ROUND NECK T-SHIRT - GREY - M
280230590002,8.88726E+12,ROUND NECK T-SHIRT - GREY - L
280230590003,8.88726E+12,ROUND NECK T-SHIRT - GREY - XL
280230590004,8.88726E+12,ROUND NECK T-SHIRT - GREY - 2XL
280230590005,8.88726E+12,ROUND NECK T-SHIRT - GREY - 3XL
280230590006,8.88726E+12,ROUND NECK T-SHIRT - GRYSV - S
280230590007,8.88726E+12,ROUND NECK T-SHIRT - GRYSV - M
280230590008,8.88726E+12,ROUND NECK T-SHIRT - GRYSV - L
280230590009,8.88726E+12,ROUND NECK T-SHIRT - GRYSV - XL
280230590010,8.88726E+12,ROUND NECK T-SHIRT - GRYSV - 2XL
280230590011,8.88726E+12,ROUND NECK T-SHIRT - GRYSV - 3XL
280230590012,8.88726E+12,ROUND NECK T-SHIRT - SVRWH - S
280230590013,8.88726E+12,ROUND NECK T-SHIRT - SVRWH - M
280230590014,8.88726E+12,ROUND NECK T-SHIRT - SVRWH - L
280230590015,8.88726E+12,ROUND NECK T-SHIRT - SVRWH - XL
280230590016,8.88726E+12,ROUND NECK T-SHIRT - SVRWH - 2XL
280230590017,8.88726E+12,ROUND NECK T-SHIRT - SVRWH - 3XL
280230590018,8.88726E+12,ROUND NECK T-SHIRT - BLACK - S
280230590019,8.88726E+12,ROUND NECK T-SHIRT - BLACK - M
280230590020,8.88726E+12,ROUND NECK T-SHIRT - BLACK - L
280230590021,8.88726E+12,ROUND NECK T-SHIRT - BLACK - 3XL
280230590022,8.88726E+12,ROUND NECK T-SHIRT - BLUE - S
280230590023,8.88726E+12,ROUND NECK T-SHIRT - BLUE - M
280230590024,8.88726E+12,ROUND NECK T-SHIRT - BLUE - L
280230590025,8.88726E+12,ROUND NECK T-SHIRT - BLUE - XL
280230590026,8.88726E+12,ROUND NECK T-SHIRT - BLUE - 2XL
280230590027,8.88726E+12,ROUND NECK T-SHIRT - BLUE - 3XL
280230590028,8.88726E+12,ROUND NECK T-SHIRT - BLUWH - S
280230590029,8.88726E+12,ROUND NECK T-SHIRT - BLUWH - M
280230590030,8.88726E+12,ROUND NECK T-SHIRT - BLUWH - L
280230590031,8.88726E+12,ROUND NECK T-SHIRT - BLUWH - XL
280230590032,8.88726E+12,ROUND NECK T-SHIRT - BLUWH - 2XL
280230590033,8.88726E+12,ROUND NECK T-SHIRT - RED - S
280230590034,8.88726E+12,ROUND NECK T-SHIRT - RED - M
280230590035,8.88726E+12,ROUND NECK T-SHIRT - RED - L
280230590036,8.88726E+12,ROUND NECK T-SHIRT - RED - XL
280230590037,8.88726E+12,ROUND NECK T-SHIRT - RED - 2XL
280230590038,8.88726E+12,ROUND NECK T-SHIRT - RED - 3XL
280230590039,8.88726E+12,ROUND NECK T-SHIRT - REDWH - S
280230590040,8.88726E+12,ROUND NECK T-SHIRT - REDWH - M
280230590041,8.88726E+12,ROUND NECK T-SHIRT - REDWH - L
280230590042,8.88726E+12,ROUND NECK T-SHIRT - REDWH - XL
280230590043,8.88726E+12,ROUND NECK T-SHIRT - REDWH - 3XL
280230590044,8.88726E+12,ROUND NECK T-SHIRT - GRYRD - S
280230590045,8.88726E+12,ROUND NECK T-SHIRT - GRYRD - M
280230590046,8.88726E+12,ROUND NECK T-SHIRT - GRYRD - L
280230590047,8.88726E+12,ROUND NECK T-SHIRT - GRYRD - XL
280230590048,8.88726E+12,ROUND NECK T-SHIRT - GRYRD - 2XL
280230590049,8.88726E+12,ROUND NECK T-SHIRT - GRYRD - 3XL
280230590050,8.88726E+12,ROUND NECK T-SHIRT - SVRWH - S
280230590051,8.88726E+12,ROUND NECK T-SHIRT - SVRWH - M
280230590052,8.88726E+12,ROUND NECK T-SHIRT - SVRWH - L
280230590053,8.88726E+12,ROUND NECK T-SHIRT - SVRWH - XL
280230590054,8.88726E+12,ROUND NECK T-SHIRT - SVRWH - 2XL
280230590055,8.88726E+12,ROUND NECK T-SHIRT - SVRWH - 3XL
280230590056,8.88726E+12,ROUND NECK T-SHIRT - BLUE - S
280230590057,8.88726E+12,ROUND NECK T-SHIRT - BLUE - M
280230590058,8.88726E+12,ROUND NECK T-SHIRT - BLUE - L
280230590059,8.88726E+12,ROUND NECK T-SHIRT - BLUE - XL
280230590060,8.88726E+12,ROUND NECK T-SHIRT - BLUE - 3XL
280230590061,9.01172E+11,ROUND NECK T-SHIRT - GREY - S
280230590062,9.01172E+11,ROUND NECK T-SHIRT - BLACK - 2XL
280230590063,9.01172E+11,ROUND NECK T-SHIRT - BLACK - XL
280230590064,9.01172E+11,ROUND NECK T-SHIRT - BLUWH - 3XL
280230590065,9.01172E+11,ROUND NECK T-SHIRT - REDWH - 2XL
280230600000,9059879,YONEX MENS ROUND NECK T-SHIRT
280230600001,9.05988E+11,YONEX MENS ROUND NECK T-SHIRT - BLUGD -
280230600002,9.05988E+11,YONEX MENS ROUND NECK T-SHIRT - BLUGD -
280230600003,9.05988E+11,YONEX MENS ROUND NECK T-SHIRT - BLUGD -
280230600004,9.05988E+11,YONEX MENS ROUND NECK T-SHIRT - BLUGD -
280230600005,9.05988E+11,YONEX MENS ROUND NECK T-SHIRT - BLUGD -
280230600006,9.05988E+11,YONEX MENS ROUND NECK T-SHIRT - BLKGD -
280230600007,9.05988E+11,YONEX MENS ROUND NECK T-SHIRT - BLKGD -
280230600008,9.05988E+11,YONEX MENS ROUND NECK T-SHIRT - BLKGD -
280230600009,9.05988E+11,YONEX MENS ROUND NECK T-SHIRT - BLKGD -
280230600010,9.05988E+11,YONEX MENS ROUND NECK T-SHIRT - BLKGD -
280230600011,9.05988E+11,YONEX MENS ROUND NECK T-SHIRT - NVYRD -
280230600012,8.88726E+12,YONEX MENS ROUND NECK T-SHIRT - YELBL -
280230600013,8.88726E+12,YONEX MENS ROUND NECK T-SHIRT - YELBL -
280230600014,8.88726E+12,YONEX MENS ROUND NECK T-SHIRT - YELBL -
280230600015,8.88726E+12,YONEX MENS ROUND NECK T-SHIRT - YELBL -
280230600016,8.88726E+12,YONEX MENS ROUND NECK T-SHIRT - YELBL -
280230600017,8.88726E+12,YONEX MENS ROUND NECK T-SHIRT - YELBL -
280230600018,8.88726E+12,YONEX MENS ROUND NECK T-SHIRT - REDGY -
280230600019,8.88726E+12,YONEX MENS ROUND NECK T-SHIRT - REDGY -
280230600020,8.88726E+12,YONEX MENS ROUND NECK T-SHIRT - REDGY -
280230600021,8.88726E+12,YONEX MENS ROUND NECK T-SHIRT - REDGY -
280230600022,8.88726E+12,YONEX MENS ROUND NECK T-SHIRT - REDGY -
280230600023,8.88726E+12,YONEX MENS ROUND NECK T-SHIRT - REDGY -
280230600024,8.88726E+12,YONEX MENS ROUND NECK T-SHIRT - BLUGD -
280230600025,8.88726E+12,YONEX MENS ROUND NECK T-SHIRT - BLKGD -
280230600026,8.88726E+12,YONEX MENS ROUND NECK T-SHIRT - NVYRD -
280230600027,8.88726E+12,YONEX MENS ROUND NECK T-SHIRT - NVYRD -
280230600028,8.88726E+12,YONEX MENS ROUND NECK T-SHIRT - NVYRD -
280230600029,8.88726E+12,YONEX MENS ROUND NECK T-SHIRT - NVYRD -
280230600030,8.88726E+12,YONEX MENS ROUND NECK T-SHIRT - NVYRD -
280230600031,8.88726E+12,YONEX MENS ROUND NECK T-SHIRT - BLUE - X
280230600032,8.88726E+12,YONEX MENS ROUND NECK T-SHIRT - BLUE - S
280230600033,8.88726E+12,YONEX MENS ROUND NECK T-SHIRT - BLUE - M
280230600034,8.88726E+12,YONEX MENS ROUND NECK T-SHIRT - BLUE - L
280230600035,8.88726E+12,YONEX MENS ROUND NECK T-SHIRT - BLUE - X
280230600036,8.88726E+12,YONEX MENS ROUND NECK T-SHIRT - BLUE - 2
280230620000,9059880,YONEX MENS ROUND NECK T-SHIRT
280230620001,8.88726E+12,YONEX MENS ROUND NECK T-SHIRT - REDBK -
280230620002,8.88726E+12,YONEX MENS ROUND NECK T-SHIRT - REDBK -
280230620003,8.88726E+12,YONEX MENS ROUND NECK T-SHIRT - REDBK -
280230620004,8.88726E+12,YONEX MENS ROUND NECK T-SHIRT - REDBK -
280230620005,8.88726E+12,YONEX MENS ROUND NECK T-SHIRT - REDBK -
280230620006,8.88726E+12,YONEX MENS ROUND NECK T-SHIRT - REDBK -
280230620007,8.88726E+12,YONEX MENS ROUND NECK T-SHIRT - BLKBL -
280230620008,8.88726E+12,YONEX MENS ROUND NECK T-SHIRT - BLKBL -
280230620009,8.88726E+12,YONEX MENS ROUND NECK T-SHIRT - BLKBL -
280230620010,8.88726E+12,YONEX MENS ROUND NECK T-SHIRT - BLKBL -
280230620011,8.88726E+12,YONEX MENS ROUND NECK T-SHIRT - BLKBL -
280230620012,8.88726E+12,YONEX MENS ROUND NECK T-SHIRT - BLKBL -
280230620013,8.88726E+12,YONEX MENS ROUND NECK T-SHIRT - NVYLM -
280230620014,8.88726E+12,YONEX MENS ROUND NECK T-SHIRT - NVYLM -
280230620015,8.88726E+12,YONEX MENS ROUND NECK T-SHIRT - NVYLM -
280230620016,8.88726E+12,YONEX MENS ROUND NECK T-SHIRT - NVYLM -
280230620017,8.88726E+12,YONEX MENS ROUND NECK T-SHIRT - NVYLM -
280230620018,8.88726E+12,YONEX MENS ROUND NECK T-SHIRT - NVYLM -
280230620019,8.88726E+12,YONEX MENS ROUND NECK T-SHIRT - ORGBK -
280230620020,8.88726E+12,YONEX MENS ROUND NECK T-SHIRT - ORGBK -
280230620021,8.88726E+12,YONEX MENS ROUND NECK T-SHIRT - ORGBK -
280230620022,8.88726E+12,YONEX MENS ROUND NECK T-SHIRT - ORGBK -
280230620023,8.88726E+12,YONEX MENS ROUND NECK T-SHIRT - ORGBK -
280230620024,8.88726E+12,YONEX MENS ROUND NECK T-SHIRT - ORGBK -
280230620025,8.88726E+12,YONEX MENS ROUND NECK T-SHIRT - PURWH -
280230620026,8.88726E+12,YONEX MENS ROUND NECK T-SHIRT - PURWH -
280230620027,8.88726E+12,YONEX MENS ROUND NECK T-SHIRT - PURWH -
280230620028,8.88726E+12,YONEX MENS ROUND NECK T-SHIRT - PURWH -
280230620029,8.88726E+12,YONEX MENS ROUND NECK T-SHIRT - PURWH -
280230620030,8.88726E+12,YONEX MENS ROUND NECK T-SHIRT - PURWH -
280230630000,9059881,YONEX MENS ROUND NECK T-SHIRT
280230630001,8.88726E+12,YONEX MENS ROUND NECK T-SHIRT - BLUBK -
280230630002,8.88726E+12,YONEX MENS ROUND NECK T-SHIRT - BLUBK -
280230630003,8.88726E+12,YONEX MENS ROUND NECK T-SHIRT - BLUBK -
280230630004,8.88726E+12,YONEX MENS ROUND NECK T-SHIRT - BLUBK -
280230630005,8.88726E+12,YONEX MENS ROUND NECK T-SHIRT - BLUBK -
280230630006,8.88726E+12,YONEX MENS ROUND NECK T-SHIRT - BLUBK -
280230630007,8.88726E+12,YONEX MENS ROUND NECK T-SHIRT - BLKOR -
280230630008,8.88726E+12,YONEX MENS ROUND NECK T-SHIRT - BLKOR -
280230630009,8.88726E+12,YONEX MENS ROUND NECK T-SHIRT - BLKOR -
280230630010,8.88726E+12,YONEX MENS ROUND NECK T-SHIRT - BLKOR -
280230630011,8.88726E+12,YONEX MENS ROUND NECK T-SHIRT - BLKOR -
280230630012,8.88726E+12,YONEX MENS ROUND NECK T-SHIRT - BLKOR -
280230630013,8.88726E+12,YONEX MENS ROUND NECK T-SHIRT - BLKLM -
280230630014,8.88726E+12,YONEX MENS ROUND NECK T-SHIRT - BLKLM -
280230630015,8.88726E+12,YONEX MENS ROUND NECK T-SHIRT - BLKLM -
280230630016,8.88726E+12,YONEX MENS ROUND NECK T-SHIRT - BLKLM -
280230630017,8.88726E+12,YONEX MENS ROUND NECK T-SHIRT - BLKLM -
280230630018,8.88726E+12,YONEX MENS ROUND NECK T-SHIRT - BLKLM -
280230630019,8.88726E+12,YONEX MENS ROUND NECK T-SHIRT - NVYRD -
280230630020,8.88726E+12,YONEX MENS ROUND NECK T-SHIRT - NVYRD -
280230630021,8.88726E+12,YONEX MENS ROUND NECK T-SHIRT - NVYRD -
280230630022,8.88726E+12,YONEX MENS ROUND NECK T-SHIRT - NVYRD -
280230630023,8.88726E+12,YONEX MENS ROUND NECK T-SHIRT - NVYRD -
280230630024,8.88726E+12,YONEX MENS ROUND NECK T-SHIRT - NVYRD -
280230640000,9068628,YONEX JERSEY
280230640001,8.88726E+12,YONEX JERSEY - MARON - XL
280230640002,8.88726E+12,YONEX JERSEY - MARON - S
280230640003,8.88726E+12,YONEX JERSEY - MARON - M
280230640004,8.88726E+12,YONEX JERSEY - MARON - L
280230640005,8.88726E+12,YONEX JERSEY - BLACK - S
280230640006,8.88726E+12,YONEX JERSEY - BLACK - XL
280230640007,8.88726E+12,YONEX JERSEY - YELOW - M
280230640008,8.88726E+12,YONEX JERSEY - BLACK - M
280230640009,8.88726E+12,YONEX JERSEY - BLACK - L
280230640010,8.88726E+12,YONEX JERSEY - BLKOR - L
280230640011,8.88726E+12,YONEX JERSEY - BLKOR - S
280230640012,8.88726E+12,YONEX JERSEY - BLKOR - M
280230640013,8.88726E+12,YONEX JERSEY - RED - L
280230640014,8.88726E+12,YONEX JERSEY - RED - S
280230640015,8.88726E+12,YONEX JERSEY - RED - M
280230640016,8.88726E+12,YONEX JERSEY - YELOW - L
280230640017,8.88726E+12,YONEX JERSEY - YELOW - S
280230640018,8.68726E+12,YONEX JERSEY - YELOW - XL
280230640019,9.06863E+11,YONEX JERSEY - BLKOR - XL
280230640020,9.06863E+11,YONEX JERSEY - RED - XL
280230640021,9.06863E+11,YONEX JERSEY - YELOW - XL
280230650000,9068629,YONEX JERSEY
280230650001,8.88726E+12,YONEX JERSEY - NVYYL - S
280230650002,8.88726E+12,YONEX JERSEY - NVYYL - M
280230650003,8.88726E+12,YONEX JERSEY - NVYYL - L
280230650004,8.88726E+12,YONEX JERSEY - BLKOR - M
280230650005,8.88726E+12,YONEX JERSEY - BLKOR - L
280230660000,9065134,YONEX MENS ROUND T-SHIRT
280230660001,8.88726E+12,YONEX MENS ROUND T-SHIRT - ORNG - M
280230660002,8.88726E+12,YONEX MENS ROUND T-SHIRT - ORNG - L
280230660003,8.88726E+12,YONEX MENS ROUND T-SHIRT - YELOW - M
280230660004,8.88726E+12,YONEX MENS ROUND T-SHIRT - YELOW - L
280230660005,8.88726E+12,YONEX MENS ROUND T-SHIRT - BLUGR - S
280230660006,8.88726E+12,YONEX MENS ROUND T-SHIRT - BLUGR - XL
280230660007,8.88726E+12,YONEX MENS ROUND T-SHIRT - ORNG - S
280230660008,8.88726E+12,YONEX MENS ROUND T-SHIRT - ORNG - XL
280230660009,8.88726E+12,YONEX MENS ROUND T-SHIRT - BLKRD - M
280230660010,8.88726E+12,YONEX MENS ROUND T-SHIRT - BLKRD - L
280230660011,8.88726E+12,YONEX MENS ROUND T-SHIRT - BLKRD - S
280230660012,8.88726E+12,YONEX MENS ROUND T-SHIRT - BLKRD - XL
280230660013,8.88726E+12,YONEX MENS ROUND T-SHIRT - RED - M
280230660014,8.88726E+12,YONEX MENS ROUND T-SHIRT - RED - L
280230660015,8.88726E+12,YONEX MENS ROUND T-SHIRT - RED - S
280230660016,8.88726E+12,YONEX MENS ROUND T-SHIRT - YELOW - S
280230660017,8.88726E+12,YONEX MENS ROUND T-SHIRT - YELOW - XL
280230660018,8.88726E+12,YONEX MENS ROUND T-SHIRT - BLUGR - M
280230660019,8.88726E+12,YONEX MENS ROUND T-SHIRT - BLUGR - L
280230670000,9065132,YONEX MENS ROUND T-SHIRT
280230670001,8.88726E+12,YONEX MENS ROUND T-SHIRT - BLKRD - M
280230670002,8.88726E+12,YONEX MENS ROUND T-SHIRT - BLKRD - L
280230670003,8.88726E+12,YONEX MENS ROUND T-SHIRT - BLUGR - M
280230670004,8.88726E+12,YONEX MENS ROUND T-SHIRT - BLUGR - L
280230670005,8.88726E+12,YONEX MENS ROUND T-SHIRT - RED - M
280230670006,8.88726E+12,YONEX MENS ROUND T-SHIRT - RED - L
280230670007,8.88726E+12,YONEX MENS ROUND T-SHIRT - YELBL - M
280230670008,8.88726E+12,YONEX MENS ROUND T-SHIRT - YELBL - L
280230670009,8.88726E+12,YONEX MENS ROUND T-SHIRT - BLKRD - S
280230670010,8.88726E+12,YONEX MENS ROUND T-SHIRT - BLUGR - S
280230670011,8.88726E+12,YONEX MENS ROUND T-SHIRT - BLUGR - XL
280230670012,8.88726E+12,YONEX MENS ROUND T-SHIRT - RED - S
280230670013,8.88726E+12,YONEX MENS ROUND T-SHIRT - RED - XL
280230670014,8.88726E+12,YONEX MENS ROUND T-SHIRT - YELBL - S
280230670015,8.88726E+12,YONEX MENS ROUND T-SHIRT - YELBL - XL
280230680000,9065133,YONEX MENS ROUND T-SHIRT
280230680001,8.88726E+12,YONEX MENS ROUND T-SHIRT - BLUE - M
280230680002,8.88726E+12,YONEX MENS ROUND T-SHIRT - BLUE - L
280230680003,8.88726E+12,YONEX MENS ROUND T-SHIRT - LMBLU - M
280230680004,8.88726E+12,YONEX MENS ROUND T-SHIRT - LMBLU - L
280230680005,8.88726E+12,YONEX MENS ROUND T-SHIRT - BLKRD - M
280230680006,8.88726E+12,YONEX MENS ROUND T-SHIRT - BLKRD - L
280230680007,8.88726E+12,YONEX MENS ROUND T-SHIRT - BLUE - XL
280230680008,8.88726E+12,YONEX MENS ROUND T-SHIRT - NVYYL - S
280230680009,8.88726E+12,YONEX MENS ROUND T-SHIRT - NVYYL - XL
280230680010,8.88726E+12,YONEX MENS ROUND T-SHIRT - BLUE - S
280230680011,8.88726E+12,YONEX MENS ROUND T-SHIRT - BLKRD - S
280230680012,8.88726E+12,YONEX MENS ROUND T-SHIRT - BLKRD - XL
280230680013,8.88726E+12,YONEX MENS ROUND T-SHIRT - LMBLU - S
280230680014,8.88726E+12,YONEX MENS ROUND T-SHIRT - LMBLU - XL
280230680015,8.88726E+12,YONEX MENS ROUND T-SHIRT - NVYYL - M
280230680016,8.88726E+12,YONEX MENS ROUND T-SHIRT - NVYYL - L
280230690000,9068627,YONEX JERSEY
280230690001,9.06863E+11,YONEX JERSEY - BLACK - S
280230690002,9.06863E+11,YONEX JERSEY - BLUE - S
280230690003,9.06863E+11,YONEX JERSEY - RED - S
280230690004,8.88726E+12,YONEX JERSEY - RED - M
280230690005,8.88726E+12,YONEX JERSEY - RED - L
280230690006,8.88726E+12,YONEX JERSEY - BLUE - M
280230690007,8.88726E+12,YONEX JERSEY - BLUE - L
280230690008,8.88726E+12,YONEX JERSEY - BLACK - M
280230690009,8.88726E+12,YONEX JERSEY - BLACK - L
280230690010,9.06863E+11,YONEX JERSEY - BLACK - XL
280230690011,9.06863E+11,YONEX JERSEY - BLUE - XL
280230690012,9.06863E+11,YONEX JERSEY - RED - XL
280230690013,8.88726E+12,YONEX JERSEY
280230700000,9068626,YONEX JERSEY
280230700001,9.06863E+11,YONEX JERSEY - BLACK - S
280230700002,9.06863E+11,YONEX JERSEY - YELOW - S
280230700003,9.06863E+11,YONEX JERSEY - BLUE - S
280230700004,9.06863E+11,YONEX JERSEY - NVYBL - L
280230700005,9.06863E+11,YONEX JERSEY - NVYBL - M
280230700006,8.88726E+12,YONEX JERSEY - BLUE - M
280230700007,8.88726E+12,YONEX JERSEY - NVYBL - M
280230700008,8.88726E+12,YONEX JERSEY - BLUE - L
280230700009,8.88726E+12,YONEX JERSEY - BLUE - M
280230700010,8.88726E+12,YONEX JERSEY - RED - S
280230700011,8.88726E+12,YONEX JERSEY - NVYBL - S
280230700012,8.88726E+12,YONEX JERSEY - YELOW - M
280230700013,8.88726E+12,YONEX JERSEY - YELOW - L
280230700014,8.88726E+12,YONEX JERSEY - BLACK - L
280230700015,8.88726E+12,YONEX JERSEY - BLACK - M
280230700016,8.88726E+12,YONEX JERSEY - RED - M
280230700017,8.88726E+12,YONEX JERSEY - RED - L
280230700018,9.06863E+11,YONEX JERSEY - BLACK - XL
280230700019,9.06863E+11,YONEX JERSEY - RED - XL
280230700020,9.06863E+11,YONEX JERSEY - YELOW - XL
280230700021,9.06863E+11,YONEX JERSEY - BLUE - XL
280230700022,9.06863E+11,YONEX JERSEY - NVYBL - XL
280230700023,8.88726E+12,YONEX JERSEY
280230700024,8.88726E+12,YONEX JERSEY
280230700025,8.88726E+12,YONEX JERSEY - NVYBL - L
280230700026,8.88726E+12,YONEX JERSEY - RED - XL
280230700027,8.88726E+12,YONEX JERSEY - BUTTER - S
280230710000,9068625,YONEX JERSEY
280230710001,9.06863E+11,YONEX JERSEY - RED - L
280230710002,9.06863E+11,YONEX JERSEY - RED - M
280230710003,9.06863E+11,YONEX JERSEY - RED - S
280230710004,8.8879E+12,YONEX JERSEY - BLKPK - S
280230710005,8.8879E+12,YONEX JERSEY - RYLBL - S
280230710006,8.8879E+12,YONEX JERSEY - RED - M
280230710007,8.8879E+12,YONEX JERSEY - RED - L
280230710008,8.8879E+12,YONEX JERSEY - BLKPK - M
280230710009,8.8879E+12,YONEX JERSEY - BLKPK - L
280230710010,8.8879E+12,YONEX JERSEY - RYLBL - M
280230710011,8.8879E+12,YONEX JERSEY - RYLBL - L
280230710012,8.8879E+12,YONEX JERSEY - RED - S
280232050000,9075432,YONEX SS TEE-OCM-NRCSUS
280232050001,8.8879E+12,YONEX SS TEE-OCM-NRCSUS - YELOW - M
280232050002,8.8879E+12,YONEX SS TEE-OCM-NRCSUS - YELOW - L
280230740000,9059882,YONEX MENS ROUND NECK T-SHIRT
280230740001,8.88726E+12,YONEX MENS ROUND NECK T-SHIRT - LMBLK -
280230740002,8.88726E+12,YONEX MENS ROUND NECK T-SHIRT - LMBLK -
280230740003,8.88726E+12,YONEX MENS ROUND NECK T-SHIRT - BLKOR -
280230740004,8.88726E+12,YONEX MENS ROUND NECK T-SHIRT - BLKOR -
280230740005,8.88726E+12,YONEX MENS ROUND NECK T-SHIRT - BLKOR -
280230740006,8.88726E+12,YONEX MENS ROUND NECK T-SHIRT - BLKOR -
280230740007,8.88726E+12,YONEX MENS ROUND NECK T-SHIRT - BLKOR -
280230740008,8.88726E+12,YONEX MENS ROUND NECK T-SHIRT - BLKOR -
280230740009,8.88726E+12,YONEX MENS ROUND NECK T-SHIRT - BLKLM -
280230740010,8.88726E+12,YONEX MENS ROUND NECK T-SHIRT - BLKLM -
280230740011,8.88726E+12,YONEX MENS ROUND NECK T-SHIRT - BLKLM -
280230740012,8.88726E+12,YONEX MENS ROUND NECK T-SHIRT - BLKLM -
280230740013,8.88726E+12,YONEX MENS ROUND NECK T-SHIRT - BLKLM -
280230740014,8.88726E+12,YONEX MENS ROUND NECK T-SHIRT - BLKLM -
280230740015,8.88726E+12,YONEX MENS ROUND NECK T-SHIRT - NVYRD -
280230740016,8.88726E+12,YONEX MENS ROUND NECK T-SHIRT - NVYRD -
280230740017,8.88726E+12,YONEX MENS ROUND NECK T-SHIRT - NVYRD -
280230740018,8.88726E+12,YONEX MENS ROUND NECK T-SHIRT - NVYRD -
280230740019,8.88726E+12,YONEX MENS ROUND NECK T-SHIRT - NVYRD -
280230740020,8.88726E+12,YONEX MENS ROUND NECK T-SHIRT - ORGBL -
280230740021,8.88726E+12,YONEX MENS ROUND NECK T-SHIRT - ORGBL -
280230740022,8.88726E+12,YONEX MENS ROUND NECK T-SHIRT - ORGBL -
280230740023,8.88726E+12,YONEX MENS ROUND NECK T-SHIRT - ORGBL -
280230740024,8.88726E+12,YONEX MENS ROUND NECK T-SHIRT - ORGBL -
280230740025,8.88726E+12,YONEX MENS ROUND NECK T-SHIRT - ORGBL -
280230740026,8.88726E+12,YONEX MENS ROUND NECK T-SHIRT - BLURD -
280230740027,8.88726E+12,YONEX MENS ROUND NECK T-SHIRT - BLURD -
280230740028,8.88726E+12,YONEX MENS ROUND NECK T-SHIRT - BLURD -
280230740029,8.88726E+12,YONEX MENS ROUND NECK T-SHIRT - BLURD -
280230740030,8.88726E+12,YONEX MENS ROUND NECK T-SHIRT - BLURD -
280230740031,8.88726E+12,YONEX MENS ROUND NECK T-SHIRT - BLURD -
280230740032,8.88726E+12,YONEX MENS ROUND NECK T-SHIRT - LMBLK -
280230740033,8.88726E+12,YONEX MENS ROUND NECK T-SHIRT - LMBLK -
280230740034,8.88726E+12,YONEX MENS ROUND NECK T-SHIRT - LMBLK -
280230740035,8.88726E+12,YONEX MENS ROUND NECK T-SHIRT - LMBLK -
280230740036,9.05988E+11,YONEX MENS ROUND NECK T-SHIRT - NVYRD -
280201530000,9007116,CONTIGO MADISON 32OZ
280201530001,8.1515E+11,CONTIGO MADISON 32OZ - N/A - S
280229330000,9064566,NBA TEAM TRIBUTE BSKT BOS CELTICS
280229330001,1.94979E+11,NBA TEAM TRIBUTE BSKT BOS CELTICS - GRNB
280229340000,9067656,NBA TEAM TRIBUTE BASKT BRO NETS
280229340001,1.94979E+11,NBA TEAM TRIBUTE BASKT BRO NETS - BLKGY
280229350000,9064553,NBA TEAM TRIBUTE BSKT CHI BULLS
280229350001,1.94979E+11,NBA TEAM TRIBUTE BSKT CHI BULLS - REDBK
280229360000,9069026,NBA TEAM TRIBUTE BSKT MAVERICKS
280229360001,1.94979E+11,NBA TEAM TRIBUTE BSKT MAVERICKS - NVYBL
280229370000,9067610,NBA TEAM TRIBUTE BASKT GS WARRIORS
280229370001,1.94979E+11,NBA TEAM TRIBUTE BASKT GS WARRIORS - YEL
280229380000,9064550,NBA TEAM TRIBUTE BSKT LA LAKERS
280229380001,1.94979E+11,NBA TEAM TRIBUTE BSKT LA LAKERS - PURBK
280229390000,9069025,NBA TEAM TRIBUTE BSKT MEM GRIZZLIES
280229390001,1.94979E+11,NBA TEAM TRIBUTE BSKT MEM GRIZZLIES - GR
280229400000,9069027,NBA TEAM TRIBUTE BSKT MIA HEAT
280229400001,1.94979E+11,NBA TEAM TRIBUTE BSKT MIA HEAT - MRNBK -
280229420000,9067641,NBA TEAM TRIBUTE BASKTPHO SUNS
280229420001,1.94979E+11,NBA TEAM TRIBUTE BASKTPHO SUNS - ORGPU -
280229430000,9064554,WILSON MVP 295 BSKT
280229430001,8.87769E+11,WILSON MVP 295 BSKT - BROWN - N/A
280229530000,9067608,NBA TEAM RETRO BSKT MINI CHI BULLS
280229530001,1.94979E+11,NBA TEAM RETRO BSKT MINI CHI BULLS - RED
280229540000,9067695,NBA TEAM RETRO BSKT MINI GS WARRIORS
280229540001,1.94979E+11,NBA TEAM RETRO BSKT MINI GS WARRIORS - B
280229550000,9067609,NBA TEAM RETRO BSKT MINI LA LAKERS
280229550001,1.94979E+11,NBA TEAM RETRO BSKT MINI LA LAKERS - YEL
280229580000,9069024,NBA AUTHENTIC SERIES OUTDOOR BSKT
280229580001,1.94979E+11,NBA AUTHENTIC SERIES OUTDOOR BSKT - ORGB
280229660000,9067605,MVP BSKT RETRO ORYE SZ7
280229660001,8.87769E+11,MVP BSKT RETRO ORYE SZ7 - BLKOR - 7
280229670000,9064551,NBA DRV PRO BSKT
280229670001,1.94979E+11,NBA DRV PRO BSKT - ORGBK - 7
280229690000,9064559,NBA DRV PRO BSKT
280229690001,1.94979E+11,NBA DRV PRO BSKT - RED - 7
280229700000,9064549,NBA DRV PLUS BSKT
280229700001,1.94979E+11,NBA DRV PLUS BSKT - ORGBK - 7
280229710000,9064568,NBA DRV PLUS BSKT
280229710001,1.94979E+11,NBA DRV PLUS BSKT - TURQU - 7
280229720000,9064560,NBA DRV PLUS BSKT
280229720001,1.94979E+11,NBA DRV PLUS BSKT - REDPK - 7
280229730000,9064561,NBA DRV PLUS BSKT
280229730001,1.94979E+11,NBA DRV PLUS BSKT - GREY - 7
280229750000,9064556,NBA DRV BSKT
280229750001,1.94979E+11,NBA DRV BSKT - ORGBK - 7
280229760000,9064562,NBA DRV BSKT
280229760001,1.94979E+11,NBA DRV BSKT - BLUE - 7
280229780000,9064570,NBA DRV BSKT RED
280229780001,1.94979E+11,NBA DRV BSKT RED - RED - 7
280229790000,9064557,JR NBA DRV BSKT
280229790001,1.94979E+11,JR NBA DRV BSKT - ORNG - 7
280229800000,9064543,"BSKT 6"" PUMP"
280229800001,8.83814E+11,"BSKT 6"" PUMP"
280259870000,9076926,AVP SOFT PLAY YEL OF
280259870001,97512611466,AVP SOFT PLAY YEL OF - YELLOW - 5
280229910000,9065971,NBA PLAYER ICON OUTDOOR BSKT LEBRON Y
280229910001,97512601559,NBA PLAYER ICON OUTDOOR BSKT LEBRON Y -
280229920000,9067604,NBA PLAYER ICON OUTDOOR BSKT DURANT 7
280229920001,97512602259,NBA PLAYER ICON OUTDOOR BSKT DURANT 7 -
280229930000,9065972,NBA PLAYER ICON OUTDOOR BSKT
280229930001,97512601223,NBA PLAYER ICON OUTDOOR BSKT - BLUYL - 7
280229930002,97512602235,NBA PLAYER ICON OUTDOOR BSKT - BLUYL - 7
280229930003,97512602241,NBA PLAYER ICON OUTDOOR BSKT - BLUYL - 7
280229940000,9065973,NBA PLAYER ICON OUTDOOR BSKT GIANNIS
280229940001,97512602242,NBA PLAYER ICON OUTDOOR BSKT GIANNIS - G
280229950000,9067644,NBA PLAYER ICON OUTDOOR BSKT LUKA 7
280229950001,97512602273,NBA PLAYER ICON OUTDOOR BSKT LUKA 7 - BL
280229960000,9064573,NBA PLAYER ICON MINI BSKT LEBRON
280229960001,97512601566,NBA PLAYER ICON MINI BSKT LEBRON - YELOW
280229970000,9064575,NBA PLAYER ICON MINI BSKT CURRY
280229970001,97512602297,NBA PLAYER ICON MINI BSKT CURRY - WHTBL
